movie_i,title_i,movie_j,title_j,factor,z_i_factor,z_j_factor,factor_contribution,absolute_contribution_rank,tentative_factor_label
134,Citizen Kane (1941),479,Vertigo (1958),0,0.9151296547993979,0.8886820839855039,0.15666362419951183,6,"tentative: popularity-related (positively associated with like_count, r=0.35)"
134,Citizen Kane (1941),479,Vertigo (1958),1,-0.30730052953105375,-0.593315200865038,0.035122700409816104,7,"tentative: romance/drama-related (negatively associated with genre_Comedy, r=-0.42)"
134,Citizen Kane (1941),479,Vertigo (1958),2,1.7040607593775747,1.766346255943523,0.5798291343327285,1,"tentative: unclear/mixed (negatively associated with release_year, r=-0.52)"
134,Citizen Kane (1941),479,Vertigo (1958),3,1.6638368157627215,1.564686530327076,0.5015072192211251,2,"tentative: popularity-related (positively associated with log_like_count, r=0.55)"
134,Citizen Kane (1941),479,Vertigo (1958),4,1.6132187846366297,1.6028187693533595,0.49810030227825225,3,"tentative: popularity-related (positively associated with log_like_count, r=0.75)"
134,Citizen Kane (1941),479,Vertigo (1958),5,1.5939194609420473,1.591190455074848,0.4885709645609401,4,"tentative: high-rating-related (positively associated with high_rating_rate, r=0.78)"
134,Citizen Kane (1941),479,Vertigo (1958),6,-0.519964207966339,-0.2974596084771441,0.029794806355443536,8,"tentative: unclear/mixed (positively associated with release_year, r=0.47)"
134,Citizen Kane (1941),479,Vertigo (1958),7,0.8581660713182877,1.0419955396528928,0.1722567763711594,5,"tentative: unclear/mixed (negatively associated with release_year, r=-0.40)"
272,Good Will Hunting (1997),315,Apt Pupil (1998),0,0.949603774999576,0.3861952431740697,0.0706461449511314,5,"tentative: popularity-related (positively associated with like_count, r=0.35)"
272,Good Will Hunting (1997),315,Apt Pupil (1998),1,-0.18733106455651735,-0.5705473092559944,0.020589252424703053,8,"tentative: romance/drama-related (negatively associated with genre_Comedy, r=-0.42)"
272,Good Will Hunting (1997),315,Apt Pupil (1998),2,-1.0909775500488863,-1.4427037476831575,0.30320201923183016,3,"tentative: unclear/mixed (negatively associated with release_year, r=-0.52)"
272,Good Will Hunting (1997),315,Apt Pupil (1998),3,0.5295962853265241,0.47038925846945523,0.04798897142627158,7,"tentative: popularity-related (positively associated with log_like_count, r=0.55)"
272,Good Will Hunting (1997),315,Apt Pupil (1998),4,2.954283999685758,2.527801419155949,1.438580970354753,1,"tentative: popularity-related (positively associated with log_like_count, r=0.75)"
272,Good Will Hunting (1997),315,Apt Pupil (1998),5,1.6260780886945834,1.1541011782006005,0.36151339827824014,2,"tentative: high-rating-related (positively associated with high_rating_rate, r=0.78)"
272,Good Will Hunting (1997),315,Apt Pupil (1998),6,0.8818514957022132,0.32379587774764534,0.055005470864300375,6,"tentative: unclear/mixed (positively associated with release_year, r=0.47)"
272,Good Will Hunting (1997),315,Apt Pupil (1998),7,0.8337358542366586,0.8847927156508066,0.14210492586145762,4,"tentative: unclear/mixed (negatively associated with release_year, r=-0.40)"
479,Vertigo (1958),480,North by Northwest (1959),0,0.8886820839855039,0.8163004945240432,0.13974478177742305,6,"tentative: popularity-related (positively associated with like_count, r=0.35)"
479,Vertigo (1958),480,North by Northwest (1959),1,-0.593315200865038,-0.07887239721630197,0.009014665813493982,8,"tentative: romance/drama-related (negatively associated with genre_Comedy, r=-0.42)"
479,Vertigo (1958),480,North by Northwest (1959),2,1.766346255943523,1.3898200024480982,0.4729045748299135,4,"tentative: unclear/mixed (negatively associated with release_year, r=-0.52)"
479,Vertigo (1958),480,North by Northwest (1959),3,1.564686530327076,1.6387166418688102,0.4939355941455545,2,"tentative: popularity-related (positively associated with log_like_count, r=0.55)"
479,Vertigo (1958),480,North by Northwest (1959),4,1.6028187693533595,1.5824933807079768,0.4886134718927936,3,"tentative: popularity-related (positively associated with log_like_count, r=0.75)"
479,Vertigo (1958),480,North by Northwest (1959),5,1.591190455074848,1.9132931553466688,0.5864659446739473,1,"tentative: high-rating-related (positively associated with high_rating_rate, r=0.78)"
479,Vertigo (1958),480,North by Northwest (1959),6,-0.2974596084771441,-0.3636473916367981,0.020837595068047356,7,"tentative: unclear/mixed (positively associated with release_year, r=0.47)"
479,Vertigo (1958),480,North by Northwest (1959),7,1.0419955396528928,1.0293696175443459,0.20662188583174257,5,"tentative: unclear/mixed (negatively associated with release_year, r=-0.40)"
134,Citizen Kane (1941),480,North by Northwest (1959),0,0.9151296547993979,0.8163004945240432,0.14390364812404208,6,"tentative: popularity-related (positively associated with like_count, r=0.35)"
134,Citizen Kane (1941),480,North by Northwest (1959),1,-0.30730052953105375,-0.07887239721630197,0.0046690386054382095,8,"tentative: romance/drama-related (negatively associated with genre_Comedy, r=-0.42)"
134,Citizen Kane (1941),480,North by Northwest (1959),2,1.7040607593775747,1.3898200024480982,0.4562288544424315,4,"tentative: unclear/mixed (negatively associated with release_year, r=-0.52)"
134,Citizen Kane (1941),480,North by Northwest (1959),3,1.6638368157627215,1.6387166418688102,0.5252350616089316,2,"tentative: popularity-related (positively associated with log_like_count, r=0.55)"
134,Citizen Kane (1941),480,North by Northwest (1959),4,1.6132187846366297,1.5824933807079768,0.49178387872384594,3,"tentative: popularity-related (positively associated with log_like_count, r=0.75)"
134,Citizen Kane (1941),480,North by Northwest (1959),5,1.5939194609420473,1.9132931553466688,0.5874717758733636,1,"tentative: high-rating-related (positively associated with high_rating_rate, r=0.78)"
134,Citizen Kane (1941),480,North by Northwest (1959),6,-0.519964207966339,-0.3636473916367981,0.03642445329283438,7,"tentative: unclear/mixed (positively associated with release_year, r=0.47)"
134,Citizen Kane (1941),480,North by Northwest (1959),7,0.8581660713182877,1.0293696175443459,0.17016953073682958,5,"tentative: unclear/mixed (negatively associated with release_year, r=-0.40)"
134,Citizen Kane (1941),474,Dr. Strangelove or: How I Learned to Stop Worrying and Love the Bomb (1963),0,0.9151296547993979,0.8261128440460163,0.14563344358827665,5,"tentative: popularity-related (positively associated with like_count, r=0.35)"
134,Citizen Kane (1941),474,Dr. Strangelove or: How I Learned to Stop Worrying and Love the Bomb (1963),1,-0.30730052953105375,0.3251483152863348,-0.01924792563869623,8,"tentative: romance/drama-related (negatively associated with genre_Comedy, r=-0.42)"
134,Citizen Kane (1941),474,Dr. Strangelove or: How I Learned to Stop Worrying and Love the Bomb (1963),2,1.7040607593775747,1.9047794702409513,0.6252718727193189,1,"tentative: unclear/mixed (negatively associated with release_year, r=-0.52)"
134,Citizen Kane (1941),474,Dr. Strangelove or: How I Learned to Stop Worrying and Love the Bomb (1963),3,1.6638368157627215,1.8707692539362155,0.5996116590521244,2,"tentative: popularity-related (positively associated with log_like_count, r=0.55)"
134,Citizen Kane (1941),474,Dr. Strangelove or: How I Learned to Stop Worrying and Love the Bomb (1963),4,1.6132187846366297,1.3726208946115608,0.4265628127098213,4,"tentative: popularity-related (positively associated with log_like_count, r=0.75)"
134,Citizen Kane (1941),474,Dr. Strangelove or: How I Learned to Stop Worrying and Love the Bomb (1963),5,1.5939194609420473,1.4578366543546004,0.44762502069987414,3,"tentative: high-rating-related (positively associated with high_rating_rate, r=0.78)"
134,Citizen Kane (1941),474,Dr. Strangelove or: How I Learned to Stop Worrying and Love the Bomb (1963),6,-0.519964207966339,-0.45027100749106214,0.04510103924478703,7,"tentative: unclear/mixed (positively associated with release_year, r=0.47)"
134,Citizen Kane (1941),474,Dr. Strangelove or: How I Learned to Stop Worrying and Love the Bomb (1963),7,0.8581660713182877,0.797704495805832,0.13187197038297055,6,"tentative: unclear/mixed (negatively associated with release_year, r=-0.40)"
474,Dr. Strangelove or: How I Learned to Stop Worrying and Love the Bomb (1963),479,Vertigo (1958),0,0.8261128440460163,0.8886820839855039,0.14142458554070692,6,"tentative: popularity-related (positively associated with like_count, r=0.35)"
474,Dr. Strangelove or: How I Learned to Stop Worrying and Love the Bomb (1963),479,Vertigo (1958),1,0.3251483152863348,-0.593315200865038,-0.037162600676235835,7,"tentative: romance/drama-related (negatively associated with genre_Comedy, r=-0.42)"
474,Dr. Strangelove or: How I Learned to Stop Worrying and Love the Bomb (1963),479,Vertigo (1958),2,1.9047794702409513,1.766346255943523,0.648126321345475,1,"tentative: unclear/mixed (negatively associated with release_year, r=-0.52)"
474,Dr. Strangelove or: How I Learned to Stop Worrying and Love the Bomb (1963),479,Vertigo (1958),3,1.8707692539362155,1.564686530327076,0.563879989586507,2,"tentative: popularity-related (positively associated with log_like_count, r=0.55)"
474,Dr. Strangelove or: How I Learned to Stop Worrying and Love the Bomb (1963),479,Vertigo (1958),4,1.3726208946115608,1.6028187693533595,0.4238128696681799,4,"tentative: popularity-related (positively associated with log_like_count, r=0.75)"
474,Dr. Strangelove or: How I Learned to Stop Worrying and Love the Bomb (1963),479,Vertigo (1958),5,1.4578366543546004,1.591190455074848,0.4468586260747196,3,"tentative: high-rating-related (positively associated with high_rating_rate, r=0.78)"
474,Dr. Strangelove or: How I Learned to Stop Worrying and Love the Bomb (1963),479,Vertigo (1958),6,-0.45027100749106214,-0.2974596084771441,0.025801271068517772,8,"tentative: unclear/mixed (positively associated with release_year, r=0.47)"
474,Dr. Strangelove or: How I Learned to Stop Worrying and Love the Bomb (1963),479,Vertigo (1958),7,0.797704495805832,1.0419955396528928,0.16012052857462516,5,"tentative: unclear/mixed (negatively associated with release_year, r=-0.40)"
474,Dr. Strangelove or: How I Learned to Stop Worrying and Love the Bomb (1963),480,North by Northwest (1959),0,0.8261128440460163,0.8163004945240432,0.12990580230558585,6,"tentative: popularity-related (positively associated with like_count, r=0.35)"
474,Dr. Strangelove or: How I Learned to Stop Worrying and Love the Bomb (1963),480,North by Northwest (1959),1,0.3251483152863348,-0.07887239721630197,-0.004940212888281665,8,"tentative: romance/drama-related (negatively associated with genre_Comedy, r=-0.42)"
474,Dr. Strangelove or: How I Learned to Stop Worrying and Love the Bomb (1963),480,North by Northwest (1959),2,1.9047794702409513,1.3898200024480982,0.509967353506167,3,"tentative: unclear/mixed (negatively associated with release_year, r=-0.52)"
474,Dr. Strangelove or: How I Learned to Stop Worrying and Love the Bomb (1963),480,North by Northwest (1959),3,1.8707692539362155,1.6387166418688102,0.5905588787544958,1,"tentative: popularity-related (positively associated with log_like_count, r=0.55)"
474,Dr. Strangelove or: How I Learned to Stop Worrying and Love the Bomb (1963),480,North by Northwest (1959),4,1.3726208946115608,1.5824933807079768,0.41843848707819065,4,"tentative: popularity-related (positively associated with log_like_count, r=0.75)"
474,Dr. Strangelove or: How I Learned to Stop Worrying and Love the Bomb (1963),480,North by Northwest (1959),5,1.4578366543546004,1.9132931553466688,0.5373156607052174,2,"tentative: high-rating-related (positively associated with high_rating_rate, r=0.78)"
474,Dr. Strangelove or: How I Learned to Stop Worrying and Love the Bomb (1963),480,North by Northwest (1959),6,-0.45027100749106214,-0.3636473916367981,0.031542315855974105,7,"tentative: unclear/mixed (positively associated with release_year, r=0.47)"
474,Dr. Strangelove or: How I Learned to Stop Worrying and Love the Bomb (1963),480,North by Northwest (1959),7,0.797704495805832,1.0293696175443459,0.15818033857876776,5,"tentative: unclear/mixed (negatively associated with release_year, r=-0.40)"
23,Taxi Driver (1976),134,Citizen Kane (1941),0,1.7148550999224508,0.9151296547993979,0.30230767534551695,5,"tentative: popularity-related (positively associated with like_count, r=0.35)"
23,Taxi Driver (1976),134,Citizen Kane (1941),1,0.20899331459612153,-0.30730052953105375,-0.012371854901933911,8,"tentative: romance/drama-related (negatively associated with genre_Comedy, r=-0.42)"
23,Taxi Driver (1976),134,Citizen Kane (1941),2,1.8059727097602039,1.7040607593775747,0.592837100543141,1,"tentative: unclear/mixed (negatively associated with release_year, r=-0.52)"
23,Taxi Driver (1976),134,Citizen Kane (1941),3,1.2925175861539115,1.6638368157627215,0.4142726915984574,4,"tentative: popularity-related (positively associated with log_like_count, r=0.55)"
23,Taxi Driver (1976),134,Citizen Kane (1941),4,1.4363815911785658,1.6132187846366297,0.44637741860335606,2,"tentative: popularity-related (positively associated with log_like_count, r=0.75)"
23,Taxi Driver (1976),134,Citizen Kane (1941),5,1.4348344289156443,1.5939194609420473,0.4405622461376484,3,"tentative: high-rating-related (positively associated with high_rating_rate, r=0.78)"
23,Taxi Driver (1976),134,Citizen Kane (1941),6,-0.3879720052642846,-0.519964207966339,0.03886090897302678,7,"tentative: unclear/mixed (positively associated with release_year, r=0.47)"
23,Taxi Driver (1976),134,Citizen Kane (1941),7,0.6921572780056511,0.8581660713182877,0.11442350462537208,6,"tentative: unclear/mixed (negatively associated with release_year, r=-0.40)"
23,Taxi Driver (1976),474,Dr. Strangelove or: How I Learned to Stop Worrying and Love the Bomb (1963),0,1.7148550999224508,0.8261128440460163,0.2729014977788796,5,"tentative: popularity-related (positively associated with like_count, r=0.35)"
23,Taxi Driver (1976),474,Dr. Strangelove or: How I Learned to Stop Worrying and Love the Bomb (1963),1,0.20899331459612153,0.3251483152863348,0.013090403015150966,8,"tentative: romance/drama-related (negatively associated with genre_Comedy, r=-0.42)"
23,Taxi Driver (1976),474,Dr. Strangelove or: How I Learned to Stop Worrying and Love the Bomb (1963),2,1.8059727097602039,1.9047794702409513,0.6626664760030071,1,"tentative: unclear/mixed (negatively associated with release_year, r=-0.52)"
23,Taxi Driver (1976),474,Dr. Strangelove or: How I Learned to Stop Worrying and Love the Bomb (1963),3,1.2925175861539115,1.8707692539362155,0.4657960485340754,2,"tentative: popularity-related (positively associated with log_like_count, r=0.55)"
23,Taxi Driver (1976),474,Dr. Strangelove or: How I Learned to Stop Worrying and Love the Bomb (1963),4,1.4363815911785658,1.3726208946115608,0.37980401511116,4,"tentative: popularity-related (positively associated with log_like_count, r=0.75)"
23,Taxi Driver (1976),474,Dr. Strangelove or: How I Learned to Stop Worrying and Love the Bomb (1963),5,1.4348344289156443,1.4578366543546004,0.4029487101968506,3,"tentative: high-rating-related (positively associated with high_rating_rate, r=0.78)"
23,Taxi Driver (1976),474,Dr. Strangelove or: How I Learned to Stop Worrying and Love the Bomb (1963),6,-0.3879720052642846,-0.45027100749106214,0.03365220214626002,7,"tentative: unclear/mixed (positively associated with release_year, r=0.47)"
23,Taxi Driver (1976),474,Dr. Strangelove or: How I Learned to Stop Worrying and Love the Bomb (1963),7,0.6921572780056511,0.797704495805832,0.10636186528011203,6,"tentative: unclear/mixed (negatively associated with release_year, r=-0.40)"
23,Taxi Driver (1976),479,Vertigo (1958),0,1.7148550999224508,0.8886820839855039,0.29357087656585457,5,"tentative: popularity-related (positively associated with like_count, r=0.35)"
23,Taxi Driver (1976),479,Vertigo (1958),1,0.20899331459612153,-0.593315200865038,-0.023886745614840374,7,"tentative: romance/drama-related (negatively associated with genre_Comedy, r=-0.42)"
23,Taxi Driver (1976),479,Vertigo (1958),2,1.8059727097602039,1.766346255943523,0.6145060187356671,1,"tentative: unclear/mixed (negatively associated with release_year, r=-0.52)"
23,Taxi Driver (1976),479,Vertigo (1958),3,1.2925175861539115,1.564686530327076,0.38958562179026185,4,"tentative: popularity-related (positively associated with log_like_count, r=0.55)"
23,Taxi Driver (1976),479,Vertigo (1958),4,1.4363815911785658,1.6028187693533595,0.4434997357869938,2,"tentative: popularity-related (positively associated with log_like_count, r=0.75)"
23,Taxi Driver (1976),479,Vertigo (1958),5,1.4348344289156443,1.591190455074848,0.43980794393854883,3,"tentative: high-rating-related (positively associated with high_rating_rate, r=0.78)"
23,Taxi Driver (1976),479,Vertigo (1958),6,-0.3879720052642846,-0.2974596084771441,0.022231435531675694,8,"tentative: unclear/mixed (positively associated with release_year, r=0.47)"
23,Taxi Driver (1976),479,Vertigo (1958),7,0.6921572780056511,1.0419955396528928,0.13893439211356184,6,"tentative: unclear/mixed (negatively associated with release_year, r=-0.40)"
480,North by Northwest (1959),511,Lawrence of Arabia (1962),0,0.8163004945240432,0.21997769721066188,0.03459137507840816,6,"tentative: popularity-related (positively associated with like_count, r=0.35)"
480,North by Northwest (1959),511,Lawrence of Arabia (1962),1,-0.07887239721630197,-0.1728213084051428,0.0026257987970841217,8,"tentative: romance/drama-related (negatively associated with genre_Comedy, r=-0.42)"
480,North by Northwest (1959),511,Lawrence of Arabia (1962),2,1.3898200024480982,1.3056041182331148,0.349549901867574,3,"tentative: unclear/mixed (negatively associated with release_year, r=-0.52)"
480,North by Northwest (1959),511,Lawrence of Arabia (1962),3,1.6387166418688102,2.2353192753546907,0.7056389461897724,1,"tentative: popularity-related (positively associated with log_like_count, r=0.55)"
480,North by Northwest (1959),511,Lawrence of Arabia (1962),4,1.5824933807079768,1.1150454493080777,0.3399175494584982,4,"tentative: popularity-related (positively associated with log_like_count, r=0.75)"
480,North by Northwest (1959),511,Lawrence of Arabia (1962),5,1.9132931553466688,1.7450154717212483,0.6431613160006772,2,"tentative: high-rating-related (positively associated with high_rating_rate, r=0.78)"
480,North by Northwest (1959),511,Lawrence of Arabia (1962),6,-0.3636473916367981,-0.2894841946733987,0.02027890259819113,7,"tentative: unclear/mixed (positively associated with release_year, r=0.47)"
480,North by Northwest (1959),511,Lawrence of Arabia (1962),7,1.0293696175443459,1.0182001818017001,0.20190339949840144,5,"tentative: unclear/mixed (negatively associated with release_year, r=-0.40)"
23,Taxi Driver (1976),480,North by Northwest (1959),0,1.7148550999224508,0.8163004945240432,0.269660046080633,5,"tentative: popularity-related (positively associated with like_count, r=0.35)"
23,Taxi Driver (1976),480,North by Northwest (1959),1,0.20899331459612153,-0.07887239721630197,-0.003175386178529759,8,"tentative: romance/drama-related (negatively associated with genre_Comedy, r=-0.42)"
23,Taxi Driver (1976),480,North by Northwest (1959),2,1.8059727097602039,1.3898200024480982,0.4835137808285327,2,"tentative: unclear/mixed (negatively associated with release_year, r=-0.52)"
23,Taxi Driver (1976),480,North by Northwest (1959),3,1.2925175861539115,1.6387166418688102,0.4080181106480525,4,"tentative: popularity-related (positively associated with log_like_count, r=0.55)"
23,Taxi Driver (1976),480,North by Northwest (1959),4,1.4363815911785658,1.5824933807079768,0.43787570350938837,3,"tentative: popularity-related (positively associated with log_like_count, r=0.75)"
23,Taxi Driver (1976),480,North by Northwest (1959),5,1.4348344289156443,1.9132931553466688,0.5288377177734732,1,"tentative: high-rating-related (positively associated with high_rating_rate, r=0.78)"
23,Taxi Driver (1976),480,North by Northwest (1959),6,-0.3879720052642846,-0.3636473916367981,0.027178155665651262,7,"tentative: unclear/mixed (positively associated with release_year, r=0.47)"
23,Taxi Driver (1976),480,North by Northwest (1959),7,0.6921572780056511,1.0293696175443459,0.13725091579694682,6,"tentative: unclear/mixed (negatively associated with release_year, r=-0.40)"
479,Vertigo (1958),511,Lawrence of Arabia (1962),0,0.8886820839855039,0.21997769721066188,0.03765860182472125,6,"tentative: popularity-related (positively associated with like_count, r=0.35)"
479,Vertigo (1958),511,Lawrence of Arabia (1962),1,-0.593315200865038,-0.1728213084051428,0.019752491311385376,7,"tentative: romance/drama-related (negatively associated with genre_Comedy, r=-0.42)"
479,Vertigo (1958),511,Lawrence of Arabia (1962),2,1.766346255943523,1.3056041182331148,0.4442490101895569,3,"tentative: unclear/mixed (negatively associated with release_year, r=-0.52)"
479,Vertigo (1958),511,Lawrence of Arabia (1962),3,1.564686530327076,2.2353192753546907,0.6737612386228028,1,"tentative: popularity-related (positively associated with log_like_count, r=0.55)"
479,Vertigo (1958),511,Lawrence of Arabia (1962),4,1.6028187693533595,1.1150454493080777,0.3442834168828783,4,"tentative: popularity-related (positively associated with log_like_count, r=0.75)"
479,Vertigo (1958),511,Lawrence of Arabia (1962),5,1.591190455074848,1.7450154717212483,0.5348851764999011,2,"tentative: high-rating-related (positively associated with high_rating_rate, r=0.78)"
479,Vertigo (1958),511,Lawrence of Arabia (1962),6,-0.2974596084771441,-0.2894841946733987,0.01658792161289263,8,"tentative: unclear/mixed (positively associated with release_year, r=0.47)"
479,Vertigo (1958),511,Lawrence of Arabia (1962),7,1.0419955396528928,1.0182001818017001,0.20437988272859337,5,"tentative: unclear/mixed (negatively associated with release_year, r=-0.40)"
474,Dr. Strangelove or: How I Learned to Stop Worrying and Love the Bomb (1963),511,Lawrence of Arabia (1962),0,0.8261128440460163,0.21997769721066188,0.03500718110203788,6,"tentative: popularity-related (positively associated with like_count, r=0.35)"
474,Dr. Strangelove or: How I Learned to Stop Worrying and Love the Bomb (1963),511,Lawrence of Arabia (1962),1,0.3251483152863348,-0.1728213084051428,-0.010824750930434784,8,"tentative: romance/drama-related (negatively associated with genre_Comedy, r=-0.42)"
474,Dr. Strangelove or: How I Learned to Stop Worrying and Love the Bomb (1963),511,Lawrence of Arabia (1962),2,1.9047794702409513,1.3056041182331148,0.47906597669431555,3,"tentative: unclear/mixed (negatively associated with release_year, r=-0.52)"
474,Dr. Strangelove or: How I Learned to Stop Worrying and Love the Bomb (1963),511,Lawrence of Arabia (1962),3,1.8707692539362155,2.2353192753546907,0.8055618715181508,1,"tentative: popularity-related (positively associated with log_like_count, r=0.55)"
474,Dr. Strangelove or: How I Learned to Stop Worrying and Love the Bomb (1963),511,Lawrence of Arabia (1962),4,1.3726208946115608,1.1150454493080777,0.29483720849635114,4,"tentative: popularity-related (positively associated with log_like_count, r=0.75)"
474,Dr. Strangelove or: How I Learned to Stop Worrying and Love the Bomb (1963),511,Lawrence of Arabia (1962),5,1.4578366543546004,1.7450154717212483,0.49005775121734624,2,"tentative: high-rating-related (positively associated with high_rating_rate, r=0.78)"
474,Dr. Strangelove or: How I Learned to Stop Worrying and Love the Bomb (1963),511,Lawrence of Arabia (1962),6,-0.45027100749106214,-0.2894841946733987,0.025109493739530114,7,"tentative: unclear/mixed (positively associated with release_year, r=0.47)"
474,Dr. Strangelove or: How I Learned to Stop Worrying and Love the Bomb (1963),511,Lawrence of Arabia (1962),7,0.797704495805832,1.0182001818017001,0.15646396275283234,5,"tentative: unclear/mixed (negatively associated with release_year, r=-0.40)"
134,Citizen Kane (1941),511,Lawrence of Arabia (1962),0,0.9151296547993979,0.21997769721066188,0.03877933842609939,6,"tentative: popularity-related (positively associated with like_count, r=0.35)"
134,Citizen Kane (1941),511,Lawrence of Arabia (1962),1,-0.30730052953105375,-0.1728213084051428,0.010230567210643575,8,"tentative: romance/drama-related (negatively associated with genre_Comedy, r=-0.42)"
134,Citizen Kane (1941),511,Lawrence of Arabia (1962),2,1.7040607593775747,1.3056041182331148,0.4285837519733489,3,"tentative: unclear/mixed (negatively associated with release_year, r=-0.52)"
134,Citizen Kane (1941),511,Lawrence of Arabia (1962),3,1.6638368157627215,2.2353192753546907,0.7164558089601345,1,"tentative: popularity-related (positively associated with log_like_count, r=0.55)"
134,Citizen Kane (1941),511,Lawrence of Arabia (1962),4,1.6132187846366297,1.1150454493080777,0.34651732683316105,4,"tentative: popularity-related (positively associated with log_like_count, r=0.75)"
134,Citizen Kane (1941),511,Lawrence of Arabia (1962),5,1.5939194609420473,1.7450154717212483,0.5358025429787476,2,"tentative: high-rating-related (positively associated with high_rating_rate, r=0.78)"
134,Citizen Kane (1941),511,Lawrence of Arabia (1962),6,-0.519964207966339,-0.2894841946733987,0.02899595534133893,7,"tentative: unclear/mixed (positively associated with release_year, r=0.47)"
134,Citizen Kane (1941),511,Lawrence of Arabia (1962),7,0.8581660713182877,1.0182001818017001,0.16832306314489165,5,"tentative: unclear/mixed (negatively associated with release_year, r=-0.40)"
498,"African Queen, The (1951)",511,Lawrence of Arabia (1962),0,0.07083601547591069,0.21997769721066188,0.0030017318338338714,8,"tentative: popularity-related (positively associated with like_count, r=0.35)"
498,"African Queen, The (1951)",511,Lawrence of Arabia (1962),1,-0.1973734955130997,-0.1728213084051428,0.006570905733640702,7,"tentative: romance/drama-related (negatively associated with genre_Comedy, r=-0.42)"
498,"African Queen, The (1951)",511,Lawrence of Arabia (1962),2,1.512158316690486,1.3056041182331148,0.3803188832196524,3,"tentative: unclear/mixed (negatively associated with release_year, r=-0.52)"
498,"African Queen, The (1951)",511,Lawrence of Arabia (1962),3,1.806270369197566,2.2353192753546907,0.7777883541847984,1,"tentative: popularity-related (positively associated with log_like_count, r=0.55)"
498,"African Queen, The (1951)",511,Lawrence of Arabia (1962),4,0.7956597734203903,1.1150454493080777,0.17090669931444835,5,"tentative: popularity-related (positively associated with log_like_count, r=0.75)"
498,"African Queen, The (1951)",511,Lawrence of Arabia (1962),5,2.0446895174472712,1.7450154717212483,0.6873307402889341,2,"tentative: high-rating-related (positively associated with high_rating_rate, r=0.78)"
498,"African Queen, The (1951)",511,Lawrence of Arabia (1962),6,-0.5604524480591893,-0.2894841946733987,0.03125379383020987,6,"tentative: unclear/mixed (positively associated with release_year, r=0.47)"
498,"African Queen, The (1951)",511,Lawrence of Arabia (1962),7,1.02925895443551,1.0182001818017001,0.20188169373062648,4,"tentative: unclear/mixed (negatively associated with release_year, r=-0.40)"
480,North by Northwest (1959),498,"African Queen, The (1951)",0,0.8163004945240432,0.07083601547591069,0.011138925497709002,7,"tentative: popularity-related (positively associated with like_count, r=0.35)"
480,North by Northwest (1959),498,"African Queen, The (1951)",1,-0.07887239721630197,-0.1973734955130997,0.002998837885659493,8,"tentative: romance/drama-related (negatively associated with genre_Comedy, r=-0.42)"
480,North by Northwest (1959),498,"African Queen, The (1951)",2,1.3898200024480982,1.512158316690486,0.40485073831010887,3,"tentative: unclear/mixed (negatively associated with release_year, r=-0.52)"
480,North by Northwest (1959),498,"African Queen, The (1951)",3,1.6387166418688102,1.806270369197566,0.5701980624902623,2,"tentative: popularity-related (positively associated with log_like_count, r=0.55)"
480,North by Northwest (1959),498,"African Queen, The (1951)",4,1.5824933807079768,0.7956597734203903,0.24255398786802054,4,"tentative: popularity-related (positively associated with log_like_count, r=0.75)"
480,North by Northwest (1959),498,"African Queen, The (1951)",5,1.9132931553466688,2.0446895174472712,0.7536123445123513,1,"tentative: high-rating-related (positively associated with high_rating_rate, r=0.78)"
480,North by Northwest (1959),498,"African Queen, The (1951)",6,-0.3636473916367981,-0.5604524480591893,0.039260729304868194,6,"tentative: unclear/mixed (positively associated with release_year, r=0.47)"
480,North by Northwest (1959),498,"African Queen, The (1951)",7,1.0293696175443459,1.02925895443551,0.2040962922408631,5,"tentative: unclear/mixed (negatively associated with release_year, r=-0.40)"
208,Young Frankenstein (1974),479,Vertigo (1958),0,0.7721047369593175,0.8886820839855039,0.13217878550791012,6,"tentative: popularity-related (positively associated with like_count, r=0.35)"
208,Young Frankenstein (1974),479,Vertigo (1958),1,-1.2497535888609388,-0.593315200865038,0.14283971770123335,5,"tentative: romance/drama-related (negatively associated with genre_Comedy, r=-0.42)"
208,Young Frankenstein (1974),479,Vertigo (1958),2,1.8607289175851354,1.766346255943523,0.633137540180988,2,"tentative: unclear/mixed (negatively associated with release_year, r=-0.52)"
208,Young Frankenstein (1974),479,Vertigo (1958),3,2.133655736993551,1.564686530327076,0.6431182104504136,1,"tentative: popularity-related (positively associated with log_like_count, r=0.55)"
208,Young Frankenstein (1974),479,Vertigo (1958),4,1.3819876458077245,1.6028187693533595,0.4267049644333825,3,"tentative: popularity-related (positively associated with log_like_count, r=0.75)"
208,Young Frankenstein (1974),479,Vertigo (1958),5,0.6066562356836388,1.591190455074848,0.18595332417215585,4,"tentative: high-rating-related (positively associated with high_rating_rate, r=0.78)"
208,Young Frankenstein (1974),479,Vertigo (1958),6,-0.8053249608594456,-0.2974596084771441,0.04614644795621329,7,"tentative: unclear/mixed (positively associated with release_year, r=0.47)"
208,Young Frankenstein (1974),479,Vertigo (1958),7,0.07782430326625606,1.0419955396528928,0.015621409482413176,8,"tentative: unclear/mixed (negatively associated with release_year, r=-0.40)"
479,Vertigo (1958),527,Gandhi (1982),0,0.8886820839855039,0.27734247787435135,0.047479040265385346,7,"tentative: popularity-related (positively associated with like_count, r=0.35)"
479,Vertigo (1958),527,Gandhi (1982),1,-0.593315200865038,-0.7676176150508457,0.08773432172040536,6,"tentative: romance/drama-related (negatively associated with genre_Comedy, r=-0.42)"
479,Vertigo (1958),527,Gandhi (1982),2,1.766346255943523,1.043310884282784,0.35500028009245477,4,"tentative: unclear/mixed (negatively associated with release_year, r=-0.52)"
479,Vertigo (1958),527,Gandhi (1982),3,1.564686530327076,1.7650616490519375,0.5320180146176829,2,"tentative: popularity-related (positively associated with log_like_count, r=0.55)"
479,Vertigo (1958),527,Gandhi (1982),4,1.6028187693533595,1.8397987821552066,0.5680595454565605,1,"tentative: popularity-related (positively associated with log_like_count, r=0.75)"
479,Vertigo (1958),527,Gandhi (1982),5,1.591190455074848,1.3122945002587707,0.4022467919429938,3,"tentative: high-rating-related (positively associated with high_rating_rate, r=0.78)"
479,Vertigo (1958),527,Gandhi (1982),6,-0.2974596084771441,-0.26543229274354824,0.015209707979144968,8,"tentative: unclear/mixed (positively associated with release_year, r=0.47)"
479,Vertigo (1958),527,Gandhi (1982),7,1.0419955396528928,1.0830742122825732,0.21740182770443336,5,"tentative: unclear/mixed (negatively associated with release_year, r=-0.40)"
134,Citizen Kane (1941),654,Chinatown (1974),0,0.9151296547993979,0.9406206023596381,0.16581974051002984,5,"tentative: popularity-related (positively associated with like_count, r=0.35)"
134,Citizen Kane (1941),654,Chinatown (1974),1,-0.30730052953105375,-0.015541183643185984,0.0009199972229225261,8,"tentative: romance/drama-related (negatively associated with genre_Comedy, r=-0.42)"
134,Citizen Kane (1941),654,Chinatown (1974),2,1.7040607593775747,1.9910491557307353,0.6535911656599764,2,"tentative: unclear/mixed (negatively associated with release_year, r=-0.52)"
134,Citizen Kane (1941),654,Chinatown (1974),3,1.6638368157627215,0.7502788646701243,0.24047645312217442,4,"tentative: popularity-related (positively associated with log_like_count, r=0.55)"
134,Citizen Kane (1941),654,Chinatown (1974),4,1.6132187846366297,0.822785053814602,0.25569296532534536,3,"tentative: popularity-related (positively associated with log_like_count, r=0.75)"
134,Citizen Kane (1941),654,Chinatown (1974),5,1.5939194609420473,2.2452171798210383,0.689388199693769,1,"tentative: high-rating-related (positively associated with high_rating_rate, r=0.78)"
134,Citizen Kane (1941),654,Chinatown (1974),6,-0.519964207966339,-0.8879466024229857,0.08894046895513104,7,"tentative: unclear/mixed (positively associated with release_year, r=0.47)"
134,Citizen Kane (1941),654,Chinatown (1974),7,0.8581660713182877,0.7490366251453047,0.12382647479896484,6,"tentative: unclear/mixed (negatively associated with release_year, r=-0.40)"
134,Citizen Kane (1941),208,Young Frankenstein (1974),0,0.9151296547993979,0.7721047369593175,0.13611248446821456,5,"tentative: popularity-related (positively associated with like_count, r=0.35)"
134,Citizen Kane (1941),208,Young Frankenstein (1974),1,-0.30730052953105375,-1.2497535888609388,0.07398212758354732,7,"tentative: romance/drama-related (negatively associated with genre_Comedy, r=-0.42)"
134,Citizen Kane (1941),208,Young Frankenstein (1974),2,1.7040607593775747,1.8607289175851354,0.6108116310043351,2,"tentative: unclear/mixed (negatively associated with release_year, r=-0.52)"
134,Citizen Kane (1941),208,Young Frankenstein (1974),3,1.6638368157627215,2.133655736993551,0.6838710084704047,1,"tentative: popularity-related (positively associated with log_like_count, r=0.55)"
134,Citizen Kane (1941),208,Young Frankenstein (1974),4,1.6132187846366297,1.3819876458077245,0.4294736730587157,3,"tentative: popularity-related (positively associated with log_like_count, r=0.75)"
134,Citizen Kane (1941),208,Young Frankenstein (1974),5,1.5939194609420473,0.6066562356836388,0.18627224747330598,4,"tentative: high-rating-related (positively associated with high_rating_rate, r=0.78)"
134,Citizen Kane (1941),208,Young Frankenstein (1974),6,-0.519964207966339,-0.8053249608594456,0.08066473759194769,6,"tentative: unclear/mixed (positively associated with release_year, r=0.47)"
134,Citizen Kane (1941),208,Young Frankenstein (1974),7,0.8581660713182877,0.07782430326625606,0.012865471198122843,8,"tentative: unclear/mixed (negatively associated with release_year, r=-0.40)"
479,Vertigo (1958),654,Chinatown (1974),0,0.8886820839855039,0.9406206023596381,0.1610274913391275,5,"tentative: popularity-related (positively associated with like_count, r=0.35)"
479,Vertigo (1958),654,Chinatown (1974),1,-0.593315200865038,-0.015541183643185984,0.0017762687813995318,8,"tentative: romance/drama-related (negatively associated with genre_Comedy, r=-0.42)"
479,Vertigo (1958),654,Chinatown (1974),2,1.766346255943523,1.9910491557307353,0.6774807189404112,2,"tentative: unclear/mixed (negatively associated with release_year, r=-0.52)"
479,Vertigo (1958),654,Chinatown (1974),3,1.564686530327076,0.7502788646701243,0.22614613614533488,4,"tentative: popularity-related (positively associated with log_like_count, r=0.55)"
479,Vertigo (1958),654,Chinatown (1974),4,1.6028187693533595,0.822785053814602,0.25404457716340906,3,"tentative: popularity-related (positively associated with log_like_count, r=0.75)"
479,Vertigo (1958),654,Chinatown (1974),5,1.591190455074848,2.2452171798210383,0.6882078737815486,1,"tentative: high-rating-related (positively associated with high_rating_rate, r=0.78)"
479,Vertigo (1958),654,Chinatown (1974),6,-0.2974596084771441,-0.8879466024229857,0.05088080423197046,7,"tentative: unclear/mixed (positively associated with release_year, r=0.47)"
479,Vertigo (1958),654,Chinatown (1974),7,1.0419955396528928,0.7490366251453047,0.15035159131059103,6,"tentative: unclear/mixed (negatively associated with release_year, r=-0.40)"
480,North by Northwest (1959),654,Chinatown (1974),0,0.8163004945240432,0.9406206023596381,0.14791208597633887,6,"tentative: popularity-related (positively associated with like_count, r=0.35)"
480,North by Northwest (1959),654,Chinatown (1974),1,-0.07887239721630197,-0.015541183643185984,0.00023612841316925724,8,"tentative: romance/drama-related (negatively associated with genre_Comedy, r=-0.42)"
480,North by Northwest (1959),654,Chinatown (1974),2,1.3898200024480982,1.9910491557307353,0.5330643701867747,2,"tentative: unclear/mixed (negatively associated with release_year, r=-0.52)"
480,North by Northwest (1959),654,Chinatown (1974),3,1.6387166418688102,0.7502788646701243,0.23684580241016281,4,"tentative: popularity-related (positively associated with log_like_count, r=0.55)"
480,North by Northwest (1959),654,Chinatown (1974),4,1.5824933807079768,0.822785053814602,0.25082303093321273,3,"tentative: popularity-related (positively associated with log_like_count, r=0.75)"
480,North by Northwest (1959),654,Chinatown (1974),5,1.9132931553466688,2.2452171798210383,0.8275209357637724,1,"tentative: high-rating-related (positively associated with high_rating_rate, r=0.78)"
480,North by Northwest (1959),654,Chinatown (1974),6,-0.3636473916367981,-0.8879466024229857,0.06220229979479821,7,"tentative: unclear/mixed (positively associated with release_year, r=0.47)"
480,North by Northwest (1959),654,Chinatown (1974),7,1.0293696175443459,0.7490366251453047,0.1485297721102747,5,"tentative: unclear/mixed (negatively associated with release_year, r=-0.40)"
479,Vertigo (1958),498,"African Queen, The (1951)",0,0.8886820839855039,0.07083601547591069,0.012126617086560812,8,"tentative: popularity-related (positively associated with like_count, r=0.35)"
479,Vertigo (1958),498,"African Queen, The (1951)",1,-0.593315200865038,-0.1973734955130997,0.02255866646999791,7,"tentative: romance/drama-related (negatively associated with genre_Comedy, r=-0.42)"
479,Vertigo (1958),498,"African Queen, The (1951)",2,1.766346255943523,1.512158316690486,0.5145317987727961,3,"tentative: unclear/mixed (negatively associated with release_year, r=-0.52)"
479,Vertigo (1958),498,"African Queen, The (1951)",3,1.564686530327076,1.806270369197566,0.5444389867058753,2,"tentative: popularity-related (positively associated with log_like_count, r=0.55)"
479,Vertigo (1958),498,"African Queen, The (1951)",4,1.6028187693533595,0.7956597734203903,0.24566932732599625,4,"tentative: popularity-related (positively associated with log_like_count, r=0.75)"
479,Vertigo (1958),498,"African Queen, The (1951)",5,1.591190455074848,2.0446895174472712,0.6267417860476062,1,"tentative: high-rating-related (positively associated with high_rating_rate, r=0.78)"
479,Vertigo (1958),498,"African Queen, The (1951)",6,-0.2974596084771441,-0.5604524480591893,0.03211484926369939,6,"tentative: unclear/mixed (positively associated with release_year, r=0.47)"
479,Vertigo (1958),498,"African Queen, The (1951)",7,1.0419955396528928,1.02925895443551,0.2065996727997568,5,"tentative: unclear/mixed (negatively associated with release_year, r=-0.40)"
23,Taxi Driver (1976),654,Chinatown (1974),0,1.7148550999224508,0.9406206023596381,0.3107284592845752,3,"tentative: popularity-related (positively associated with like_count, r=0.35)"
23,Taxi Driver (1976),654,Chinatown (1974),1,0.20899331459612153,-0.015541183643185984,-0.0006256847956989146,8,"tentative: romance/drama-related (negatively associated with genre_Comedy, r=-0.42)"
23,Taxi Driver (1976),654,Chinatown (1974),2,1.8059727097602039,1.9910491557307353,0.6926794141738345,1,"tentative: unclear/mixed (negatively associated with release_year, r=-0.52)"
23,Taxi Driver (1976),654,Chinatown (1974),3,1.2925175861539115,0.7502788646701243,0.18680921216053495,5,"tentative: popularity-related (positively associated with log_like_count, r=0.55)"
23,Taxi Driver (1976),654,Chinatown (1974),4,1.4363815911785658,0.822785053814602,0.22766451264074014,4,"tentative: popularity-related (positively associated with log_like_count, r=0.75)"
23,Taxi Driver (1976),654,Chinatown (1974),5,1.4348344289156443,2.2452171798210383,0.6205821235309941,2,"tentative: high-rating-related (positively associated with high_rating_rate, r=0.78)"
23,Taxi Driver (1976),654,Chinatown (1974),6,-0.3879720052642846,-0.8879466024229857,0.06636305261207881,7,"tentative: unclear/mixed (positively associated with release_year, r=0.47)"
23,Taxi Driver (1976),654,Chinatown (1974),7,0.6921572780056511,0.7490366251453047,0.09987273862997853,6,"tentative: unclear/mixed (negatively associated with release_year, r=-0.40)"
134,Citizen Kane (1941),498,"African Queen, The (1951)",0,0.9151296547993979,0.07083601547591069,0.012487510560064242,7,"tentative: popularity-related (positively associated with like_count, r=0.35)"
134,Citizen Kane (1941),498,"African Queen, The (1951)",1,-0.30730052953105375,-0.1973734955130997,0.011683992153981033,8,"tentative: romance/drama-related (negatively associated with genre_Comedy, r=-0.42)"
134,Citizen Kane (1941),498,"African Queen, The (1951)",2,1.7040607593775747,1.512158316690486,0.4963882051949813,3,"tentative: unclear/mixed (negatively associated with release_year, r=-0.52)"
134,Citizen Kane (1941),498,"African Queen, The (1951)",3,1.6638368157627215,1.806270369197566,0.5789387282757711,2,"tentative: popularity-related (positively associated with log_like_count, r=0.55)"
134,Citizen Kane (1941),498,"African Queen, The (1951)",4,1.6132187846366297,0.7956597734203903,0.24726337202254786,4,"tentative: popularity-related (positively associated with log_like_count, r=0.75)"
134,Citizen Kane (1941),498,"African Queen, The (1951)",5,1.5939194609420473,2.0446895174472712,0.6278166932065123,1,"tentative: high-rating-related (positively associated with high_rating_rate, r=0.78)"
134,Citizen Kane (1941),498,"African Queen, The (1951)",6,-0.519964207966339,-0.5604524480591893,0.05613727607202471,6,"tentative: unclear/mixed (positively associated with release_year, r=0.47)"
134,Citizen Kane (1941),498,"African Queen, The (1951)",7,0.8581660713182877,1.02925895443551,0.1701512365410621,5,"tentative: unclear/mixed (negatively associated with release_year, r=-0.40)"
474,Dr. Strangelove or: How I Learned to Stop Worrying and Love the Bomb (1963),498,"African Queen, The (1951)",0,0.8261128440460163,0.07083601547591069,0.011272821080298926,8,"tentative: popularity-related (positively associated with like_count, r=0.35)"
474,Dr. Strangelove or: How I Learned to Stop Worrying and Love the Bomb (1963),498,"African Queen, The (1951)",1,0.3251483152863348,-0.1973734955130997,-0.012362589711391246,7,"tentative: romance/drama-related (negatively associated with genre_Comedy, r=-0.42)"
474,Dr. Strangelove or: How I Learned to Stop Worrying and Love the Bomb (1963),498,"African Queen, The (1951)",2,1.9047794702409513,1.512158316690486,0.5548570127690226,3,"tentative: unclear/mixed (negatively associated with release_year, r=-0.52)"
474,Dr. Strangelove or: How I Learned to Stop Worrying and Love the Bomb (1963),498,"African Queen, The (1951)",3,1.8707692539362155,1.806270369197566,0.6509417044451914,1,"tentative: popularity-related (positively associated with log_like_count, r=0.55)"
474,Dr. Strangelove or: How I Learned to Stop Worrying and Love the Bomb (1963),498,"African Queen, The (1951)",4,1.3726208946115608,0.7956597734203903,0.21038613865800534,4,"tentative: popularity-related (positively associated with log_like_count, r=0.75)"
474,Dr. Strangelove or: How I Learned to Stop Worrying and Love the Bomb (1963),498,"African Queen, The (1951)",5,1.4578366543546004,2.0446895174472712,0.5742160818032874,2,"tentative: high-rating-related (positively associated with high_rating_rate, r=0.78)"
474,Dr. Strangelove or: How I Learned to Stop Worrying and Love the Bomb (1963),498,"African Queen, The (1951)",6,-0.45027100749106214,-0.5604524480591893,0.04861293809744462,6,"tentative: unclear/mixed (positively associated with release_year, r=0.47)"
474,Dr. Strangelove or: How I Learned to Stop Worrying and Love the Bomb (1963),498,"African Queen, The (1951)",7,0.797704495805832,1.02925895443551,0.15816333328958349,5,"tentative: unclear/mixed (negatively associated with release_year, r=-0.40)"
209,This Is Spinal Tap (1984),474,Dr. Strangelove or: How I Learned to Stop Worrying and Love the Bomb (1963),0,0.7848134071960804,0.8261128440460163,0.1248949571951832,5,"tentative: popularity-related (positively associated with like_count, r=0.35)"
209,This Is Spinal Tap (1984),474,Dr. Strangelove or: How I Learned to Stop Worrying and Love the Bomb (1963),1,0.2557441704322546,0.3251483152863348,0.01601866675115069,6,"tentative: romance/drama-related (negatively associated with genre_Comedy, r=-0.42)"
209,This Is Spinal Tap (1984),474,Dr. Strangelove or: How I Learned to Stop Worrying and Love the Bomb (1963),2,1.794846226457209,1.9047794702409513,0.6585838298805854,2,"tentative: unclear/mixed (negatively associated with release_year, r=-0.52)"
209,This Is Spinal Tap (1984),474,Dr. Strangelove or: How I Learned to Stop Worrying and Love the Bomb (1963),3,2.0536532720642433,1.8707692539362155,0.7400932795298076,1,"tentative: popularity-related (positively associated with log_like_count, r=0.55)"
209,This Is Spinal Tap (1984),474,Dr. Strangelove or: How I Learned to Stop Worrying and Love the Bomb (1963),4,1.5859503699843778,1.3726208946115608,0.419352574543135,3,"tentative: popularity-related (positively associated with log_like_count, r=0.75)"
209,This Is Spinal Tap (1984),474,Dr. Strangelove or: How I Learned to Stop Worrying and Love the Bomb (1963),5,0.8946087257020525,1.4578366543546004,0.2512355606248722,4,"tentative: high-rating-related (positively associated with high_rating_rate, r=0.78)"
209,This Is Spinal Tap (1984),474,Dr. Strangelove or: How I Learned to Stop Worrying and Love the Bomb (1963),6,0.035707232415806506,-0.45027100749106214,-0.0030972002800090342,8,"tentative: unclear/mixed (positively associated with release_year, r=0.47)"
209,This Is Spinal Tap (1984),474,Dr. Strangelove or: How I Learned to Stop Worrying and Love the Bomb (1963),7,-0.07879931021508611,0.797704495805832,-0.012108868726212132,7,"tentative: unclear/mixed (negatively associated with release_year, r=-0.40)"
474,Dr. Strangelove or: How I Learned to Stop Worrying and Love the Bomb (1963),654,Chinatown (1974),0,0.8261128440460163,0.9406206023596381,0.1496900649140709,5,"tentative: popularity-related (positively associated with like_count, r=0.35)"
474,Dr. Strangelove or: How I Learned to Stop Worrying and Love the Bomb (1963),654,Chinatown (1974),1,0.3251483152863348,-0.015541183643185984,-0.0009734299760493492,8,"tentative: romance/drama-related (negatively associated with genre_Comedy, r=-0.42)"
474,Dr. Strangelove or: How I Learned to Stop Worrying and Love the Bomb (1963),654,Chinatown (1974),2,1.9047794702409513,1.9910491557307353,0.7305766695400611,1,"tentative: unclear/mixed (negatively associated with release_year, r=-0.52)"
474,Dr. Strangelove or: How I Learned to Stop Worrying and Love the Bomb (1963),654,Chinatown (1974),3,1.8707692539362155,0.7502788646701243,0.2703846618458009,3,"tentative: popularity-related (positively associated with log_like_count, r=0.55)"
474,Dr. Strangelove or: How I Learned to Stop Worrying and Love the Bomb (1963),654,Chinatown (1974),4,1.3726208946115608,0.822785053814602,0.2175585296632984,4,"tentative: popularity-related (positively associated with log_like_count, r=0.75)"
474,Dr. Strangelove or: How I Learned to Stop Worrying and Love the Bomb (1963),654,Chinatown (1974),5,1.4578366543546004,2.2452171798210383,0.6305308462694316,2,"tentative: high-rating-related (positively associated with high_rating_rate, r=0.78)"
474,Dr. Strangelove or: How I Learned to Stop Worrying and Love the Bomb (1963),654,Chinatown (1974),6,-0.45027100749106214,-0.8879466024229857,0.07701936777491988,7,"tentative: unclear/mixed (positively associated with release_year, r=0.47)"
474,Dr. Strangelove or: How I Learned to Stop Worrying and Love the Bomb (1963),654,Chinatown (1974),7,0.797704495805832,0.7490366251453047,0.11510235483346926,6,"tentative: unclear/mixed (negatively associated with release_year, r=-0.40)"
134,Citizen Kane (1941),527,Gandhi (1982),0,0.9151296547993979,0.27734247787435135,0.048892037446517884,6,"tentative: popularity-related (positively associated with like_count, r=0.35)"
134,Citizen Kane (1941),527,Gandhi (1982),1,-0.30730052953105375,-0.7676176150508457,0.04544094518970735,7,"tentative: romance/drama-related (negatively associated with genre_Comedy, r=-0.42)"
134,Citizen Kane (1941),527,Gandhi (1982),2,1.7040607593775747,1.043310884282784,0.34248214065506677,4,"tentative: unclear/mixed (negatively associated with release_year, r=-0.52)"
134,Citizen Kane (1941),527,Gandhi (1982),3,1.6638368157627215,1.7650616490519375,0.5657306701457023,2,"tentative: popularity-related (positively associated with log_like_count, r=0.55)"
134,Citizen Kane (1941),527,Gandhi (1982),4,1.6132187846366297,1.8397987821552066,0.5717454443663538,1,"tentative: popularity-related (positively associated with log_like_count, r=0.75)"
134,Citizen Kane (1941),527,Gandhi (1982),5,1.5939194609420473,1.3122945002587707,0.4029366740697835,3,"tentative: high-rating-related (positively associated with high_rating_rate, r=0.78)"
134,Citizen Kane (1941),527,Gandhi (1982),6,-0.519964207966339,-0.26543229274354824,0.026586815612591266,8,"tentative: unclear/mixed (positively associated with release_year, r=0.47)"
134,Citizen Kane (1941),527,Gandhi (1982),7,0.8581660713182877,1.0830742122825732,0.1790476688995018,5,"tentative: unclear/mixed (negatively associated with release_year, r=-0.40)"
480,North by Northwest (1959),527,Gandhi (1982),0,0.8163004945240432,0.27734247787435135,0.0436119561163486,6,"tentative: popularity-related (positively associated with like_count, r=0.35)"
480,North by Northwest (1959),527,Gandhi (1982),1,-0.07887239721630197,-0.7676176150508457,0.011662968119046557,8,"tentative: romance/drama-related (negatively associated with genre_Comedy, r=-0.42)"
480,North by Northwest (1959),527,Gandhi (1982),2,1.3898200024480982,1.043310884282784,0.2793260316243151,4,"tentative: unclear/mixed (negatively associated with release_year, r=-0.52)"
480,North by Northwest (1959),527,Gandhi (1982),3,1.6387166418688102,1.7650616490519375,0.557189416173831,2,"tentative: popularity-related (positively associated with log_like_count, r=0.55)"
480,North by Northwest (1959),527,Gandhi (1982),4,1.5824933807079768,1.8397987821552066,0.5608559668262814,1,"tentative: popularity-related (positively associated with log_like_count, r=0.75)"
480,North by Northwest (1959),527,Gandhi (1982),5,1.9132931553466688,1.3122945002587707,0.4836731086025045,3,"tentative: high-rating-related (positively associated with high_rating_rate, r=0.78)"
480,North by Northwest (1959),527,Gandhi (1982),6,-0.3636473916367981,-0.26543229274354824,0.018594022437162076,7,"tentative: unclear/mixed (positively associated with release_year, r=0.47)"
480,North by Northwest (1959),527,Gandhi (1982),7,1.0293696175443459,1.0830742122825732,0.21476755679021592,5,"tentative: unclear/mixed (negatively associated with release_year, r=-0.40)"
514,Annie Hall (1977),654,Chinatown (1974),0,0.9242493410467199,0.9406206023596381,0.1674722101891982,3,"tentative: popularity-related (positively associated with like_count, r=0.35)"
514,Annie Hall (1977),654,Chinatown (1974),1,-0.6946050782286948,-0.015541183643185984,0.002079510712114496,8,"tentative: romance/drama-related (negatively associated with genre_Comedy, r=-0.42)"
514,Annie Hall (1977),654,Chinatown (1974),2,1.6593012906251376,1.9910491557307353,0.6364237065801065,2,"tentative: unclear/mixed (negatively associated with release_year, r=-0.52)"
514,Annie Hall (1977),654,Chinatown (1974),3,0.7156141051304727,0.7502788646701243,0.10342861762383092,6,"tentative: popularity-related (positively associated with log_like_count, r=0.55)"
514,Annie Hall (1977),654,Chinatown (1974),4,0.8966175653171657,0.822785053814602,0.14211265466412057,4,"tentative: popularity-related (positively associated with log_like_count, r=0.75)"
514,Annie Hall (1977),654,Chinatown (1974),5,2.1632474194884037,2.2452171798210383,0.9356289828671114,1,"tentative: high-rating-related (positively associated with high_rating_rate, r=0.78)"
514,Annie Hall (1977),654,Chinatown (1974),6,-0.7246099010612175,-0.8879466024229857,0.1239453474345448,5,"tentative: unclear/mixed (positively associated with release_year, r=0.47)"
514,Annie Hall (1977),654,Chinatown (1974),7,0.391664707370726,0.7490366251453047,0.056514073018970955,7,"tentative: unclear/mixed (negatively associated with release_year, r=-0.40)"
511,Lawrence of Arabia (1962),527,Gandhi (1982),0,0.21997769721066188,0.27734247787435135,0.011752605494770084,8,"tentative: popularity-related (positively associated with like_count, r=0.35)"
511,Lawrence of Arabia (1962),527,Gandhi (1982),1,-0.1728213084051428,-0.7676176150508457,0.02555532076314895,6,"tentative: romance/drama-related (negatively associated with genre_Comedy, r=-0.42)"
511,Lawrence of Arabia (1962),527,Gandhi (1982),2,1.3056041182331148,1.043310884282784,0.26240032275836966,4,"tentative: unclear/mixed (negatively associated with release_year, r=-0.52)"
511,Lawrence of Arabia (1962),527,Gandhi (1982),3,2.2353192753546907,1.7650616490519375,0.7600436891741172,1,"tentative: popularity-related (positively associated with log_like_count, r=0.55)"
511,Lawrence of Arabia (1962),527,Gandhi (1982),4,1.1150454493080777,1.8397987821552066,0.3951864198301698,3,"tentative: popularity-related (positively associated with log_like_count, r=0.75)"
511,Lawrence of Arabia (1962),527,Gandhi (1982),5,1.7450154717212483,1.3122945002587707,0.44113316111976314,2,"tentative: high-rating-related (positively associated with high_rating_rate, r=0.78)"
511,Lawrence of Arabia (1962),527,Gandhi (1982),6,-0.2894841946733987,-0.26543229274354824,0.01480190903262975,7,"tentative: unclear/mixed (positively associated with release_year, r=0.47)"
511,Lawrence of Arabia (1962),527,Gandhi (1982),7,1.0182001818017001,1.0830742122825732,0.21243716702128532,5,"tentative: unclear/mixed (negatively associated with release_year, r=-0.40)"
134,Citizen Kane (1941),209,This Is Spinal Tap (1984),0,0.9151296547993979,0.7848134071960804,0.1383528653354857,5,"tentative: popularity-related (positively associated with like_count, r=0.35)"
134,Citizen Kane (1941),209,This Is Spinal Tap (1984),1,-0.30730052953105375,0.2557441704322546,-0.015139382686560007,6,"tentative: romance/drama-related (negatively associated with genre_Comedy, r=-0.42)"
134,Citizen Kane (1941),209,This Is Spinal Tap (1984),2,1.7040607593775747,1.794846226457209,0.5891846687733027,2,"tentative: unclear/mixed (negatively associated with release_year, r=-0.52)"
134,Citizen Kane (1941),209,This Is Spinal Tap (1984),3,1.6638368157627215,2.0536532720642433,0.6582289306868465,1,"tentative: popularity-related (positively associated with log_like_count, r=0.55)"
134,Citizen Kane (1941),209,This Is Spinal Tap (1984),4,1.6132187846366297,1.5859503699843778,0.4928581907025125,3,"tentative: popularity-related (positively associated with log_like_count, r=0.75)"
134,Citizen Kane (1941),209,This Is Spinal Tap (1984),5,1.5939194609420473,0.8946087257020525,0.2746873239635701,4,"tentative: high-rating-related (positively associated with high_rating_rate, r=0.78)"
134,Citizen Kane (1941),209,This Is Spinal Tap (1984),6,-0.519964207966339,0.035707232415806506,-0.0035765866860525946,8,"tentative: unclear/mixed (positively associated with release_year, r=0.47)"
134,Citizen Kane (1941),209,This Is Spinal Tap (1984),7,0.8581660713182877,-0.07879931021508611,-0.013026653801650006,7,"tentative: unclear/mixed (negatively associated with release_year, r=-0.40)"
484,"Maltese Falcon, The (1941)",498,"African Queen, The (1951)",0,0.4934735566352517,0.07083601547591069,0.0067337521161916335,7,"tentative: popularity-related (positively associated with like_count, r=0.35)"
484,"Maltese Falcon, The (1941)",498,"African Queen, The (1951)",1,-0.13094446606719187,-0.1973734955130997,0.004978690132656275,8,"tentative: romance/drama-related (negatively associated with genre_Comedy, r=-0.42)"
484,"Maltese Falcon, The (1941)",498,"African Queen, The (1951)",2,1.4247947468805484,1.512158316690486,0.41503878502172875,3,"tentative: unclear/mixed (negatively associated with release_year, r=-0.52)"
484,"Maltese Falcon, The (1941)",498,"African Queen, The (1951)",3,1.376222945574131,1.806270369197566,0.4788623225465682,2,"tentative: popularity-related (positively associated with log_like_count, r=0.55)"
484,"Maltese Falcon, The (1941)",498,"African Queen, The (1951)",4,0.5763044387824309,0.7956597734203903,0.0883320850228031,5,"tentative: popularity-related (positively associated with log_like_count, r=0.75)"
484,"Maltese Falcon, The (1941)",498,"African Queen, The (1951)",5,2.0623919455521422,2.0446895174472712,0.8123397217241006,1,"tentative: high-rating-related (positively associated with high_rating_rate, r=0.78)"
484,"Maltese Falcon, The (1941)",498,"African Queen, The (1951)",6,-0.675794872146979,-0.5604524480591893,0.07296133603917128,6,"tentative: unclear/mixed (positively associated with release_year, r=0.47)"
484,"Maltese Falcon, The (1941)",498,"African Queen, The (1951)",7,1.2172624227541389,1.02925895443551,0.24135037884732097,4,"tentative: unclear/mixed (negatively associated with release_year, r=-0.40)"
480,North by Northwest (1959),484,"Maltese Falcon, The (1941)",0,0.8163004945240432,0.4934735566352517,0.07759845250356927,6,"tentative: popularity-related (positively associated with like_count, r=0.35)"
480,North by Northwest (1959),484,"Maltese Falcon, The (1941)",1,-0.07887239721630197,-0.13094446606719187,0.0019895337250775223,8,"tentative: romance/drama-related (negatively associated with genre_Comedy, r=-0.42)"
480,North by Northwest (1959),484,"Maltese Falcon, The (1941)",2,1.3898200024480982,1.4247947468805484,0.38146085555208586,3,"tentative: unclear/mixed (negatively associated with release_year, r=-0.52)"
480,North by Northwest (1959),484,"Maltese Falcon, The (1941)",3,1.6387166418688102,1.376222945574131,0.4344419697642619,2,"tentative: popularity-related (positively associated with log_like_count, r=0.55)"
480,North by Northwest (1959),484,"Maltese Falcon, The (1941)",4,1.5824933807079768,0.5763044387824309,0.17568431196642154,5,"tentative: popularity-related (positively associated with log_like_count, r=0.75)"
480,North by Northwest (1959),484,"Maltese Falcon, The (1941)",5,1.9132931553466688,2.0623919455521422,0.7601369382141514,1,"tentative: high-rating-related (positively associated with high_rating_rate, r=0.78)"
480,North by Northwest (1959),484,"Maltese Falcon, The (1941)",6,-0.3636473916367981,-0.675794872146979,0.047340679183148986,7,"tentative: unclear/mixed (positively associated with release_year, r=0.47)"
480,North by Northwest (1959),484,"Maltese Falcon, The (1941)",7,1.0293696175443459,1.2172624227541389,0.24137632818021418,4,"tentative: unclear/mixed (negatively associated with release_year, r=-0.40)"
208,Young Frankenstein (1974),474,Dr. Strangelove or: How I Learned to Stop Worrying and Love the Bomb (1963),0,0.7721047369593175,0.8261128440460163,0.12287250343652609,5,"tentative: popularity-related (positively associated with like_count, r=0.35)"
208,Young Frankenstein (1974),474,Dr. Strangelove or: How I Learned to Stop Worrying and Love the Bomb (1963),1,-1.2497535888609388,0.3251483152863348,-0.07827895442223191,6,"tentative: romance/drama-related (negatively associated with genre_Comedy, r=-0.42)"
208,Young Frankenstein (1974),474,Dr. Strangelove or: How I Learned to Stop Worrying and Love the Bomb (1963),2,1.8607289175851354,1.9047794702409513,0.6827581989191599,2,"tentative: unclear/mixed (negatively associated with release_year, r=-0.52)"
208,Young Frankenstein (1974),474,Dr. Strangelove or: How I Learned to Stop Worrying and Love the Bomb (1963),3,2.133655736993551,1.8707692539362155,0.7689244787616454,1,"tentative: popularity-related (positively associated with log_like_count, r=0.55)"
208,Young Frankenstein (1974),474,Dr. Strangelove or: How I Learned to Stop Worrying and Love the Bomb (1963),4,1.3819876458077245,1.3726208946115608,0.36542131974910674,3,"tentative: popularity-related (positively associated with log_like_count, r=0.75)"
208,Young Frankenstein (1974),474,Dr. Strangelove or: How I Learned to Stop Worrying and Love the Bomb (1963),5,0.6066562356836388,1.4578366543546004,0.17036902849225571,4,"tentative: high-rating-related (positively associated with high_rating_rate, r=0.78)"
208,Young Frankenstein (1974),474,Dr. Strangelove or: How I Learned to Stop Worrying and Love the Bomb (1963),6,-0.8053249608594456,-0.45027100749106214,0.06985287084775604,7,"tentative: unclear/mixed (positively associated with release_year, r=0.47)"
208,Young Frankenstein (1974),474,Dr. Strangelove or: How I Learned to Stop Worrying and Love the Bomb (1963),7,0.07782430326625606,0.797704495805832,0.011959042146280123,8,"tentative: unclear/mixed (negatively associated with release_year, r=-0.40)"
484,"Maltese Falcon, The (1941)",654,Chinatown (1974),0,0.4934735566352517,0.9406206023596381,0.08941646320898221,7,"tentative: popularity-related (positively associated with like_count, r=0.35)"
484,"Maltese Falcon, The (1941)",654,Chinatown (1974),1,-0.13094446606719187,-0.015541183643185984,0.00039202192499546514,8,"tentative: romance/drama-related (negatively associated with genre_Comedy, r=-0.42)"
484,"Maltese Falcon, The (1941)",654,Chinatown (1974),2,1.4247947468805484,1.9910491557307353,0.5464789059399566,2,"tentative: unclear/mixed (negatively associated with release_year, r=-0.52)"
484,"Maltese Falcon, The (1941)",654,Chinatown (1974),3,1.376222945574131,0.7502788646701243,0.1989072543182713,3,"tentative: popularity-related (positively associated with log_like_count, r=0.55)"
484,"Maltese Falcon, The (1941)",654,Chinatown (1974),4,0.5763044387824309,0.822785053814602,0.0913434633205255,6,"tentative: popularity-related (positively associated with log_like_count, r=0.75)"
484,"Maltese Falcon, The (1941)",654,Chinatown (1974),5,2.0623919455521422,2.2452171798210383,0.8920078493594696,1,"tentative: high-rating-related (positively associated with high_rating_rate, r=0.78)"
484,"Maltese Falcon, The (1941)",654,Chinatown (1974),6,-0.675794872146979,-0.8879466024229857,0.11559548123765509,5,"tentative: unclear/mixed (positively associated with release_year, r=0.47)"
484,"Maltese Falcon, The (1941)",654,Chinatown (1974),7,1.2172624227541389,0.7490366251453047,0.17564119551282964,4,"tentative: unclear/mixed (negatively associated with release_year, r=-0.40)"
498,"African Queen, The (1951)",654,Chinatown (1974),0,0.07083601547591069,0.9406206023596381,0.012835350317168736,7,"tentative: popularity-related (positively associated with like_count, r=0.35)"
498,"African Queen, The (1951)",654,Chinatown (1974),1,-0.1973734955130997,-0.015541183643185984,0.0005908973473871409,8,"tentative: romance/drama-related (negatively associated with genre_Comedy, r=-0.42)"
498,"African Queen, The (1951)",654,Chinatown (1974),2,1.512158316690486,1.9910491557307353,0.5799871345134203,2,"tentative: unclear/mixed (negatively associated with release_year, r=-0.52)"
498,"African Queen, The (1951)",654,Chinatown (1974),3,1.806270369197566,0.7502788646701243,0.2610625559245082,3,"tentative: popularity-related (positively associated with log_like_count, r=0.55)"
498,"African Queen, The (1951)",654,Chinatown (1974),4,0.7956597734203903,0.822785053814602,0.1261109830814281,5,"tentative: popularity-related (positively associated with log_like_count, r=0.75)"
498,"African Queen, The (1951)",654,Chinatown (1974),5,2.0446895174472712,2.2452171798210383,0.884351348927376,1,"tentative: high-rating-related (positively associated with high_rating_rate, r=0.78)"
498,"African Queen, The (1951)",654,Chinatown (1974),6,-0.5604524480591893,-0.8879466024229857,0.09586602845683267,6,"tentative: unclear/mixed (positively associated with release_year, r=0.47)"
498,"African Queen, The (1951)",654,Chinatown (1974),7,1.02925895443551,0.7490366251453047,0.14851380431206476,4,"tentative: unclear/mixed (negatively associated with release_year, r=-0.40)"
479,Vertigo (1958),484,"Maltese Falcon, The (1941)",0,0.8886820839855039,0.4934735566352517,0.08447912863893399,6,"tentative: popularity-related (positively associated with like_count, r=0.35)"
479,Vertigo (1958),484,"Maltese Falcon, The (1941)",1,-0.593315200865038,-0.13094446606719187,0.014966206726098578,8,"tentative: romance/drama-related (negatively associated with genre_Comedy, r=-0.42)"
479,Vertigo (1958),484,"Maltese Falcon, The (1941)",2,1.766346255943523,1.4247947468805484,0.484805192619612,2,"tentative: unclear/mixed (negatively associated with release_year, r=-0.52)"
479,Vertigo (1958),484,"Maltese Falcon, The (1941)",3,1.564686530327076,1.376222945574131,0.41481576553936234,3,"tentative: popularity-related (positively associated with log_like_count, r=0.55)"
479,Vertigo (1958),484,"Maltese Falcon, The (1941)",4,1.6028187693533595,0.5763044387824309,0.1779407839132531,5,"tentative: popularity-related (positively associated with log_like_count, r=0.75)"
479,Vertigo (1958),484,"Maltese Falcon, The (1941)",5,1.591190455074848,2.0623919455521422,0.6321679650900253,1,"tentative: high-rating-related (positively associated with high_rating_rate, r=0.78)"
479,Vertigo (1958),484,"Maltese Falcon, The (1941)",6,-0.2974596084771441,-0.675794872146979,0.038724160323212964,7,"tentative: unclear/mixed (positively associated with release_year, r=0.47)"
479,Vertigo (1958),484,"Maltese Falcon, The (1941)",7,1.0419955396528928,1.2172624227541389,0.24433697386715486,4,"tentative: unclear/mixed (negatively associated with release_year, r=-0.40)"
134,Citizen Kane (1941),484,"Maltese Falcon, The (1941)",0,0.9151296547993979,0.4934735566352517,0.08699326477066985,6,"tentative: popularity-related (positively associated with like_count, r=0.35)"
134,Citizen Kane (1941),484,"Maltese Falcon, The (1941)",1,-0.30730052953105375,-0.13094446606719187,0.007751568214156505,8,"tentative: romance/drama-related (negatively associated with genre_Comedy, r=-0.42)"
134,Citizen Kane (1941),484,"Maltese Falcon, The (1941)",2,1.7040607593775747,1.4247947468805484,0.4677098286396132,2,"tentative: unclear/mixed (negatively associated with release_year, r=-0.52)"
134,Citizen Kane (1941),484,"Maltese Falcon, The (1941)",3,1.6638368157627215,1.376222945574131,0.44110160667064374,3,"tentative: popularity-related (positively associated with log_like_count, r=0.55)"
134,Citizen Kane (1941),484,"Maltese Falcon, The (1941)",4,1.6132187846366297,0.5763044387824309,0.17909536664437592,5,"tentative: popularity-related (positively associated with log_like_count, r=0.75)"
134,Citizen Kane (1941),484,"Maltese Falcon, The (1941)",5,1.5939194609420473,2.0623919455521422,0.6332521785355522,1,"tentative: high-rating-related (positively associated with high_rating_rate, r=0.78)"
134,Citizen Kane (1941),484,"Maltese Falcon, The (1941)",6,-0.519964207966339,-0.675794872146979,0.0676904587305274,7,"tentative: unclear/mixed (positively associated with release_year, r=0.47)"
134,Citizen Kane (1941),484,"Maltese Falcon, The (1941)",7,0.8581660713182877,1.2172624227541389,0.20123090067278418,4,"tentative: unclear/mixed (negatively associated with release_year, r=-0.40)"
209,This Is Spinal Tap (1984),479,Vertigo (1958),0,0.7848134071960804,0.8886820839855039,0.13435441857542796,5,"tentative: popularity-related (positively associated with like_count, r=0.35)"
209,This Is Spinal Tap (1984),479,Vertigo (1958),1,0.2557441704322546,-0.593315200865038,-0.029230102184842885,6,"tentative: romance/drama-related (negatively associated with genre_Comedy, r=-0.42)"
209,This Is Spinal Tap (1984),479,Vertigo (1958),2,1.794846226457209,1.766346255943523,0.610720086135412,2,"tentative: unclear/mixed (negatively associated with release_year, r=-0.52)"
209,This Is Spinal Tap (1984),479,Vertigo (1958),3,2.0536532720642433,1.564686530327076,0.619004178751253,1,"tentative: popularity-related (positively associated with log_like_count, r=0.55)"
209,This Is Spinal Tap (1984),479,Vertigo (1958),4,1.5859503699843778,1.6028187693533595,0.48968085805265404,3,"tentative: popularity-related (positively associated with log_like_count, r=0.75)"
209,This Is Spinal Tap (1984),479,Vertigo (1958),5,0.8946087257020525,1.591190455074848,0.2742170220837632,4,"tentative: high-rating-related (positively associated with high_rating_rate, r=0.78)"
209,This Is Spinal Tap (1984),479,Vertigo (1958),6,0.035707232415806506,-0.2974596084771441,-0.0020460832861531196,8,"tentative: unclear/mixed (positively associated with release_year, r=0.47)"
209,This Is Spinal Tap (1984),479,Vertigo (1958),7,-0.07879931021508611,1.0419955396528928,-0.015817119333406172,7,"tentative: unclear/mixed (negatively associated with release_year, r=-0.40)"
23,Taxi Driver (1976),209,This Is Spinal Tap (1984),0,1.7148550999224508,0.7848134071960804,0.2592584727914313,4,"tentative: popularity-related (positively associated with like_count, r=0.35)"
23,Taxi Driver (1976),209,This Is Spinal Tap (1984),1,0.20899331459612153,0.2557441704322546,0.010296206691969189,7,"tentative: romance/drama-related (negatively associated with genre_Comedy, r=-0.42)"
23,Taxi Driver (1976),209,This Is Spinal Tap (1984),2,1.8059727097602039,1.794846226457209,0.6244210641892517,1,"tentative: unclear/mixed (negatively associated with release_year, r=-0.52)"
23,Taxi Driver (1976),209,This Is Spinal Tap (1984),3,1.2925175861539115,2.0536532720642433,0.5113316766212013,2,"tentative: popularity-related (positively associated with log_like_count, r=0.55)"
23,Taxi Driver (1976),209,This Is Spinal Tap (1984),4,1.4363815911785658,1.5859503699843778,0.438832251972644,3,"tentative: popularity-related (positively associated with log_like_count, r=0.75)"
23,Taxi Driver (1976),209,This Is Spinal Tap (1984),5,1.4348344289156443,0.8946087257020525,0.2472714834516759,5,"tentative: high-rating-related (positively associated with high_rating_rate, r=0.78)"
23,Taxi Driver (1976),209,This Is Spinal Tap (1984),6,-0.3879720052642846,0.035707232415806506,-0.0026686750498011156,8,"tentative: unclear/mixed (positively associated with release_year, r=0.47)"
23,Taxi Driver (1976),209,This Is Spinal Tap (1984),7,0.6921572780056511,-0.07879931021508611,-0.010506699738223376,6,"tentative: unclear/mixed (negatively associated with release_year, r=-0.40)"
479,Vertigo (1958),514,Annie Hall (1977),0,0.8886820839855039,0.9242493410467199,0.1582248489850654,5,"tentative: popularity-related (positively associated with like_count, r=0.35)"
479,Vertigo (1958),514,Annie Hall (1977),1,-0.593315200865038,-0.6946050782286948,0.07938940457731293,6,"tentative: romance/drama-related (negatively associated with genre_Comedy, r=-0.42)"
479,Vertigo (1958),514,Annie Hall (1977),2,1.766346255943523,1.6593012906251376,0.5645991351222556,2,"tentative: unclear/mixed (negatively associated with release_year, r=-0.52)"
479,Vertigo (1958),514,Annie Hall (1977),3,1.564686530327076,0.7156141051304727,0.21569761920124364,4,"tentative: popularity-related (positively associated with log_like_count, r=0.55)"
479,Vertigo (1958),514,Annie Hall (1977),4,1.6028187693533595,0.8966175653171657,0.27684123478209227,3,"tentative: popularity-related (positively associated with log_like_count, r=0.75)"
479,Vertigo (1958),514,Annie Hall (1977),5,1.591190455074848,2.1632474194884037,0.6630823603212418,1,"tentative: high-rating-related (positively associated with high_rating_rate, r=0.78)"
479,Vertigo (1958),514,Annie Hall (1977),6,-0.2974596084771441,-0.7246099010612175,0.04152134195889445,8,"tentative: unclear/mixed (positively associated with release_year, r=0.47)"
479,Vertigo (1958),514,Annie Hall (1977),7,1.0419955396528928,0.391664707370726,0.07861753355780451,7,"tentative: unclear/mixed (negatively associated with release_year, r=-0.40)"
484,"Maltese Falcon, The (1941)",511,Lawrence of Arabia (1962),0,0.4934735566352517,0.21997769721066188,0.020911329839140888,7,"tentative: popularity-related (positively associated with like_count, r=0.35)"
484,"Maltese Falcon, The (1941)",511,Lawrence of Arabia (1962),1,-0.13094446606719187,-0.1728213084051428,0.004359368215233969,8,"tentative: romance/drama-related (negatively associated with genre_Comedy, r=-0.42)"
484,"Maltese Falcon, The (1941)",511,Lawrence of Arabia (1962),2,1.4247947468805484,1.3056041182331148,0.35834630605133305,3,"tentative: unclear/mixed (negatively associated with release_year, r=-0.52)"
484,"Maltese Falcon, The (1941)",511,Lawrence of Arabia (1962),3,1.376222945574131,2.2353192753546907,0.5926079495535255,2,"tentative: popularity-related (positively associated with log_like_count, r=0.55)"
484,"Maltese Falcon, The (1941)",511,Lawrence of Arabia (1962),4,0.5763044387824309,1.1150454493080777,0.12378945464235619,5,"tentative: popularity-related (positively associated with log_like_count, r=0.75)"
484,"Maltese Falcon, The (1941)",511,Lawrence of Arabia (1962),5,2.0623919455521422,1.7450154717212483,0.6932814838665816,1,"tentative: high-rating-related (positively associated with high_rating_rate, r=0.78)"
484,"Maltese Falcon, The (1941)",511,Lawrence of Arabia (1962),6,-0.675794872146979,-0.2894841946733987,0.03768589766845682,6,"tentative: unclear/mixed (positively associated with release_year, r=0.47)"
484,"Maltese Falcon, The (1941)",511,Lawrence of Arabia (1962),7,1.2172624227541389,1.0182001818017001,0.23875721319813778,4,"tentative: unclear/mixed (negatively associated with release_year, r=-0.40)"
474,Dr. Strangelove or: How I Learned to Stop Worrying and Love the Bomb (1963),484,"Maltese Falcon, The (1941)",0,0.8261128440460163,0.4934735566352517,0.07853122559808175,6,"tentative: popularity-related (positively associated with like_count, r=0.35)"
474,Dr. Strangelove or: How I Learned to Stop Worrying and Love the Bomb (1963),484,"Maltese Falcon, The (1941)",1,0.3251483152863348,-0.13094446606719187,-0.00820177351957799,8,"tentative: romance/drama-related (negatively associated with genre_Comedy, r=-0.42)"
474,Dr. Strangelove or: How I Learned to Stop Worrying and Love the Bomb (1963),484,"Maltese Falcon, The (1941)",2,1.9047794702409513,1.4247947468805484,0.5228006540964261,2,"tentative: unclear/mixed (negatively associated with release_year, r=-0.52)"
474,Dr. Strangelove or: How I Learned to Stop Worrying and Love the Bomb (1963),484,"Maltese Falcon, The (1941)",3,1.8707692539362155,1.376222945574131,0.4959616927595304,3,"tentative: popularity-related (positively associated with log_like_count, r=0.55)"
474,Dr. Strangelove or: How I Learned to Stop Worrying and Love the Bomb (1963),484,"Maltese Falcon, The (1941)",4,1.3726208946115608,0.5763044387824309,0.15238481272678764,5,"tentative: popularity-related (positively associated with log_like_count, r=0.75)"
474,Dr. Strangelove or: How I Learned to Stop Worrying and Love the Bomb (1963),484,"Maltese Falcon, The (1941)",5,1.4578366543546004,2.0623919455521422,0.5791875059818953,1,"tentative: high-rating-related (positively associated with high_rating_rate, r=0.78)"
474,Dr. Strangelove or: How I Learned to Stop Worrying and Love the Bomb (1963),484,"Maltese Falcon, The (1941)",6,-0.45027100749106214,-0.675794872146979,0.05861759440969033,7,"tentative: unclear/mixed (positively associated with release_year, r=0.47)"
474,Dr. Strangelove or: How I Learned to Stop Worrying and Love the Bomb (1963),484,"Maltese Falcon, The (1941)",7,0.797704495805832,1.2172624227541389,0.18705329833786918,4,"tentative: unclear/mixed (negatively associated with release_year, r=-0.40)"
208,Young Frankenstein (1974),209,This Is Spinal Tap (1984),0,0.7721047369593175,0.7848134071960804,0.11672980122236262,4,"tentative: popularity-related (positively associated with like_count, r=0.35)"
208,Young Frankenstein (1974),209,This Is Spinal Tap (1984),1,-1.2497535888609388,0.2557441704322546,-0.061570013805510054,6,"tentative: romance/drama-related (negatively associated with genre_Comedy, r=-0.42)"
208,Young Frankenstein (1974),209,This Is Spinal Tap (1984),2,1.8607289175851354,1.794846226457209,0.643353204955405,2,"tentative: unclear/mixed (negatively associated with release_year, r=-0.52)"
208,Young Frankenstein (1974),209,This Is Spinal Tap (1984),3,2.133655736993551,2.0536532720642433,0.8440935558763389,1,"tentative: popularity-related (positively associated with log_like_count, r=0.55)"
208,Young Frankenstein (1974),209,This Is Spinal Tap (1984),4,1.3819876458077245,1.5859503699843778,0.42221423229921035,3,"tentative: popularity-related (positively associated with log_like_count, r=0.75)"
208,Young Frankenstein (1974),209,This Is Spinal Tap (1984),5,0.6066562356836388,0.8946087257020525,0.10454780309116914,5,"tentative: high-rating-related (positively associated with high_rating_rate, r=0.78)"
208,Young Frankenstein (1974),209,This Is Spinal Tap (1984),6,-0.8053249608594456,0.035707232415806506,-0.005539447694334729,7,"tentative: unclear/mixed (positively associated with release_year, r=0.47)"
208,Young Frankenstein (1974),209,This Is Spinal Tap (1984),7,0.07782430326625606,-0.07879931021508611,-0.0011813450681483885,8,"tentative: unclear/mixed (negatively associated with release_year, r=-0.40)"
474,Dr. Strangelove or: How I Learned to Stop Worrying and Love the Bomb (1963),527,Gandhi (1982),0,0.8261128440460163,0.27734247787435135,0.04413619413852459,7,"tentative: popularity-related (positively associated with like_count, r=0.35)"
474,Dr. Strangelove or: How I Learned to Stop Worrying and Love the Bomb (1963),527,Gandhi (1982),1,0.3251483152863348,-0.7676176150508457,-0.04808012142380301,6,"tentative: romance/drama-related (negatively associated with genre_Comedy, r=-0.42)"
474,Dr. Strangelove or: How I Learned to Stop Worrying and Love the Bomb (1963),527,Gandhi (1982),2,1.9047794702409513,1.043310884282784,0.3828225882522074,3,"tentative: unclear/mixed (negatively associated with release_year, r=-0.52)"
474,Dr. Strangelove or: How I Learned to Stop Worrying and Love the Bomb (1963),527,Gandhi (1982),3,1.8707692539362155,1.7650616490519375,0.6360909517632898,1,"tentative: popularity-related (positively associated with log_like_count, r=0.55)"
474,Dr. Strangelove or: How I Learned to Stop Worrying and Love the Bomb (1963),527,Gandhi (1982),4,1.3726208946115608,1.8397987821552066,0.4864744638545721,2,"tentative: popularity-related (positively associated with log_like_count, r=0.75)"
474,Dr. Strangelove or: How I Learned to Stop Worrying and Love the Bomb (1963),527,Gandhi (1982),5,1.4578366543546004,1.3122945002587707,0.36853546696486494,4,"tentative: high-rating-related (positively associated with high_rating_rate, r=0.78)"
474,Dr. Strangelove or: How I Learned to Stop Worrying and Love the Bomb (1963),527,Gandhi (1982),6,-0.45027100749106214,-0.26543229274354824,0.023023262117756297,8,"tentative: unclear/mixed (positively associated with release_year, r=0.47)"
474,Dr. Strangelove or: How I Learned to Stop Worrying and Love the Bomb (1963),527,Gandhi (1982),7,0.797704495805832,1.0830742122825732,0.16643297284554737,5,"tentative: unclear/mixed (negatively associated with release_year, r=-0.40)"
134,Citizen Kane (1941),514,Annie Hall (1977),0,0.9151296547993979,0.9242493410467199,0.16293369028327534,5,"tentative: popularity-related (positively associated with like_count, r=0.35)"
134,Citizen Kane (1941),514,Annie Hall (1977),1,-0.30730052953105375,-0.6946050782286948,0.04111879491743007,8,"tentative: romance/drama-related (negatively associated with genre_Comedy, r=-0.42)"
134,Citizen Kane (1941),514,Annie Hall (1977),2,1.7040607593775747,1.6593012906251376,0.5446900502678764,2,"tentative: unclear/mixed (negatively associated with release_year, r=-0.52)"
134,Citizen Kane (1941),514,Annie Hall (1977),3,1.6638368157627215,0.7156141051304727,0.2293658397023314,4,"tentative: popularity-related (positively associated with log_like_count, r=0.55)"
134,Citizen Kane (1941),514,Annie Hall (1977),4,1.6132187846366297,0.8966175653171657,0.2786375408447763,3,"tentative: popularity-related (positively associated with log_like_count, r=0.75)"
134,Citizen Kane (1941),514,Annie Hall (1977),5,1.5939194609420473,2.1632474194884037,0.6642195941740353,1,"tentative: high-rating-related (positively associated with high_rating_rate, r=0.78)"
134,Citizen Kane (1941),514,Annie Hall (1977),6,-0.519964207966339,-0.7246099010612175,0.07257997748294272,6,"tentative: unclear/mixed (positively associated with release_year, r=0.47)"
134,Citizen Kane (1941),514,Annie Hall (1977),7,0.8581660713182877,0.391664707370726,0.06474778186911354,7,"tentative: unclear/mixed (negatively associated with release_year, r=-0.40)"
209,This Is Spinal Tap (1984),480,North by Northwest (1959),0,0.7848134071960804,0.8163004945240432,0.12341148797864268,5,"tentative: popularity-related (positively associated with like_count, r=0.35)"
209,This Is Spinal Tap (1984),480,North by Northwest (1959),1,0.2557441704322546,-0.07887239721630197,-0.0038857056533099796,7,"tentative: romance/drama-related (negatively associated with genre_Comedy, r=-0.42)"
209,This Is Spinal Tap (1984),480,North by Northwest (1959),2,1.794846226457209,1.3898200024480982,0.4805348830965338,3,"tentative: unclear/mixed (negatively associated with release_year, r=-0.52)"
209,This Is Spinal Tap (1984),480,North by Northwest (1959),3,2.0536532720642433,1.6387166418688102,0.6482911621243225,1,"tentative: popularity-related (positively associated with log_like_count, r=0.55)"
209,This Is Spinal Tap (1984),480,North by Northwest (1959),4,1.5859503699843778,1.5824933807079768,0.48347120170071345,2,"tentative: popularity-related (positively associated with log_like_count, r=0.75)"
209,This Is Spinal Tap (1984),480,North by Northwest (1959),5,0.8946087257020525,1.9132931553466688,0.3297264320302444,4,"tentative: high-rating-related (positively associated with high_rating_rate, r=0.78)"
209,This Is Spinal Tap (1984),480,North by Northwest (1959),6,0.035707232415806506,-0.3636473916367981,-0.00250135759234821,8,"tentative: unclear/mixed (positively associated with release_year, r=0.47)"
209,This Is Spinal Tap (1984),480,North by Northwest (1959),7,-0.07879931021508611,1.0293696175443459,-0.015625462354959117,6,"tentative: unclear/mixed (negatively associated with release_year, r=-0.40)"
