scenario,trial,seed_data,seed_model,k_est,k_true,family_x,family_y,n,d,q_strict,bic,num_params,rmse_z,rmse_x,rmse_y,success,error_message,note
A,0,4000,4050,1,3,poisson,bernoulli,150,15,-10384.40696517192,20843.973459755285,15,0.6989525460194224,2.080322773867465,0.2547741703122699,True,,fixed_official full k_true=3
A,1,4100,4150,1,3,poisson,bernoulli,150,15,-10355.644862669837,20786.44925475112,15,1.0856584367179294,1.903033962542604,0.2439120330666363,True,,fixed_official full k_true=3
A,2,4200,4250,1,3,poisson,bernoulli,150,15,-10172.609903660188,20420.37933673182,15,0.7536222706998869,1.815911857303481,0.2456145566217335,True,,fixed_official full k_true=3
A,3,4300,4350,1,3,poisson,bernoulli,150,15,-10501.84114257248,21078.841814556403,15,1.1105549302603992,1.918641412375533,0.2578945800879134,True,,fixed_official full k_true=3
A,4,4400,4450,1,3,poisson,bernoulli,150,15,-11044.258068753456,22163.67566691836,15,1.280069601801574,2.108887659748967,0.2685804794679072,True,,fixed_official full k_true=3
A,5,4500,4550,1,3,poisson,bernoulli,150,15,-10248.059552886329,20571.2786351841,15,0.7002695399652212,2.0404146864868933,0.2339458328503635,True,,fixed_official full k_true=3
A,6,4600,4650,1,3,poisson,bernoulli,150,15,-10294.315161341128,20663.7898520937,15,1.0036585123188335,1.85970809738498,0.2514384994160887,True,,fixed_official full k_true=3
A,7,4700,4750,1,3,poisson,bernoulli,150,15,-10455.808808537477,20986.7771464864,15,0.8845497403553584,1.975668566953924,0.250980940377503,True,,fixed_official full k_true=3
A,8,4800,4850,1,3,poisson,bernoulli,150,15,-10577.52040505192,21230.20033951528,15,0.7407401777827896,2.0075290885543677,0.2597653284098583,True,,fixed_official full k_true=3
A,9,4900,4950,1,3,poisson,bernoulli,150,15,-10285.512154266991,20646.18383794543,15,0.7751016486951192,1.7496354154810263,0.2616934852685684,True,,fixed_official full k_true=3
A,0,4000,4050,2,3,poisson,bernoulli,150,15,-9012.237003293762,18169.782430116316,29,0.5149996993629555,1.353339958955729,0.1885556050014955,True,,fixed_official full k_true=3
A,1,4100,4150,2,3,poisson,bernoulli,150,15,-9137.863582414366,18421.03558835752,29,0.5294821276526692,1.5478686829925967,0.1902737784322581,True,,fixed_official full k_true=3
A,2,4200,4250,2,3,poisson,bernoulli,150,15,-9026.705309399436,18198.71904232766,29,0.7184314539946565,1.5270775670971912,0.1803899713070203,True,,fixed_official full k_true=3
A,3,4300,4350,2,3,poisson,bernoulli,150,15,-9454.10673262662,19053.52188878203,29,0.5716490443480655,1.669707711476496,0.19722809931101,True,,fixed_official full k_true=3
A,4,4400,4450,2,3,poisson,bernoulli,150,15,-9638.17449366152,19421.657410851836,29,0.7649898702722346,1.720997464322492,0.2113936933583133,True,,fixed_official full k_true=3
A,5,4500,4550,2,3,poisson,bernoulli,150,15,-9272.178998899632,18689.666421328053,29,0.414119364344865,1.7375780004674375,0.1784203078195864,True,,fixed_official full k_true=3
A,6,4600,4650,2,3,poisson,bernoulli,150,15,-9050.211440823528,18245.731305175847,29,0.6192706678219118,1.463342321227057,0.1946549445949041,True,,fixed_official full k_true=3
A,7,4700,4750,2,3,poisson,bernoulli,150,15,-8992.379470146456,18130.0673638217,29,0.6976350091653613,1.521669035542934,0.1894578338662242,True,,fixed_official full k_true=3
A,8,4800,4850,2,3,poisson,bernoulli,150,15,-9210.138503847762,18565.585431224317,29,0.7325316627404035,1.5586939225775125,0.1879246922650444,True,,fixed_official full k_true=3
A,9,4900,4950,2,3,poisson,bernoulli,150,15,-9200.236593839658,18545.781611208105,29,0.6510635867494879,1.5039842991809886,0.198501295092029,True,,fixed_official full k_true=3
A,0,4000,4050,3,3,poisson,bernoulli,150,15,-8258.216627950975,16726.87993825399,42,0.2513058626078224,1.2024412688482329,0.1108546385970896,True,,fixed_official full k_true=3
A,1,4100,4150,3,3,poisson,bernoulli,150,15,-8058.61223161783,16327.671145587705,42,0.2229048044474137,1.2310697386876894,0.0966438994672991,True,,fixed_official full k_true=3
A,2,4200,4250,3,3,poisson,bernoulli,150,15,-8056.652725574394,16323.752133500831,42,0.2289408360169864,1.2247818659816017,0.1020600106651994,True,,fixed_official full k_true=3
A,3,4300,4350,3,3,poisson,bernoulli,150,15,-8143.432289021726,16497.311260395494,42,0.2130684325069898,1.2162397638634288,0.1009851674998792,True,,fixed_official full k_true=3
A,4,4400,4450,3,3,poisson,bernoulli,150,15,-8261.849088406318,16734.144859164677,42,0.2376835386172923,1.2551548513364172,0.109834309910495,True,,fixed_official full k_true=3
A,5,4500,4550,3,3,poisson,bernoulli,150,15,-8186.336516484273,16583.119715320587,42,0.2305872717844947,1.2441787284827903,0.1033146140145703,True,,fixed_official full k_true=3
A,6,4600,4650,3,3,poisson,bernoulli,150,15,-8091.704415586018,16393.85551352408,42,0.2344012588025385,1.2202208450999523,0.1067524574905139,True,,fixed_official full k_true=3
A,7,4700,4750,3,3,poisson,bernoulli,150,15,-7959.854201050864,16130.155084453772,42,0.2246356849259939,1.193046299240593,0.1014143801652682,True,,fixed_official full k_true=3
A,8,4800,4850,3,3,poisson,bernoulli,150,15,-8122.966153406223,16456.37898916449,42,0.2237636600848171,1.218077867337069,0.1046213522029114,True,,fixed_official full k_true=3
A,9,4900,4950,3,3,poisson,bernoulli,150,15,-8106.22267023046,16422.89202281296,42,0.2513249937974811,1.2372810038876485,0.1124173454840017,True,,fixed_official full k_true=3
A,0,4000,4050,4,3,poisson,bernoulli,150,15,-8369.499738325894,17009.573782532985,54,0.5886734197721872,1.175428994102233,0.1207298499103193,True,,fixed_official full k_true=3
A,1,4100,4150,4,3,poisson,bernoulli,150,15,-8210.370982712891,16691.31627130698,54,0.5067651647791916,1.2398320495365238,0.1169749669248991,True,,fixed_official full k_true=3
A,2,4200,4250,4,3,poisson,bernoulli,150,15,-8210.694585880632,16691.96347764246,54,0.3647898664399264,1.2474964851831964,0.1208535916066733,True,,fixed_official full k_true=3
A,3,4300,4350,4,3,poisson,bernoulli,150,15,-8285.701299394399,16841.976904669995,54,0.6549132971355046,1.1977134919690966,0.1184534881512963,True,,fixed_official full k_true=3
A,4,4400,4450,4,3,poisson,bernoulli,150,15,-8405.169034389604,17080.912374660405,54,0.3921662146357256,1.2341482518156546,0.1217707052319043,True,,fixed_official full k_true=3
A,5,4500,4550,4,3,poisson,bernoulli,150,15,-8327.138144750745,16924.850595382686,54,0.5191606260387217,1.2290873605704296,0.1205022585994727,True,,fixed_official full k_true=3
A,6,4600,4650,4,3,poisson,bernoulli,150,15,-8227.302780365284,16725.179866611765,54,0.428441552796805,1.234587730528604,0.116332604297446,True,,fixed_official full k_true=3
A,7,4700,4750,4,3,poisson,bernoulli,150,15,-8083.843804295699,16438.261914472594,54,0.3564426545775406,1.180017774073587,0.1116718856432019,True,,fixed_official full k_true=3
A,8,4800,4850,4,3,poisson,bernoulli,150,15,-8262.348306927535,16795.270919736267,54,0.5198620338833388,1.1701330022576268,0.121011394574789,True,,fixed_official full k_true=3
A,9,4900,4950,4,3,poisson,bernoulli,150,15,-8247.365658659128,16765.305623199452,54,0.3329958933653946,1.210398469915377,0.1179593280520777,True,,fixed_official full k_true=3
A,0,4000,4050,5,3,poisson,bernoulli,150,15,-8542.76590957486,17411.223113265976,65,0.5591807019302285,1.1836354347720404,0.1322322623205892,True,,fixed_official full k_true=3
A,1,4100,4150,5,3,poisson,bernoulli,150,15,-8361.010792768368,17047.71287965299,65,0.7040843743274643,1.1899888637914764,0.1276730591260274,True,,fixed_official full k_true=3
A,2,4200,4250,5,3,poisson,bernoulli,150,15,-8347.11377091933,17019.918835954915,65,0.6159937190323216,1.2123986800386606,0.1326822498962776,True,,fixed_official full k_true=3
A,3,4300,4350,5,3,poisson,bernoulli,150,15,-8444.17832399707,17214.047942110396,65,0.495653210290609,1.2045829266916577,0.1312360848637311,True,,fixed_official full k_true=3
A,4,4400,4450,5,3,poisson,bernoulli,150,15,-8533.359412189653,17392.41011849556,65,0.650941776345161,1.247331335271686,0.1375565925936504,True,,fixed_official full k_true=3
A,5,4500,4550,5,3,poisson,bernoulli,150,15,-8464.705580858867,17255.10245583399,65,0.6784985137779476,1.2096580315983254,0.1271797577534079,True,,fixed_official full k_true=3
A,6,4600,4650,5,3,poisson,bernoulli,150,15,-8370.036045851719,17065.763385819693,65,0.7303745681422176,1.2085349819117557,0.1295994210174319,True,,fixed_official full k_true=3
A,7,4700,4750,5,3,poisson,bernoulli,150,15,-8233.538861283556,16792.769016683367,65,0.5576443521510906,1.1797342808696778,0.130251931632134,True,,fixed_official full k_true=3
A,8,4800,4850,5,3,poisson,bernoulli,150,15,-8393.328586128813,17112.348466373882,65,0.7029906926920765,1.1398227230543485,0.1303802111538302,True,,fixed_official full k_true=3
A,9,4900,4950,5,3,poisson,bernoulli,150,15,-8362.847324562343,17051.38594324094,65,0.4821035730289204,1.1722689370524932,0.1306837992145808,True,,fixed_official full k_true=3
A,0,4000,4050,6,3,poisson,bernoulli,150,15,-8681.446473360249,17738.690593777716,75,0.5916063576916397,1.2039979764158246,0.1480559489433637,True,,fixed_official full k_true=3
A,1,4100,4150,6,3,poisson,bernoulli,150,15,-8513.987104594666,17403.77185624655,75,0.5215954293742662,1.1635537972358654,0.1372250666583169,True,,fixed_official full k_true=3
A,2,4200,4250,6,3,poisson,bernoulli,150,15,-8480.781020322589,17337.359687702396,75,0.7309211794878455,1.179529762993215,0.1361086332101769,True,,fixed_official full k_true=3
A,3,4300,4350,6,3,poisson,bernoulli,150,15,-8600.5638290746,17576.925305206416,75,0.487867942353071,1.1407144591241505,0.140852471684689,True,,fixed_official full k_true=3
A,4,4400,4450,6,3,poisson,bernoulli,150,15,-8669.419175566614,17714.635998190446,75,0.6171300818272532,1.2537646673714171,0.1463107101729706,True,,fixed_official full k_true=3
A,5,4500,4550,6,3,poisson,bernoulli,150,15,-8630.721957281026,17637.24156161927,75,0.6496711547346224,1.1644297379585542,0.1376566694747049,True,,fixed_official full k_true=3
A,6,4600,4650,6,3,poisson,bernoulli,150,15,-8500.348426185252,17376.49449942772,75,0.6002400711191599,1.195565862001871,0.1372760083662193,True,,fixed_official full k_true=3
A,7,4700,4750,6,3,poisson,bernoulli,150,15,-8357.83184404901,17091.461335155236,75,0.6847604202567701,1.1319818310612462,0.1362408054457786,True,,fixed_official full k_true=3
A,8,4800,4850,6,3,poisson,bernoulli,150,15,-8532.795985626084,17441.389618309386,75,0.6834464066224528,1.1802807801836763,0.1427579260059037,True,,fixed_official full k_true=3
A,9,4900,4950,6,3,poisson,bernoulli,150,15,-8518.811525549776,17413.42069815677,75,0.7442380919929589,1.1644314886194247,0.1450030813402898,True,,fixed_official full k_true=3
A,0,4000,4050,7,3,poisson,bernoulli,150,15,-8811.729543408424,18044.352451520936,84,0.6603685275239862,1.1626180032557245,0.15213339532092834,True,,fixed_official k7to9 extension
A,1,4100,4150,7,3,poisson,bernoulli,150,15,-8690.232081714541,17801.35752813317,84,0.6337788265790386,1.1605634928173552,0.14295843992884327,True,,fixed_official k7to9 extension
A,2,4200,4250,7,3,poisson,bernoulli,150,15,-8635.428076230488,17691.749517165063,84,0.8423510954894529,1.181843756428207,0.15111996724616455,True,,fixed_official k7to9 extension
A,3,4300,4350,7,3,poisson,bernoulli,150,15,-8738.573992816393,17898.041350336873,84,0.7659870700445859,1.1691703613022477,0.14816121283415032,True,,fixed_official k7to9 extension
A,4,4400,4450,7,3,poisson,bernoulli,150,15,-8820.439079094027,18061.77152289214,84,0.5689500676109885,1.2141020812184489,0.15332824126388198,True,,fixed_official k7to9 extension
A,5,4500,4550,7,3,poisson,bernoulli,150,15,-8784.746911577196,17990.38718785848,84,0.768834491555507,1.1638771187506538,0.1515025229083979,True,,fixed_official k7to9 extension
A,6,4600,4650,7,3,poisson,bernoulli,150,15,-8639.983534143732,17700.86043299155,84,0.7885542542405759,1.1623953022434836,0.15527825323030608,True,,fixed_official k7to9 extension
A,7,4700,4750,7,3,poisson,bernoulli,150,15,-8521.136958323123,17463.167281350332,84,0.7739660427037146,1.179521833798456,0.15243402164070516,True,,fixed_official k7to9 extension
A,8,4800,4850,7,3,poisson,bernoulli,150,15,-8716.913884251779,17854.721133207644,84,0.6230451350019998,1.1418743140818668,0.15209655518393217,True,,fixed_official k7to9 extension
A,9,4900,4950,7,3,poisson,bernoulli,150,15,-8679.667779837022,17780.22892437813,84,0.8251173235624562,1.1838103090185066,0.15495565112663204,True,,fixed_official k7to9 extension
A,0,4000,4050,8,3,poisson,bernoulli,150,15,-8987.356218554136,18435.690884165127,92,0.8627094497739634,1.1681058230905208,0.1617938563987145,True,,fixed_official k7to9 extension
A,1,4100,4150,8,3,poisson,bernoulli,150,15,-8836.101591218954,18133.181629494764,92,0.7755554545518308,1.1649697345891457,0.15029848467681536,True,,fixed_official k7to9 extension
A,2,4200,4250,8,3,poisson,bernoulli,150,15,-8841.117381634354,18143.213210325564,92,0.7635400258819489,1.1831094660507195,0.15385124332400152,True,,fixed_official k7to9 extension
A,3,4300,4350,8,3,poisson,bernoulli,150,15,-8906.05909687437,18273.096640805597,92,0.6753996418793023,1.1660332672740974,0.14917036359062452,True,,fixed_official k7to9 extension
A,4,4400,4450,8,3,poisson,bernoulli,150,15,-8989.57804819585,18440.134543448556,92,0.7195092083794927,1.1839077076775122,0.1628579244576861,True,,fixed_official k7to9 extension
A,5,4500,4550,8,3,poisson,bernoulli,150,15,-8928.037393634622,18317.0532343261,92,0.7883642064761683,1.1589849058315436,0.16252322338033887,True,,fixed_official k7to9 extension
A,6,4600,4650,8,3,poisson,bernoulli,150,15,-8808.677069605594,18078.332586268043,92,0.731598511325597,1.1863240730485178,0.15936000957018773,True,,fixed_official k7to9 extension
A,7,4700,4750,8,3,poisson,bernoulli,150,15,-8695.835272038013,17852.648991132883,92,0.6968688398879386,1.1272167172289786,0.15532148632015647,True,,fixed_official k7to9 extension
A,8,4800,4850,8,3,poisson,bernoulli,150,15,-8855.111833089151,18171.20211323516,92,0.840591417214195,1.1637352032887658,0.15642232513796245,True,,fixed_official k7to9 extension
A,9,4900,4950,8,3,poisson,bernoulli,150,15,-8829.083336992546,18119.145121041947,92,0.7765378809866248,1.1455764619840874,0.15755808854528106,True,,fixed_official k7to9 extension
A,0,4000,4050,9,3,poisson,bernoulli,150,15,-9178.920269991457,18853.89343409844,99,0.7416750476344729,1.1664476404068693,0.16807482799468895,True,,fixed_official k7to9 extension
A,1,4100,4150,9,3,poisson,bernoulli,150,15,-9002.00855363081,18500.07000137715,99,0.7937303553125675,1.1644203770528858,0.1602686893622691,True,,fixed_official k7to9 extension
A,2,4200,4250,9,3,poisson,bernoulli,150,15,-8965.352788649543,18426.758471414614,99,0.7699710774445071,1.1826285576592248,0.16255754683109772,True,,fixed_official k7to9 extension
A,3,4300,4350,9,3,poisson,bernoulli,150,15,-9090.133209753272,18676.319313622073,99,0.7552278535883412,1.160392886607993,0.16271962789376893,True,,fixed_official k7to9 extension
A,4,4400,4450,9,3,poisson,bernoulli,150,15,-9164.737050621492,18825.526995358512,99,0.9122842931626169,1.183525877378884,0.16780029087113874,True,,fixed_official k7to9 extension
A,5,4500,4550,9,3,poisson,bernoulli,150,15,-9131.084316918543,18758.221527952614,99,0.8772162109393117,1.1547406635031834,0.16548801279580644,True,,fixed_official k7to9 extension
A,6,4600,4650,9,3,poisson,bernoulli,150,15,-8983.049555248277,18462.152004612082,99,0.8190709733541593,1.1958657774824781,0.1662505354622368,True,,fixed_official k7to9 extension
A,7,4700,4750,9,3,poisson,bernoulli,150,15,-8872.927673907265,18241.908241930058,99,0.8940348328459156,1.1371566720282935,0.16896061485211847,True,,fixed_official k7to9 extension
A,8,4800,4850,9,3,poisson,bernoulli,150,15,-9017.587033304908,18531.226960725344,99,0.7522430778045405,1.135731194137103,0.1578032953433678,True,,fixed_official k7to9 extension
A,9,4900,4950,9,3,poisson,bernoulli,150,15,-9034.956173422754,18565.965240961035,99,0.8436601523435601,1.15846414321121,0.17293918009902834,True,,fixed_official k7to9 extension
B,0,5000,5050,1,3,gaussian,poisson,150,15,-21717.72270237716,43585.76446357721,30,1.0605139451500163,0.7734869242454891,1.535721889769651,True,,fixed_official full k_true=3
B,1,5100,5150,1,3,gaussian,poisson,150,15,-22571.32174208578,45292.96254299445,30,1.384668515893973,0.8123212944349246,1.7183460872303125,True,,fixed_official full k_true=3
B,2,5200,5250,1,3,gaussian,poisson,150,15,-21543.503900160373,43237.32685914364,30,0.7570542120096144,0.8455531505893212,1.6684812460220646,True,,fixed_official full k_true=3
B,3,5300,5350,1,3,gaussian,poisson,150,15,-22892.461586279296,45935.24223138148,30,1.1471214495655075,0.8219942775392421,2.374838561755808,True,,fixed_official full k_true=3
B,4,5400,5450,1,3,gaussian,poisson,150,15,-21620.88628096779,43392.09162075847,30,1.3010944714558714,0.8530676556154336,1.4742985324389994,True,,fixed_official full k_true=3
B,5,5500,5550,1,3,gaussian,poisson,150,15,-21691.95205895543,43534.22317673375,30,1.1416253010686102,0.8106233595230645,1.6925191550367624,True,,fixed_official full k_true=3
B,6,5600,5650,1,3,gaussian,poisson,150,15,-21518.640477965306,43187.6000147535,30,1.197127921863556,0.7867214839427282,1.9653730062559105,True,,fixed_official full k_true=3
B,7,5700,5750,1,3,gaussian,poisson,150,15,-21733.467044661807,43617.253148146505,30,0.7620407569433111,0.8622296149358689,1.523018070530972,True,,fixed_official full k_true=3
B,8,5800,5850,1,3,gaussian,poisson,150,15,-22011.36073302757,44173.04052487803,30,0.9780394359288194,0.8618869843433189,1.6731154460930244,True,,fixed_official full k_true=3
B,9,5900,5950,1,3,gaussian,poisson,150,15,-22025.5557709756,44201.43060077408,30,0.9361164868894783,0.841555338277889,1.899425524624992,True,,fixed_official full k_true=3
B,0,5000,5050,2,3,gaussian,poisson,150,15,-18739.443157281705,37699.35426750365,44,0.5502319099832008,0.5977106646544665,1.1369044132100317,True,,fixed_official full k_true=3
B,1,5100,5150,2,3,gaussian,poisson,150,15,-18723.727246824383,37667.92244658901,44,0.5489344724391533,0.4975878534374762,1.214809538271724,True,,fixed_official full k_true=3
B,2,5200,5250,2,3,gaussian,poisson,150,15,-18445.78292646416,37112.03380586855,44,0.8629687449918233,0.6476252090292286,1.1474565604319442,True,,fixed_official full k_true=3
B,3,5300,5350,2,3,gaussian,poisson,150,15,-19380.12574417953,38980.7194412993,44,0.70546746068101,0.6131031590191705,1.746073789015857,True,,fixed_official full k_true=3
B,4,5400,5450,2,3,gaussian,poisson,150,15,-18577.863539059275,37376.19503105879,44,0.5521136537002309,0.6060800805689572,1.049041850329005,True,,fixed_official full k_true=3
B,5,5500,5550,2,3,gaussian,poisson,150,15,-18633.89273478808,37488.2534225164,44,0.5818215062843842,0.6805744679787409,1.047275392045893,True,,fixed_official full k_true=3
B,6,5600,5650,2,3,gaussian,poisson,150,15,-18527.404442909203,37275.27683875864,44,0.5164987340806002,0.6402844964927253,1.0316759669219635,True,,fixed_official full k_true=3
B,7,5700,5750,2,3,gaussian,poisson,150,15,-18512.439794165955,37245.34754127215,44,0.4737412840689208,0.5288068763769447,1.0711183387603007,True,,fixed_official full k_true=3
B,8,5800,5850,2,3,gaussian,poisson,150,15,-18843.580293143496,37907.628539227226,44,0.8994938643498197,0.6241307735974565,1.01840946966408,True,,fixed_official full k_true=3
B,9,5900,5950,2,3,gaussian,poisson,150,15,-18960.479010842293,38141.42597462482,44,0.2250397601208411,0.5682895587620175,1.3014948935404926,True,,fixed_official full k_true=3
B,0,5000,5050,3,3,gaussian,poisson,150,15,-15948.81418479643,32183.234581356348,57,0.140298973031321,0.3127894000865056,0.4501821447468926,True,,fixed_official full k_true=3
B,1,5100,5150,3,3,gaussian,poisson,150,15,-16071.99474784378,32429.595707451044,57,0.1350230064895866,0.3142831165423552,0.4339217420869034,True,,fixed_official full k_true=3
B,2,5200,5250,3,3,gaussian,poisson,150,15,-15837.936880978768,31961.47997372102,57,0.1346593018423776,0.3231197900026331,0.4561016973345,True,,fixed_official full k_true=3
B,3,5300,5350,3,3,gaussian,poisson,150,15,-16013.303158101571,32312.212527966632,57,0.1557009323450442,0.3126442593346773,0.7309171375030904,True,,fixed_official full k_true=3
B,4,5400,5450,3,3,gaussian,poisson,150,15,-15861.083166614384,32007.77254499225,57,0.1376133557701718,0.307633734707902,0.4603544995575814,True,,fixed_official full k_true=3
B,5,5500,5550,3,3,gaussian,poisson,150,15,-15924.88915199412,32135.384515751728,57,0.1378624153456416,0.3093145706164752,0.4929116826793072,True,,fixed_official full k_true=3
B,6,5600,5650,3,3,gaussian,poisson,150,15,-15953.137845896712,32191.88190355691,57,0.1374361110771984,0.3117730995138663,0.7050529214123243,True,,fixed_official full k_true=3
B,7,5700,5750,3,3,gaussian,poisson,150,15,-16048.815787907262,32383.23778757801,57,0.1427842408263261,0.3143842437620635,0.457995565173981,True,,fixed_official full k_true=3
B,8,5800,5850,3,3,gaussian,poisson,150,15,-15997.627126465157,32280.8604646938,57,0.1442577244212896,0.3134670510607624,0.4284918287302987,True,,fixed_official full k_true=3
B,9,5900,5950,3,3,gaussian,poisson,150,15,-16034.468856447678,32354.543924658843,57,0.1398787564508556,0.3086261645798768,0.4807357645898564,True,,fixed_official full k_true=3
B,0,5000,5050,4,3,gaussian,poisson,150,15,-16072.67773193918,32491.089299171,69,0.3734018136896312,0.3056619829944257,0.450734969434817,True,,fixed_official full k_true=3
B,1,5100,5150,4,3,gaussian,poisson,150,15,-16173.640964753957,32693.01576480055,69,0.3337419993265055,0.3103323989283139,0.4877051802406721,True,,fixed_official full k_true=3
B,2,5200,5250,4,3,gaussian,poisson,150,15,-15982.515165231853,32310.764165756344,69,0.4592196128386397,0.3198388227965519,0.4865188981951616,True,,fixed_official full k_true=3
B,3,5300,5350,4,3,gaussian,poisson,150,15,-16015.061909820794,32375.85765493423,69,0.6178273373581561,0.3030222009268195,0.6417978025215928,True,,fixed_official full k_true=3
B,4,5400,5450,4,3,gaussian,poisson,150,15,-16004.92753709388,32355.588909480404,69,0.4877284490611694,0.3065797114984669,0.5125092047555887,True,,fixed_official full k_true=3
B,5,5500,5550,4,3,gaussian,poisson,150,15,-16067.826602479712,32481.387040252062,69,0.3756029172531933,0.303029055453813,0.5135191785728975,True,,fixed_official full k_true=3
B,6,5600,5650,4,3,gaussian,poisson,150,15,-16092.30109949365,32530.336034279942,69,0.4375064807595019,0.3040827678771189,0.6772010369642599,True,,fixed_official full k_true=3
B,7,5700,5750,4,3,gaussian,poisson,150,15,-16175.411332810538,32696.55650091372,69,0.2239031542425705,0.3114378036666789,0.5381116330554232,True,,fixed_official full k_true=3
B,8,5800,5850,4,3,gaussian,poisson,150,15,-16140.410019960003,32626.55387521265,69,0.3859733962044643,0.3053074140273146,0.5275285103646771,True,,fixed_official full k_true=3
B,9,5900,5950,4,3,gaussian,poisson,150,15,-16189.545232285858,32724.82429986436,69,0.2922338188914647,0.3029335671388689,0.4955848967732308,True,,fixed_official full k_true=3
B,0,5000,5050,5,3,gaussian,poisson,150,15,-16215.788349383198,32832.42752229409,80,0.7116407728059375,0.3009655778820074,0.6024385355071963,True,,fixed_official full k_true=3
B,1,5100,5150,5,3,gaussian,poisson,150,15,-16331.746864535537,33064.34455259877,80,0.7411939696073057,0.3085248385803378,0.5417106297543461,True,,fixed_official full k_true=3
B,2,5200,5250,5,3,gaussian,poisson,150,15,-16133.534307755126,32667.919439037956,80,0.4663874971498212,0.3146586556814982,0.5343390627360781,True,,fixed_official full k_true=3
B,3,5300,5350,5,3,gaussian,poisson,150,15,-16147.465407429829,32695.78163838736,80,0.7072998321844525,0.305972218384561,0.7382559481772413,True,,fixed_official full k_true=3
B,4,5400,5450,5,3,gaussian,poisson,150,15,-16153.498224739187,32707.847273006075,80,0.3341269703707514,0.3072411103350012,0.569743202176958,True,,fixed_official full k_true=3
B,5,5500,5550,5,3,gaussian,poisson,150,15,-16199.416027633572,32799.68287879485,80,0.6890245203467499,0.2990314203840681,0.5592736416155306,True,,fixed_official full k_true=3
B,6,5600,5650,5,3,gaussian,poisson,150,15,-16217.329323837814,32835.50947120333,80,0.6022879224807903,0.3000110928711523,0.6522830208489689,True,,fixed_official full k_true=3
B,7,5700,5750,5,3,gaussian,poisson,150,15,-16315.985618316225,33032.82206016015,80,0.3734673801178395,0.3109779812452547,0.5958483985852805,True,,fixed_official full k_true=3
B,8,5800,5850,5,3,gaussian,poisson,150,15,-16275.090490516375,32951.03180456045,80,0.6580379970556353,0.3044841542813895,0.5375566406029039,True,,fixed_official full k_true=3
B,9,5900,5950,5,3,gaussian,poisson,150,15,-16307.78570012222,33016.42222377214,80,0.4307051740274275,0.3014964740583144,0.5785795676868827,True,,fixed_official full k_true=3
B,0,5000,5050,6,3,gaussian,poisson,150,15,-16354.799264660916,33160.555705790495,90,0.666963111473482,0.2972834309168644,0.5640106509004256,True,,fixed_official full k_true=3
B,1,5100,5150,6,3,gaussian,poisson,150,15,-16474.59369890789,33400.144574284444,90,0.6635232391326793,0.3049175739388159,0.5930949480280606,True,,fixed_official full k_true=3
B,2,5200,5250,6,3,gaussian,poisson,150,15,-16295.298924980472,33041.55502642961,90,0.6277994346437149,0.3169395856896423,0.5668254461451353,True,,fixed_official full k_true=3
B,3,5300,5350,6,3,gaussian,poisson,150,15,-16298.091050775069,33047.1392780188,90,0.6522203053399979,0.2986957184472668,0.6419583391723849,True,,fixed_official full k_true=3
B,4,5400,5450,6,3,gaussian,poisson,150,15,-16292.523908903086,33036.00499427484,90,0.7099947761381169,0.301863717287843,0.6083759779052879,True,,fixed_official full k_true=3
B,5,5500,5550,6,3,gaussian,poisson,150,15,-16355.370828158608,33161.69883278588,90,0.4587652222050611,0.3006366374181939,0.588605760299328,True,,fixed_official full k_true=3
B,6,5600,5650,6,3,gaussian,poisson,150,15,-16374.3703321601,33199.69784078887,90,0.6651936048592455,0.3003924376246919,0.7350761031331222,True,,fixed_official full k_true=3
B,7,5700,5750,6,3,gaussian,poisson,150,15,-16468.11484326749,33387.18686300364,90,0.6111245410964657,0.3073779392235025,0.5853524857794598,True,,fixed_official full k_true=3
B,8,5800,5850,6,3,gaussian,poisson,150,15,-16412.5678903495,33276.09295716766,90,0.4317544245330442,0.3030185484673229,0.6119553851764786,True,,fixed_official full k_true=3
B,9,5900,5950,6,3,gaussian,poisson,150,15,-16456.29710379959,33363.55138406784,90,0.7087594539166132,0.2941733305140304,0.6023358331694367,True,,fixed_official full k_true=3
B,0,5000,5050,7,3,gaussian,poisson,150,15,-16496.412945514683,33488.878785144894,99,0.7150041029598384,0.2954223310399929,0.6037695363129307,True,,fixed_official k7to9 extension
B,1,5100,5150,7,3,gaussian,poisson,150,15,-16601.316835123383,33698.686564362295,99,0.793170765965174,0.297864639079101,0.6350956045688871,True,,fixed_official k7to9 extension
B,2,5200,5250,7,3,gaussian,poisson,150,15,-16423.19951690996,33342.45192793545,99,0.6661146185414776,0.3122065478564535,0.5856050386693318,True,,fixed_official k7to9 extension
B,3,5300,5350,7,3,gaussian,poisson,150,15,-16462.352099275045,33420.75709266562,99,0.6195347196378519,0.3006690959283113,0.765915944551366,True,,fixed_official k7to9 extension
B,4,5400,5450,7,3,gaussian,poisson,150,15,-16457.760407768452,33411.57370965243,99,0.7730164288353376,0.3030095120915168,0.6490922594958501,True,,fixed_official k7to9 extension
B,5,5500,5550,7,3,gaussian,poisson,150,15,-16502.490321594574,33501.03353730468,99,0.6037709652785401,0.2934312465802685,0.6155650759412186,True,,fixed_official k7to9 extension
B,6,5600,5650,7,3,gaussian,poisson,150,15,-16533.092748245424,33562.23839060638,99,0.404804901091147,0.294039931459508,0.7593069388142997,True,,fixed_official k7to9 extension
B,7,5700,5750,7,3,gaussian,poisson,150,15,-16608.2630425768,33712.57897926913,99,0.5307000717129531,0.3032542174122634,0.6244325835202732,True,,fixed_official k7to9 extension
B,8,5800,5850,7,3,gaussian,poisson,150,15,-16579.875420849523,33655.803735814574,99,0.7251296989451501,0.3008449942412287,0.6188968252050387,True,,fixed_official k7to9 extension
B,9,5900,5950,7,3,gaussian,poisson,150,15,-16605.79881563002,33707.65052537557,99,0.5994522680601361,0.28600856684870696,0.5796006439778345,True,,fixed_official k7to9 extension
B,0,5000,5050,8,3,gaussian,poisson,150,15,-16675.797316182237,33887.732608832775,107,0.8511503806344074,0.29271194556660124,0.6672415308779642,True,,fixed_official k7to9 extension
B,1,5100,5150,8,3,gaussian,poisson,150,15,-16759.67854844743,34055.49507336316,107,0.661808018130128,0.2955379744992667,0.6061774967025548,True,,fixed_official k7to9 extension
B,2,5200,5250,8,3,gaussian,poisson,150,15,-16589.867957067192,33715.873890602685,107,0.6635197488599772,0.3125515564555987,0.6356889711836197,True,,fixed_official k7to9 extension
B,3,5300,5350,8,3,gaussian,poisson,150,15,-16619.094611218112,33774.327198904524,107,0.9799908251604261,0.28853724982237616,0.6132157661066813,True,,fixed_official k7to9 extension
B,4,5400,5450,8,3,gaussian,poisson,150,15,-16631.52490584465,33799.1877881576,107,0.6728345448603033,0.2957929807466082,0.5919755387950556,True,,fixed_official k7to9 extension
B,5,5500,5550,8,3,gaussian,poisson,150,15,-16678.107384086383,33892.352744641066,107,0.5912893256509749,0.2945971725431296,0.6291144551818473,True,,fixed_official k7to9 extension
B,6,5600,5650,8,3,gaussian,poisson,150,15,-16681.32604954274,33898.79007555378,107,0.6080562655001084,0.2920114918801825,0.7804353472683369,True,,fixed_official k7to9 extension
B,7,5700,5750,8,3,gaussian,poisson,150,15,-16795.866802085857,34127.871580640014,107,0.8223828609760865,0.2983606405383793,0.6007825256306606,True,,fixed_official k7to9 extension
B,8,5800,5850,8,3,gaussian,poisson,150,15,-16733.31922429383,34002.77642505596,107,0.7552767678701401,0.2979328432412694,0.650662793865244,True,,fixed_official k7to9 extension
B,9,5900,5950,8,3,gaussian,poisson,150,15,-16743.038081166404,34022.21413880111,107,0.8201598580770461,0.2901703552536262,0.6541310280141726,True,,fixed_official k7to9 extension
B,0,5000,5050,9,3,gaussian,poisson,150,15,-16839.566888305428,34250.34620013783,114,0.6843286663762551,0.2913788201843868,0.7286018511514114,True,,fixed_official k7to9 extension
B,1,5100,5150,9,3,gaussian,poisson,150,15,-16914.008498095183,34399.22941971734,114,0.9054041443765981,0.2952039848312504,0.6952367281391097,True,,fixed_official k7to9 extension
B,2,5200,5250,9,3,gaussian,poisson,150,15,-16753.337155729798,34077.88673498657,114,0.7773355232930951,0.3081335323633658,0.6302157554908858,True,,fixed_official k7to9 extension
B,3,5300,5350,9,3,gaussian,poisson,150,15,-16766.92173944834,34105.05590242365,114,0.6957754057262043,0.2905443413221763,0.73486630538612,True,,fixed_official k7to9 extension
B,4,5400,5450,9,3,gaussian,poisson,150,15,-16788.15101130394,34147.514446134854,114,0.6932770475937828,0.2920584566745994,0.6093095697447658,True,,fixed_official k7to9 extension
B,5,5500,5550,9,3,gaussian,poisson,150,15,-16855.649668301645,34282.51176013026,114,0.8126482877136925,0.28445587469347877,0.619811370728312,True,,fixed_official k7to9 extension
B,6,5600,5650,9,3,gaussian,poisson,150,15,-16851.273322310546,34273.759068148065,114,0.7944025926638714,0.29581647695968527,0.7493936339324359,True,,fixed_official k7to9 extension
B,7,5700,5750,9,3,gaussian,poisson,150,15,-16911.147015385308,34393.50645429759,114,0.7951133987487801,0.2959608189656564,0.7204924720472317,True,,fixed_official k7to9 extension
B,8,5800,5850,9,3,gaussian,poisson,150,15,-16886.01377661842,34343.23997676381,114,0.7068903913350135,0.2951701089794205,0.6736421165255359,True,,fixed_official k7to9 extension
B,9,5900,5950,9,3,gaussian,poisson,150,15,-16948.71728716627,34468.64699785951,114,0.6467252595296245,0.2868855043946195,0.6451664824435975,True,,fixed_official k7to9 extension
C,0,6000,6050,1,3,bernoulli,gaussian,150,15,-3134.503050408699,6349.176265522938,16,0.6070040482278218,0.4775452876397093,0.6855931446326314,True,,fixed_official full k_true=3
C,1,6100,6150,1,3,bernoulli,gaussian,150,15,-3220.819837838754,6521.809840383048,16,1.3172144102973833,0.4836282062185757,0.6876397114727638,True,,fixed_official full k_true=3
C,2,6200,6250,1,3,bernoulli,gaussian,150,15,-3111.173075267212,6302.516315239964,16,0.8607639163348886,0.4824431328282766,0.6812763022852223,True,,fixed_official full k_true=3
C,3,6300,6350,1,3,bernoulli,gaussian,150,15,-2564.6339908550226,5209.438146415585,16,0.9183448829263154,0.4814342991463632,0.64722919951756,True,,fixed_official full k_true=3
C,4,6400,6450,1,3,bernoulli,gaussian,150,15,-3085.5643718183837,6251.298908342306,16,0.7950908428196612,0.4780911809370933,0.6817331388778559,True,,fixed_official full k_true=3
C,5,6500,6550,1,3,bernoulli,gaussian,150,15,-3011.261208080173,6102.692580865886,16,1.3829662004409216,0.4772017917002618,0.6769765461410405,True,,fixed_official full k_true=3
C,6,6600,6650,1,3,bernoulli,gaussian,150,15,-3290.0909877563,6660.35214021814,16,0.9836150056190032,0.4802906955648927,0.69485336344879,True,,fixed_official full k_true=3
C,7,6700,6750,1,3,bernoulli,gaussian,150,15,-2974.6227293802885,6029.415623466117,16,0.7689632251041804,0.4860242590194261,0.6731474787598611,True,,fixed_official full k_true=3
C,8,6800,6850,1,3,bernoulli,gaussian,150,15,-3069.978026917439,6220.1262185404175,16,1.032619302176952,0.4812022289919369,0.6797319962334512,True,,fixed_official full k_true=3
C,9,6900,6950,1,3,bernoulli,gaussian,150,15,-2811.1349440585827,5702.440052822705,16,1.1290763065341034,0.4847919410488449,0.6619269744208348,True,,fixed_official full k_true=3
C,0,6000,6050,2,3,bernoulli,gaussian,150,15,1437.0059649139605,-2723.692871005033,30,0.6098313400329315,0.4616252074498573,0.4430987578186475,True,,fixed_official full k_true=3
C,1,6100,6150,2,3,bernoulli,gaussian,150,15,589.7741416262721,-1029.2292244296566,30,0.5492448339296221,0.4684509875325368,0.4777312246130388,True,,fixed_official full k_true=3
C,2,6200,6250,2,3,bernoulli,gaussian,150,15,1015.5259999379754,-1880.732941053063,30,0.6220632026333018,0.4733635637129599,0.4587201880904984,True,,fixed_official full k_true=3
C,3,6300,6350,2,3,bernoulli,gaussian,150,15,1422.6004322329677,-2694.8818056430478,30,0.4720083144756656,0.4631736430286786,0.4433622350897293,True,,fixed_official full k_true=3
C,4,6400,6450,2,3,bernoulli,gaussian,150,15,662.0247811959265,-1173.730503568965,30,0.5948322897597216,0.4594323032190122,0.4769847268280291,True,,fixed_official full k_true=3
C,5,6500,6550,2,3,bernoulli,gaussian,150,15,1225.2408405524616,-2300.1626222820355,30,0.5729233260855402,0.4663487093375493,0.4514172449581064,True,,fixed_official full k_true=3
C,6,6600,6650,2,3,bernoulli,gaussian,150,15,735.4804973605904,-1320.6419358982932,30,0.6999215314483542,0.4601352386535634,0.4744672469725716,True,,fixed_official full k_true=3
C,7,6700,6750,2,3,bernoulli,gaussian,150,15,1132.5944290511895,-2114.8697992794914,30,0.5263239651234388,0.4675992004166381,0.4549880830005952,True,,fixed_official full k_true=3
C,8,6800,6850,2,3,bernoulli,gaussian,150,15,954.8431852378778,-1759.367311652868,30,0.5125165319711852,0.4641507677968206,0.4632125232243307,True,,fixed_official full k_true=3
C,9,6900,6950,2,3,bernoulli,gaussian,150,15,1413.1385319695194,-2675.958005116151,30,0.510175859291783,0.4650218566695875,0.4439550858867508,True,,fixed_official full k_true=3
C,0,6000,6050,3,3,bernoulli,gaussian,150,15,18131.48082614282,-36047.504334639496,43,0.0222151140784931,0.4503126904835123,0.0270450918035941,True,,fixed_official full k_true=3
C,1,6100,6150,3,3,bernoulli,gaussian,150,15,18347.26682010141,-36479.07632255668,43,0.0228704624099761,0.4518994868478547,0.0280310956718424,True,,fixed_official full k_true=3
C,2,6200,6250,3,3,bernoulli,gaussian,150,15,18266.63926493576,-36317.82121222538,43,0.0217759285936591,0.4571844083762033,0.0265873904036762,True,,fixed_official full k_true=3
C,3,6300,6350,3,3,bernoulli,gaussian,150,15,18104.15609965988,-35992.854881673615,43,0.0241209606531976,0.4512098410276438,0.0293671921998384,True,,fixed_official full k_true=3
C,4,6400,6450,3,3,bernoulli,gaussian,150,15,18340.352334595034,-36465.24735154393,43,0.022901396134197,0.4486352308300618,0.027996400797298,True,,fixed_official full k_true=3
C,5,6500,6550,3,3,bernoulli,gaussian,150,15,18186.726075452832,-36157.99483325952,43,0.0228937712052994,0.4535881271929405,0.0280501988738888,True,,fixed_official full k_true=3
C,6,6600,6650,3,3,bernoulli,gaussian,150,15,18081.508342549765,-35947.55936745339,43,0.024002883438669,0.4471865133145342,0.0293357372995085,True,,fixed_official full k_true=3
C,7,6700,6750,3,3,bernoulli,gaussian,150,15,18320.34408082442,-36425.2308440027,43,0.0234032695621066,0.4510567438270111,0.0284426035170744,True,,fixed_official full k_true=3
C,8,6800,6850,3,3,bernoulli,gaussian,150,15,18275.775658063816,-36336.09399848149,43,0.024282384694544,0.4520288068978856,0.0296348593135066,True,,fixed_official full k_true=3
C,9,6900,6950,3,3,bernoulli,gaussian,150,15,18164.966027038863,-36114.474736431584,43,0.0234570775670017,0.4458935648247378,0.0286022880560686,True,,fixed_official full k_true=3
C,0,6000,6050,4,3,bernoulli,gaussian,150,15,18004.79549466291,-35734.00604815053,55,0.3413172843597745,0.4483060709926686,0.0313083748122668,True,,fixed_official full k_true=3
C,1,6100,6150,4,3,bernoulli,gaussian,150,15,18218.39050188943,-36161.196062603565,55,0.4757150569514304,0.4497394989639924,0.0317316411767398,True,,fixed_official full k_true=3
C,2,6200,6250,4,3,bernoulli,gaussian,150,15,18119.76911338286,-35963.953285590425,55,0.139190074612495,0.4539745703470664,0.0322426604395851,True,,fixed_official full k_true=3
C,3,6300,6350,4,3,bernoulli,gaussian,150,15,17988.11502162156,-35700.64510206783,55,0.2511011366766328,0.4486999005765862,0.0347806043425532,True,,fixed_official full k_true=3
C,4,6400,6450,4,3,bernoulli,gaussian,150,15,18216.1135368966,-36156.64213261791,55,0.4129221803551384,0.446532152733506,0.0312123005296887,True,,fixed_official full k_true=3
C,5,6500,6550,4,3,bernoulli,gaussian,150,15,18046.83144724695,-35818.07795331861,55,0.4848278672733955,0.4527638900804531,0.0325098238246489,True,,fixed_official full k_true=3
C,6,6600,6650,4,3,bernoulli,gaussian,150,15,17958.62663793713,-35641.66833469897,55,0.486859919644881,0.4434825897859971,0.0340236838738123,True,,fixed_official full k_true=3
C,7,6700,6750,4,3,bernoulli,gaussian,150,15,18183.86443287872,-36092.14392458214,55,0.4937864050182784,0.4472766048617707,0.0323734641428144,True,,fixed_official full k_true=3
C,8,6800,6850,4,3,bernoulli,gaussian,150,15,18132.69588531509,-35989.80682945489,55,0.2514086251570427,0.448259542971183,0.0316954167095393,True,,fixed_official full k_true=3
C,9,6900,6950,4,3,bernoulli,gaussian,150,15,18022.06888380511,-35768.55282643493,55,0.13260645921144,0.4444987802755391,0.0308762881348447,True,,fixed_official full k_true=3
C,0,6000,6050,5,3,bernoulli,gaussian,150,15,17864.351289767284,-35398.00065012422,66,0.4443103524121137,0.4456925363896339,0.0356486655063593,True,,fixed_official full k_true=3
C,1,6100,6150,5,3,bernoulli,gaussian,150,15,18086.538059776205,-35842.37419014206,66,0.60143143683053,0.4457648416251582,0.0355504237035772,True,,fixed_official full k_true=3
C,2,6200,6250,5,3,bernoulli,gaussian,150,15,17970.16635353996,-35609.63077766957,66,0.2600155434224833,0.4525021225202887,0.0350026895627497,True,,fixed_official full k_true=3
C,3,6300,6350,5,3,bernoulli,gaussian,150,15,17867.59772813183,-35404.49352685331,66,0.3473176631171792,0.4454714064273898,0.0392929877460316,True,,fixed_official full k_true=3
C,4,6400,6450,5,3,bernoulli,gaussian,150,15,18098.611981842696,-35866.52203427504,66,0.353772138613116,0.442208638451515,0.0336667004628422,True,,fixed_official full k_true=3
C,5,6500,6550,5,3,bernoulli,gaussian,150,15,17906.763142953896,-35482.82435649744,66,0.5897120716883136,0.4483857482640271,0.0359914412097078,True,,fixed_official full k_true=3
C,6,6600,6650,5,3,bernoulli,gaussian,150,15,17833.259464221657,-35335.81699903296,66,0.5401836297486872,0.4405879825576058,0.0356140839056109,True,,fixed_official full k_true=3
C,7,6700,6750,5,3,bernoulli,gaussian,150,15,18049.45747408637,-35768.2130187624,66,0.3714122553586589,0.4444325319588342,0.034222267342775,True,,fixed_official full k_true=3
C,8,6800,6850,5,3,bernoulli,gaussian,150,15,17988.397301929166,-35646.09267444798,66,0.368390329513905,0.4464636737544606,0.0369812380425679,True,,fixed_official full k_true=3
C,9,6900,6950,5,3,bernoulli,gaussian,150,15,17885.49119650644,-35440.280463602525,66,0.454493328655717,0.4393875725004914,0.0358065332486588,True,,fixed_official full k_true=3
C,0,6000,6050,6,3,bernoulli,gaussian,150,15,17713.691077086893,-35046.57387182247,76,0.2887171578369349,0.4407821536283148,0.0363130970852511,True,,fixed_official full k_true=3
C,1,6100,6150,6,3,bernoulli,gaussian,150,15,17952.686005258183,-35524.56372816505,76,0.3834160184999658,0.4433111648570929,0.0372102237221405,True,,fixed_official full k_true=3
C,2,6200,6250,6,3,bernoulli,gaussian,150,15,17876.596058306422,-35372.38383426153,76,0.6435311538834996,0.449439754050226,0.0378157876808468,True,,fixed_official full k_true=3
C,3,6300,6350,6,3,bernoulli,gaussian,150,15,17730.73839033951,-35080.6684983277,76,0.5423453392258261,0.4429957493321528,0.0397589695751653,True,,fixed_official full k_true=3
C,4,6400,6450,6,3,bernoulli,gaussian,150,15,17946.553480413837,-35512.29867847636,76,0.2037397883445456,0.4412193307845623,0.0376633808534153,True,,fixed_official full k_true=3
C,5,6500,6550,6,3,bernoulli,gaussian,150,15,17768.696500986298,-35156.58471962128,76,0.7014140453409059,0.4442878365519636,0.0394195577574428,True,,fixed_official full k_true=3
C,6,6600,6650,6,3,bernoulli,gaussian,150,15,17708.860449888947,-35036.91261742658,76,0.4910019765640209,0.4353349090802286,0.0393817469100505,True,,fixed_official full k_true=3
C,7,6700,6750,6,3,bernoulli,gaussian,150,15,17907.157713758064,-35433.50714516481,76,0.6448130922544102,0.4417840295787679,0.0374274306938211,True,,fixed_official full k_true=3
C,8,6800,6850,6,3,bernoulli,gaussian,150,15,17867.90525314022,-35355.00222392912,76,0.5879804479072166,0.4450005510428951,0.0373722437173592,True,,fixed_official full k_true=3
C,9,6900,6950,6,3,bernoulli,gaussian,150,15,17746.088670946025,-35111.36905954073,76,0.2992662714159805,0.4394373299183272,0.0393387769209255,True,,fixed_official full k_true=3
C,0,6000,6050,7,3,bernoulli,gaussian,150,15,17585.59121676576,-34745.278433533334,85,0.5960615624587506,0.43990839325921727,0.04208223417314403,True,,fixed_official k7to9 extension
C,1,6100,6150,7,3,bernoulli,gaussian,150,15,17832.461702625857,-35239.01940525353,85,0.6183289058925346,0.4370722604428302,0.03824751164077252,True,,fixed_official k7to9 extension
C,2,6200,6250,7,3,bernoulli,gaussian,150,15,17722.91278199164,-35019.921563985095,85,0.5825255306345443,0.4445126233456641,0.03976608307777698,True,,fixed_official k7to9 extension
C,3,6300,6350,7,3,bernoulli,gaussian,150,15,17600.454463947175,-34775.00492789617,85,0.6182037058831725,0.4374789285025442,0.04241417520201692,True,,fixed_official k7to9 extension
C,4,6400,6450,7,3,bernoulli,gaussian,150,15,17808.845128588426,-35191.78625717867,85,0.29220771593214784,0.4359160856681128,0.040368111317281595,True,,fixed_official k7to9 extension
C,5,6500,6550,7,3,bernoulli,gaussian,150,15,17639.841273927992,-34853.7785478578,85,0.3829693522407162,0.4429609783924911,0.04235788677066099,True,,fixed_official k7to9 extension
C,6,6600,6650,7,3,bernoulli,gaussian,150,15,17547.787139771594,-34669.670279545004,85,0.3557620611794431,0.4353286464207033,0.041837690002208196,True,,fixed_official k7to9 extension
C,7,6700,6750,7,3,bernoulli,gaussian,150,15,17766.9769812672,-35108.04996253621,85,0.3708750920662605,0.4378555565357413,0.04017691533872784,True,,fixed_official k7to9 extension
C,8,6800,6850,7,3,bernoulli,gaussian,150,15,17705.820132010762,-34985.73626402334,85,0.6801336054194325,0.44021673059651945,0.04213062576237064,True,,fixed_official k7to9 extension
C,9,6900,6950,7,3,bernoulli,gaussian,150,15,17604.56931952199,-34783.2346390458,85,0.5150787812214749,0.4381020055284591,0.04032407325057552,True,,fixed_official k7to9 extension
C,0,6000,6050,8,3,bernoulli,gaussian,150,15,17455.27017560263,-34444.55126885431,93,0.6150679460119215,0.4360039647243903,0.04145806406136127,True,,fixed_official k7to9 extension
C,1,6100,6150,8,3,bernoulli,gaussian,150,15,17673.28069722992,-34880.57231210889,93,0.4954881315861534,0.43835341381989906,0.042942068282537646,True,,fixed_official k7to9 extension
C,2,6200,6250,8,3,bernoulli,gaussian,150,15,17593.77542550148,-34721.56176865201,93,0.6358670246804531,0.44000023944997485,0.04284522813152866,True,,fixed_official k7to9 extension
C,3,6300,6350,8,3,bernoulli,gaussian,150,15,17478.035482891057,-34490.081883431165,93,0.5692804949304184,0.43370930976371785,0.04556654103638381,True,,fixed_official k7to9 extension
C,4,6400,6450,8,3,bernoulli,gaussian,150,15,17652.37676867547,-34838.76445499999,93,0.3014691216040401,0.43202059407736243,0.042855495824802595,True,,fixed_official k7to9 extension
C,5,6500,6550,8,3,bernoulli,gaussian,150,15,17504.882447006163,-34543.77581166138,93,0.5731323257673991,0.4400729606040086,0.042764411799495146,True,,fixed_official k7to9 extension
C,6,6600,6650,8,3,bernoulli,gaussian,150,15,17400.223911376972,-34334.458740402995,93,0.5847343004065798,0.4347321447028878,0.043015691621130246,True,,fixed_official k7to9 extension
C,7,6700,6750,8,3,bernoulli,gaussian,150,15,17622.484137406886,-34778.97919246282,93,0.6542190475020658,0.434015301066526,0.043213913341697545,True,,fixed_official k7to9 extension
C,8,6800,6850,8,3,bernoulli,gaussian,150,15,17552.14107421082,-34638.29306607069,93,0.5929922380906011,0.4374750559533525,0.041624499820914214,True,,fixed_official k7to9 extension
C,9,6900,6950,8,3,bernoulli,gaussian,150,15,17472.224982616513,-34478.46088288208,93,0.588358465919691,0.43167781046810466,0.0443906590359228,True,,fixed_official k7to9 extension
C,0,6000,6050,9,3,bernoulli,gaussian,150,15,17327.6428637955,-34154.22219818137,100,0.32186390935849857,0.43437346302335134,0.044003761759723134,True,,fixed_official k7to9 extension
C,1,6100,6150,9,3,bernoulli,gaussian,150,15,17553.984444853373,-34606.90536029712,100,0.5463346363586935,0.4328234861710687,0.04574245386222546,True,,fixed_official k7to9 extension
C,2,6200,6250,9,3,bernoulli,gaussian,150,15,17487.263887955203,-34473.46424650078,100,0.594713663147205,0.43932534144882884,0.04473077076397214,True,,fixed_official k7to9 extension
C,3,6300,6350,9,3,bernoulli,gaussian,150,15,17333.83443840086,-34166.60534739209,100,0.5492540934907494,0.43408671999414433,0.0460354221522064,True,,fixed_official k7to9 extension
C,4,6400,6450,9,3,bernoulli,gaussian,150,15,17512.2013431377,-34523.339156865775,100,0.3286568717315141,0.43200103101593346,0.04521414297631818,True,,fixed_official k7to9 extension
C,5,6500,6550,9,3,bernoulli,gaussian,150,15,17367.97218687745,-34234.88084434527,100,0.6017877722301086,0.4334516652606822,0.04412527231871275,True,,fixed_official k7to9 extension
C,6,6600,6650,9,3,bernoulli,gaussian,150,15,17240.714623813656,-33980.36571821768,100,0.40098871474485864,0.43048498188992274,0.045811982892198275,True,,fixed_official k7to9 extension
C,7,6700,6750,9,3,bernoulli,gaussian,150,15,17474.410785133885,-34447.75804085814,100,0.48474641922044237,0.4351212942610146,0.04486686191214378,True,,fixed_official k7to9 extension
C,8,6800,6850,9,3,bernoulli,gaussian,150,15,17420.38789259531,-34339.71225578099,100,0.526062424144739,0.4330449975060566,0.04448087329296453,True,,fixed_official k7to9 extension
C,9,6900,6950,9,3,bernoulli,gaussian,150,15,17330.547315442982,-34160.031101476336,100,0.6439458947888639,0.429454904795914,0.0454304640524214,True,,fixed_official k7to9 extension
