r_true,r_true_tag,trial,data_seed,model_seed,y_var_mean_ratio_gen,y_mean_gen,y_zero_ratio_gen,fit_condition,family_y_fit,nb_r_fit,w0_est,w_est,bic_train,q_strict_train,nan_occurred,runtime_s,rmse_Z,rmse_F,w0_err,w_err,test_n_pairs,test_rmse,test_mae,test_pearson,test_spearman,test_mean_ll,test_pearson_dispersion,train_n_pairs,train_rmse,train_mae,train_pearson,train_spearman,train_mean_ll,train_pearson_dispersion,r_hat_train
2.0,2,0,51000,53000,5.388203010378742,5.069696969696969,0.11535353535353535,poisson,poisson,,1.493133151429091,0.3226561082192849,26477.90544995688,-13142.244151072691,False,8.42,0.4028147442635626,0.27850826693977304,0.006866848570908912,0.02265610821928493,990,5.001175515301558,3.4388885079670013,0.3085846447409208,0.32494827962966644,-3.359477476989902,3.9071927485040256,3960,4.2513177266894875,3.0506172048094755,0.6009190766675646,0.503678015537258,-2.986239972334553,3.0613866298955137,
2.0,2,0,51000,53000,5.388203010378742,5.069696969696969,0.11535353535353535,nb_oracle,nb,2.0,1.515130996657285,0.29674430295716486,23129.089523941777,-11465.533602972144,False,9.19,0.44246232437716865,0.2968996028166726,0.015130996657285012,0.003255697042835126,990,4.663692775365061,3.3639231492664807,0.3432250242520938,0.28549126311270684,-2.588189562376659,3.8752516461445112,3960,4.549855639137477,3.214771915444123,0.5175887795428228,0.4692326781305797,-2.569228484207875,3.4622703542557502,2.2844341053585064
2.0,2,0,51000,53000,5.388203010378742,5.069696969696969,0.11535353535353535,nb_moment,nb,2.2844341053585064,1.5146895842361494,0.299848228162111,23115.39611224826,-11458.686897125386,False,8.59,0.4711888848092039,0.29781171867600725,0.014689584236149411,0.00015177183788900317,990,4.87481607278392,3.5370612527099707,0.28604798092092326,0.26178728175612065,-2.6242008355430917,4.075824186814754,3960,4.540075522347021,3.1877638767618603,0.5206187445263154,0.47221142792190984,-2.5658726969445507,3.425964571689584,2.2844341053585064
2.0,2,1,51001,53010,6.087974066997273,4.988484848484848,0.11535353535353535,poisson,poisson,,1.4677551215779872,0.33117041765190053,26448.95486048426,-13127.76885633638,False,8.49,0.39018619142227573,0.24066084659982442,0.032244878422012846,0.03117041765190054,990,4.764875446404735,3.3673408010829156,0.48025445364808844,0.37600420156030173,-3.2168266054657755,3.5164467332089395,3960,4.271572400355807,3.0083664519408084,0.6564002848400621,0.4795843617969795,-2.982942163942735,3.16975164130032,
2.0,2,1,51001,53010,6.087974066997273,4.988484848484848,0.11535353535353535,nb_oracle,nb,2.0,1.4865166375730139,0.3037156177255406,22906.84015808381,-11354.40892004316,False,9.0,0.46338988372766776,0.26440783268925033,0.013483362426986112,0.003715617725540632,990,4.640071280204876,3.3310952597710224,0.40900835548373327,0.3568264133549159,-2.575960012366673,3.607057425565703,3960,4.873483732333813,3.190562190456201,0.5278946614429291,0.4632882360780743,-2.535052286887484,3.510969064631152,1.7850301614718151
2.0,2,1,51001,53010,6.087974066997273,4.988484848484848,0.11535353535353535,nb_moment,nb,1.7850301614718151,1.4914415513110577,0.29704733396026756,22958.258618856456,-11380.118150429484,False,9.79,0.4748895383409572,0.2613250282601022,0.008558448688942288,0.0029526660397324322,990,4.491345013397273,3.285685960996383,0.44732323979662403,0.36727771949138815,-2.5703956840343216,3.4924844929061316,3960,4.829429154899311,3.2296965126792068,0.5467076785573204,0.45812485393288893,-2.542864612882157,3.5547016018715674,1.7850301614718151
2.0,2,2,51002,53020,6.640682893265676,5.124848484848485,0.11252525252525253,poisson,poisson,,1.4809212106836072,0.32720683872002376,26361.90298627503,-13084.242919231765,False,8.41,0.36831568721808555,0.26198866857873243,0.01907878931639284,0.027206838720023774,990,5.184907407776697,3.4518550124289016,0.4635098151646955,0.3764588129864517,-3.3970886951403925,4.35358513555951,3960,4.253289659633584,3.030066084536542,0.6874903601591503,0.4653669309656805,-2.9743223890351294,3.0338923667492685,
2.0,2,2,51002,53020,6.640682893265676,5.124848484848485,0.11252525252525253,nb_oracle,nb,2.0,1.5049580485484633,0.294779540755206,22974.241545702578,-11388.109613852544,False,8.52,0.4144060239521426,0.3163246644496098,0.0049580485484632675,0.0052204592447939735,990,5.198684544902611,3.479145284495575,0.44887342160197924,0.3504064882269732,-2.6279245938403712,4.195949941314472,3960,4.8210332134552445,3.2150988642658938,0.5707826019111002,0.4363986497057308,-2.5563835711959353,3.5218249232088428,2.1265473084917996
2.0,2,2,51002,53020,6.640682893265676,5.124848484848485,0.11252525252525253,nb_moment,nb,2.1265473084917996,1.5034522375901402,0.2964144617491609,22965.046298167905,-11383.511990085208,False,8.75,0.4307984724696781,0.3516809654269785,0.003452237590140239,0.003585538250839071,990,5.371863403524504,3.548195561980918,0.3987556884095251,0.33591052607008637,-2.6538666538534192,4.4447134212938515,3960,4.8888071956942065,3.2238884781709665,0.5469642998671048,0.4401266661298246,-2.549671285306202,3.4263697406982803,2.1265473084917996
2.0,2,3,51003,53030,7.0475528104144995,5.078585858585859,0.11333333333333333,poisson,poisson,,1.4700048063384274,0.32542151055278545,26674.609589248736,-13240.596220718618,False,9.05,0.3835629379418465,0.2878915939887639,0.02999519366157255,0.025421510552785465,990,5.578017957415305,3.61033623666881,0.45184003034537956,0.368395771588237,-3.5152587477126103,4.690218138021024,3960,4.402368407453445,3.0705860086623713,0.6720921930341548,0.45268120932386957,-3.012726109256146,3.2153497211398627,
2.0,2,3,51003,53030,7.0475528104144995,5.078585858585859,0.11333333333333333,nb_oracle,nb,2.0,1.495172951302404,0.2929709319308574,22946.354368550685,-11374.166025276598,False,9.23,0.4378487049340741,0.3257093516396883,0.0048270486975960925,0.007029068069142608,990,5.382403553501397,3.578092015625259,0.4957700159311411,0.3373507862848306,-2.63562219675052,4.56892011437603,3960,5.01725521226818,3.2387800354248317,0.5334242023667817,0.42389257264759994,-2.545685576639295,3.665363532021367,2.022055626769818
2.0,2,3,51003,53030,7.0475528104144995,5.078585858585859,0.11333333333333333,nb_moment,nb,2.022055626769818,1.4942252464261336,0.28951003558485,22955.4112158348,-11378.694448918655,False,9.02,0.44577217112145656,0.3088470639043171,0.005774753573866365,0.010489964415149988,990,5.647062027145036,3.6686578739476494,0.4161137086334729,0.3367666286916994,-2.6470701465082955,4.89468852159717,3960,4.816648544438106,3.2077792770694997,0.5837774932403901,0.4236289790979839,-2.544000438558908,3.5368088817261194,2.022055626769818
2.0,2,4,51004,53040,6.637908044754154,5.178787878787879,0.11171717171717171,poisson,poisson,,1.496345584754807,0.32147784118558487,26792.14439358012,-13299.363622884312,False,8.18,0.3557995003922754,0.273604489220953,0.0036544152451929435,0.02147784118558488,990,5.086863113865367,3.4552259974932427,0.4589491566746558,0.4133857151082488,-3.397420373972998,4.37322955760834,3960,4.322450652080159,3.1024645968161924,0.6815740160520791,0.4792553438711373,-3.0281464511752234,3.165884261485057,
2.0,2,4,51004,53040,6.637908044754154,5.178787878787879,0.11171717171717171,nb_oracle,nb,2.0,1.5151431788693581,0.30220046728477357,23074.0240254429,-11438.000853722706,False,8.7,0.44753516339350485,0.3195509241793242,0.01514317886935812,0.0022004672847735773,990,5.27448054906294,3.5904599112227156,0.39304484044340543,0.36838234212775733,-2.6586607930145507,4.9220232151223895,3960,4.834059842746899,3.2624624418657344,0.575279911078764,0.4529610216459344,-2.5641165876256125,3.481311868446889,2.1013787349077133
2.0,2,4,51004,53040,6.637908044754154,5.178787878787879,0.11171717171717171,nb_moment,nb,2.1013787349077133,1.5131731676486848,0.3031216492787018,23058.06859739704,-11430.023139699775,False,8.8,0.4130000834692287,0.3105669246802418,0.013173167648684814,0.003121649278701788,990,5.236060028324616,3.522395243030058,0.41364423074216955,0.400359259575263,-2.6322446743123624,4.509016323432068,3960,4.615031357236445,3.222028565952997,0.6244377660462402,0.45477476341216155,-2.5606951714535295,3.4137586759357794,2.1013787349077133
5.0,5,0,51000,53000,4.148728275072044,5.13030303030303,0.06202020202020202,poisson,poisson,,1.5139349101651576,0.3013421411422052,22992.650478049345,-11399.616665118923,False,8.4,0.2930989915381856,0.26735247502927195,0.013934910165157577,0.001342141142205211,990,3.654301560943056,2.6134978777085704,0.6053440141562288,0.4988697388665169,-2.678202198886224,2.2891457678080145,3960,3.3144337464456037,2.465921586135646,0.6973257527462745,0.5616718622349789,-2.5509055970646086,1.9327090571571321,
5.0,5,0,51000,53000,4.148728275072044,5.13030303030303,0.06202020202020202,nb_oracle,nb,5.0,1.5244751304709951,0.29189729865920444,22056.031613672527,-10929.004647837519,False,8.64,0.3363990051925928,0.2813340391674596,0.024475130470995143,0.008102701340795548,990,3.678221095267963,2.608702153840663,0.5962151773529721,0.4978523881320728,-2.4332704995733643,2.219985939854644,3960,3.5033083912322796,2.5421511453370713,0.6524610701207494,0.5488637915480746,-2.430402783304985,2.0553559021691097,5.0706406066557035
5.0,5,0,51000,53000,4.148728275072044,5.13030303030303,0.06202020202020202,nb_moment,nb,5.0706406066557035,1.5252197074917453,0.2907532658679463,22063.62360116201,-10932.80064158226,False,8.6,0.3369070582229746,0.2809999082469786,0.02521970749174529,0.00924673413205368,990,3.5408117062188516,2.5737747643543636,0.6352801890092827,0.5102380121314403,-2.419511490480955,2.124453545290511,3960,3.5277329571840563,2.5541317984108503,0.6461934388317612,0.5463763710758749,-2.431718336099772,2.069004676367264,5.0706406066557035
5.0,5,1,51001,53010,4.378649475524476,5.042424242424242,0.06262626262626263,poisson,poisson,,1.4837482502179862,0.3090440264146755,22767.51210237663,-11287.047477282566,False,8.14,0.317863077125843,0.25462506232044274,0.016251749782013825,0.009044026414675499,990,3.5344317788560056,2.5986406135168263,0.6123753907096934,0.5194537084960308,-2.6665409528619928,2.30023949552006,3960,3.270204902034702,2.398860036365861,0.7272933874255328,0.5695325316845894,-2.520408612770163,1.9513484413937023,
5.0,5,1,51001,53010,4.378649475524476,5.042424242424242,0.06262626262626263,nb_oracle,nb,5.0,1.4902277493657163,0.29814197063156067,21812.9085523164,-10807.443117159455,False,8.69,0.3584472993390555,0.26393418196995466,0.009772250634283663,0.0018580293684393179,990,3.5537919179807704,2.590832507399978,0.5985318798127183,0.5178635838295945,-2.4568366971701825,2.3427519636903855,3960,3.513381576667188,2.4914864840780138,0.6757432264670897,0.5610534836221639,-2.400066943862903,2.073002284480562,4.78821269563317
5.0,5,1,51001,53010,4.378649475524476,5.042424242424242,0.06262626262626263,nb_moment,nb,4.78821269563317,1.4927829938242516,0.29900929618831595,21813.978088245418,-10807.977885123964,False,8.84,0.3477970473334382,0.249709518128511,0.007217006175748386,0.000990703811684035,990,3.5625227945966276,2.593799774989622,0.5941834773595213,0.5205921272388305,-2.456949291546454,2.3546797007763516,3960,3.4934554295794777,2.487405577084344,0.6810137127918244,0.5542239888410061,-2.4016622478827347,2.0743925216101102,4.78821269563317
5.0,5,2,51002,53020,4.1084049874484725,5.1195959595959595,0.0595959595959596,poisson,poisson,,1.5004192436309887,0.31201257373487984,22578.811981619885,-11192.697416904193,False,9.9,0.28172659673176154,0.26054459947403885,0.0004192436309886638,0.01201257373487985,990,3.596383341112171,2.6440603969431367,0.563002144587554,0.49638258177690864,-2.693845012208452,2.2684405946845554,3960,3.1887969830970677,2.3698393513599068,0.7313977258255373,0.567790718854436,-2.5013871127108205,1.854659596431705,
5.0,5,2,51002,53020,4.1084049874484725,5.1195959595959595,0.0595959595959596,nb_oracle,nb,5.0,1.5086711769530343,0.3028340407295939,21799.09346863432,-10800.535575318416,False,9.38,0.33204061291963405,0.28523756218153845,0.00867117695303432,0.002834040729593923,990,3.856474515315195,2.722341918932815,0.496080739930579,0.47335102345345076,-2.4902466019426925,2.3694791230691403,3960,3.3994147524743514,2.4559923887122794,0.6860750985237043,0.558139928403406,-2.4025617637301275,1.9777002272188149,5.306086952339176
5.0,5,2,51002,53020,4.1084049874484725,5.1195959595959595,0.0595959595959596,nb_moment,nb,5.306086952339176,1.5094564351037114,0.3017637416639838,21790.650336151775,-10796.314009077143,False,8.83,0.3194483986271493,0.2831007446913913,0.009456435103711414,0.0017637416639837977,990,3.878387061227353,2.698156585224588,0.48838465412580995,0.4791779300653198,-2.4980373450593016,2.4703134351426415,3960,3.411057153268742,2.4617003758340736,0.6836515975843452,0.5571499774602409,-2.404059619782065,1.9827607062787689,5.306086952339176
5.0,5,3,51003,53030,4.474434467596002,5.111313131313131,0.06303030303030303,poisson,poisson,,1.4877351543763764,0.3126281328299959,22536.579769255568,-11171.581310722035,False,8.32,0.29507611850850096,0.27395320287934216,0.012264845623623621,0.01262813282999592,990,4.2367749462078885,2.8289512358682094,0.5604609994841154,0.4956089441901375,-2.8203448755576614,2.649356986869297,3960,3.1916673739072,2.3663339152741605,0.7360631310829375,0.5776737081223318,-2.4887853746695336,1.8491862323052504,
5.0,5,3,51003,53030,4.474434467596002,5.111313131313131,0.06303030303030303,nb_oracle,nb,5.0,1.4976990005433986,0.30336823804970636,21774.6553578406,-10788.316519921555,False,8.64,0.3219266011494028,0.2822494660615651,0.002300999456601449,0.0033682380497063735,990,4.32759529714136,2.8240798277281653,0.5335014137803533,0.4875349831949729,-2.5130752195650294,2.727637401072493,3960,3.4119087983928877,2.46083359449604,0.6902821166453744,0.5599270347389982,-2.3964482679647032,1.9743626014405051,5.2023965390560285
5.0,5,3,51003,53030,4.474434467596002,5.111313131313131,0.06303030303030303,nb_moment,nb,5.2023965390560285,1.4978675331875997,0.3031860750806963,21762.133715848202,-10782.055698925356,False,8.72,0.3251897290638185,0.2890612486117976,0.002132466812400313,0.0031860750806962934,990,4.252222025804736,2.7952817130664833,0.5502624413242352,0.4819829977876789,-2.5135442873466447,2.6990833783705765,3960,3.4701782490826134,2.4664131998247734,0.677815410141851,0.5611928037608189,-2.394270945106534,1.956507695324459,5.2023965390560285
5.0,5,4,51004,53040,4.563256927497931,5.17030303030303,0.06808080808080808,poisson,poisson,,1.5064157189467375,0.3112841400082951,22706.838521299353,-11256.710686743927,False,8.4,0.3029082479282244,0.24228101364314894,0.006415718946737536,0.011284140008295085,990,4.00792548842261,2.704867696325188,0.560820871376029,0.529801921164984,-2.707174519337393,2.3206136309467817,3960,3.2238455854248977,2.372973258690334,0.760362691849243,0.5819206321923351,-2.5093932428716283,1.8648311704838494,
5.0,5,4,51004,53040,4.563256927497931,5.17030303030303,0.06808080808080808,nb_oracle,nb,5.0,1.5138393826513254,0.3042160664181229,21884.258492017823,-10843.118087010167,False,8.91,0.3349044876238718,0.25946652907349216,0.01383938265132545,0.004216066418122888,990,4.265907492870317,2.8203142699147072,0.49459886076788234,0.49945988262615165,-2.5051242726851592,2.5419415673227714,3960,3.594644722760931,2.4933708158346723,0.6931609766400902,0.5722523019821267,-2.408884201175492,1.994367839556492,5.221286020215092
5.0,5,4,51004,53040,4.563256927497931,5.17030303030303,0.06808080808080808,nb_moment,nb,5.221286020215092,1.5126441024276767,0.30495449308346984,21875.42707210891,-10838.70237705571,False,8.99,0.31058465940206864,0.27244356448648693,0.012644102427676662,0.004954493083469846,990,4.419062884985313,2.7775609205287464,0.5029268651163837,0.5116334885843807,-2.485379786004687,2.4404315680470385,3960,3.6517222410803543,2.5113711624319985,0.6907856928411441,0.5677864683866883,-2.409135273676948,1.9873269838882202,5.221286020215092
20.0,20,0,51000,53000,3.2555295805101525,5.147272727272727,0.03777777777777778,poisson,poisson,,1.5070026895542348,0.30512389589653666,20606.545922843634,-10206.564387516068,False,8.59,0.2503159810496107,0.2862167730956783,0.007002689554234776,0.005123895896536668,990,2.943254247639419,2.1424488932681456,0.7150726293272579,0.5925620668719159,-2.356892366487503,1.5141582860351213,3960,2.5952031987622117,1.9531244906776202,0.7694615212573327,0.6712911329655474,-2.251816601467739,1.2512224522660875,
20.0,20,0,51000,53000,3.2555295805101525,5.147272727272727,0.03777777777777778,nb_oracle,nb,20.0,1.5095623126145434,0.30367029917625943,20581.888793997477,-10191.933237999994,False,9.4,0.26396837235931336,0.29583728662622244,0.009562312614543433,0.0036702991762594395,990,3.0200931486846674,2.20653290124437,0.6967836740279295,0.5772640384051939,-2.3284233232721485,1.570234948292851,3960,2.6479208247863375,1.9835575555576908,0.7588092082658705,0.6680490780486676,-2.2474321693780897,1.286176677580803,21.728807541802812
20.0,20,0,51000,53000,3.2555295805101525,5.147272727272727,0.03777777777777778,nb_moment,nb,21.728807541802812,1.50980442553399,0.30406031969993286,20568.236900252512,-10185.107291127511,False,9.83,0.27136928726587056,0.2920475968566396,0.009804425533989969,0.004060319699932868,990,3.0126405307008737,2.1664791137543546,0.6986697828974622,0.5864265492259888,-2.3173725630273507,1.5216695107564628,3960,2.6434495072911495,1.9818873058350042,0.7596082045730889,0.6683491046797485,-2.246417872996992,1.2780299913243944,21.728807541802812
20.0,20,1,51001,53010,3.230685280712608,5.027070707070707,0.04181818181818182,poisson,poisson,,1.4914389493653486,0.3001382331952806,20498.6226981478,-10152.60277516815,False,10.64,0.25792511236721627,0.23876318802340699,0.008561050634651401,0.00013823319528061262,990,2.832539158455812,2.108873810536903,0.6501735168168846,0.5721579705368132,-2.352822742921372,1.501996532726338,3960,2.542717623665729,1.9149128039071743,0.7864806638657056,0.6465469753772993,-2.232380947801957,1.2454768336293291,
20.0,20,1,51001,53010,3.230685280712608,5.027070707070707,0.04181818181818182,nb_oracle,nb,20.0,1.4939053209116364,0.2966376440619164,20482.705525895166,-10142.341603948838,False,10.61,0.2809452250035831,0.24311020534347166,0.006094679088363586,0.0033623559380835943,990,2.8209186599657676,2.125365949269374,0.6496700451061304,0.5752697769662135,-2.3122643466212156,1.4912903452937152,3960,2.648004392784336,1.9631845263986816,0.7660504765837516,0.6413133831780139,-2.230247755763225,1.2784815549719162,17.891782177900552
20.0,20,1,51001,53010,3.230685280712608,5.027070707070707,0.04181818181818182,nb_moment,nb,17.891782177900552,1.4943149948498944,0.2975212367884008,20485.174109543204,-10143.575895772858,False,10.37,0.28548190671483353,0.24218951244679673,0.005685005150105615,0.0024787632115991776,990,2.816595165749396,2.119175138002485,0.6489360115635174,0.5681101319970918,-2.3130971059049212,1.509086395186674,3960,2.631754217595792,1.9630117755234477,0.7693473127498729,0.6391140988653176,-2.2295327857960023,1.2693562752101473,17.891782177900552
20.0,20,2,51002,53020,3.369076368281786,5.1307070707070705,0.04040404040404041,poisson,poisson,,1.5046489853752574,0.30739209926911853,20517.20598967171,-10161.894420930106,False,10.79,0.2381637522386789,0.2847457523949846,0.004648985375257375,0.007392099269118546,990,2.7702159128390136,2.0832211453297824,0.7400582714341842,0.5839797449946068,-2.312076938649197,1.3781288906736575,3960,2.5763297574724775,1.9427358404863728,0.7881483049070878,0.6353934143297244,-2.243256523372046,1.2499519808461705,
20.0,20,2,51002,53020,3.369076368281786,5.1307070707070705,0.04040404040404041,nb_oracle,nb,20.0,1.5075364652371002,0.3044138163088616,20490.119728456633,-10146.048705229572,False,12.3,0.2565896058309233,0.3018264554843752,0.007536465237100165,0.004413816308861618,990,2.9275747120844504,2.1398828629647446,0.7039945201475961,0.5754122364509688,-2.301665847939988,1.4450975519406306,3960,2.6815811717820837,1.9823249982335844,0.7684511567458266,0.6351085019448395,-2.2417427331268356,1.2859356106647164,13.442568143148812
20.0,20,2,51002,53020,3.369076368281786,5.1307070707070705,0.04040404040404041,nb_moment,nb,13.442568143148812,1.5101796779663097,0.303845358519896,20532.138225749113,-10167.057953875812,False,12.17,0.26448291860794165,0.3005844366725971,0.010179677966309697,0.003845358519896036,990,2.9155298939745267,2.130563298591792,0.7011977601526667,0.5698675883806218,-2.2974003929197653,1.4473083946379235,3960,2.708374775711568,1.990894100410009,0.7635993187972406,0.630304422057923,-2.247176249207129,1.294477512729277,13.442568143148812
20.0,20,3,51003,53030,3.379671218252508,5.092121212121212,0.038181818181818185,poisson,poisson,,1.491646896299206,0.29624966429989,20595.77062489463,-10201.176738541566,False,10.74,0.2604668339963902,0.27622494147439663,0.008353103700794007,0.0037503357001099635,990,3.0719350086659003,2.232136315898606,0.7189618023770458,0.6067822709752313,-2.409373879846366,1.6609824372065924,3960,2.589699650645078,1.9525850751856433,0.7729473619245418,0.6244564154961333,-2.2481486122463736,1.2697245979713385,
20.0,20,3,51003,53030,3.379671218252508,5.092121212121212,0.038181818181818185,nb_oracle,nb,20.0,1.494495590891715,0.29300134233583824,20542.43228078851,-10172.204981395511,False,10.87,0.28158070275008584,0.2795309120319804,0.00550440910828498,0.006998657664161745,990,3.076225531066786,2.245927932922409,0.7182196783592248,0.5876827536361185,-2.36536429709278,1.656353495222182,3960,2.6496885163060715,1.9764737042846705,0.760243622015659,0.6194021561573847,-2.2403376165263076,1.2960719426113323,17.670366332053348
20.0,20,3,51003,53030,3.379671218252508,5.092121212121212,0.038181818181818185,nb_moment,nb,17.670366332053348,1.4952812774731707,0.29159448080581346,20546.998513605715,-10174.488097804113,False,10.67,0.2833894639065378,0.27784390578308504,0.004718722526829255,0.008405519194186528,990,3.020088750667235,2.20986193829765,0.7304243823768299,0.5956088136213039,-2.3528613885432974,1.6350409947724418,3960,2.6913305446107034,1.991929306063396,0.7515702314369421,0.6227444748011893,-2.2416577779164175,1.3010690702274494,17.670366332053348
20.0,20,4,51004,53040,3.7706381379777887,5.159191919191919,0.040606060606060604,poisson,poisson,,1.5074859913747163,0.3023154279105976,20446.362550011254,-10126.472701099878,False,10.26,0.25382729961686495,0.25819982327142377,0.007485991374716283,0.002315427910597634,990,3.17616940940813,2.185512634173139,0.6615789104602185,0.6462444301875467,-2.365943042088625,1.493304457235782,3960,2.5249217450052033,1.9170556245894261,0.8246417661828359,0.6434587399403534,-2.2276074977796583,1.1935739768214542,
20.0,20,4,51004,53040,3.7706381379777887,5.159191919191919,0.040606060606060604,nb_oracle,nb,20.0,1.5110643236705152,0.3004318869051813,20442.561479413253,-10122.269580707882,False,10.49,0.2565028074451634,0.25928715436739147,0.011064323670515241,0.00043188690518131123,990,3.127859582238537,2.158010587587957,0.6744963556063114,0.6454066125433997,-2.3082443535340462,1.491331523747231,3960,2.59738183729356,1.944311836506522,0.8133089665849709,0.6439087198452055,-2.2252027650536004,1.2107748089269754,23.086659229809587
20.0,20,4,51004,53040,3.7706381379777887,5.159191919191919,0.040606060606060604,nb_moment,nb,23.086659229809587,1.509550642646197,0.3014473375490427,20428.877505958633,-10115.427593980572,False,10.39,0.26322132968878575,0.2675313702818835,0.009550642646197094,0.0014473375490426932,990,3.1410453700880234,2.2110783196591015,0.6672958571471544,0.640212956263106,-2.327734970246234,1.5398593922681463,3960,2.5844962501981277,1.9376447357810904,0.8154937832556862,0.6401713969236701,-2.2240979082504677,1.2067708026087773,23.086659229809587
inf,inf,0,51000,53000,2.8892512778517734,5.143232323232323,0.03191919191919192,poisson,poisson,,1.5106418701127726,0.29896605302522195,19608.711656355812,-9707.647254272157,False,10.14,0.22808264859816774,0.28125024242783264,0.010641870112772622,0.0010339469747780439,990,2.5715290368438737,1.918443879420466,0.7534020576611667,0.628790082296663,-2.2304916197088245,1.2125825988147643,3960,2.23578896419562,1.727010864836688,0.8131764228907099,0.7072591468285861,-2.1235616875930416,0.9580794556002771,
inf,inf,0,51000,53000,2.8892512778517734,5.143232323232323,0.03191919191919192,nb_moment,nb,1000000.0,1.5106419446977435,0.29896594954335043,19613.32012042334,-9707.648901212926,False,11.64,0.2280830964519733,0.281250332454447,0.010641944697743488,0.00103405045664956,990,2.571530318572819,1.9184446753176592,0.7534017643484375,0.628790082296663,-2.230491138171233,1.2125831085167045,3960,2.235790508820836,1.7270117405521588,0.8131761353769986,0.7072585294321305,-2.123562092860105,0.9580800439115996,1000000.0
inf,inf,1,51001,53010,3.2174016946339257,5.102020202020202,0.03373737373737374,poisson,poisson,,1.4966998313348499,0.2996487772559238,19751.57334475133,-9779.078098469916,False,10.09,0.24115639524338292,0.22381589933275056,0.0033001686651501494,0.00035122274407617393,990,2.4893461148103686,1.914150021401111,0.7725834234273478,0.6473116562896418,-2.204502645672742,1.1369210409159176,3960,2.2723852425451185,1.7518186313529078,0.830874969850855,0.6867786634783659,-2.1369836407834573,1.01075208692356,
inf,inf,1,51001,53010,3.2174016946339257,5.102020202020202,0.03373737373737374,nb_moment,nb,1117.1294966895307,1.4970026881760328,0.2991205987462568,19757.50971174857,-9779.743696875541,False,10.67,0.2429347416003525,0.22376383297019506,0.0029973118239672303,0.000879401253743195,990,2.4997244803773957,1.9105377894427154,0.7704893535154665,0.6470774163358041,-2.2051351805923387,1.1429032948724756,3960,2.2681770881557326,1.745658311456172,0.8315866770979372,0.6859710122918601,-2.136646049291602,1.009629223459937,1117.1294966895307
inf,inf,2,51002,53020,2.942910039421537,5.042828282828283,0.03191919191919192,poisson,poisson,,1.492248830861165,0.30206835305290036,19565.28776594553,-9685.935309067016,False,9.95,0.2383021220401361,0.2704864063312369,0.007751169138835001,0.0020683530529003735,990,2.4997779334430508,1.8888766159687487,0.7533664606459977,0.5959740931009045,-2.2182124977020377,1.1654205988514017,3960,2.2231442768093364,1.7127051139124292,0.8188477354701398,0.6800547786791074,-2.122226523793563,0.9779544468402404,
inf,inf,2,51002,53020,2.942910039421537,5.042828282828283,0.03191919191919192,nb_moment,nb,1000000.0,1.492248912818566,0.3020682770394775,19569.895703315273,-9685.936692658892,False,10.38,0.238302552729151,0.2704865215175206,0.007751087181433913,0.002068277039477484,990,2.4997786642874464,1.8888771777235236,0.7533662073038035,0.5959740931009045,-2.2182121719353627,1.1654211267501395,3960,2.2231462392515797,1.7127060383118131,0.8188473915541064,0.6800541467212889,-2.122226893141164,0.9779550658326924,1000000.0
inf,inf,3,51003,53030,3.1124799628,5.125656565656565,0.03515151515151515,poisson,poisson,,1.4974147884714621,0.3021090042720365,19760.548516551244,-9783.565684369873,False,9.37,0.24571588149213766,0.2657993471066979,0.0025852115285378563,0.00210900427203653,990,2.62964368905888,1.9449272509934088,0.7740601720366923,0.6167452524372303,-2.2571110226072104,1.2566382618674876,3960,2.2836160956991693,1.7478355094123115,0.8167424644297462,0.6704389036999042,-2.140803975219638,1.021190929070877,
inf,inf,3,51003,53030,3.1124799628,5.125656565656565,0.03515151515151515,nb_moment,nb,184.77556522079198,1.4980276985275296,0.30163673810680386,19779.6204485774,-9790.799065289955,False,9.92,0.24310190894975697,0.27012745897610335,0.0019723014724704058,0.00163673810680387,990,2.639614791241577,1.9525499088476204,0.7766401890374405,0.6192533457624083,-2.2569837661903267,1.275203960329211,3960,2.2799114936592813,1.7427870754234744,0.8174436902447784,0.6703037345076481,-2.1413551000177056,1.023116197142508,184.77556522079198
inf,inf,4,51004,53040,3.35852474927208,5.109090909090909,0.03090909090909091,poisson,poisson,,1.4966974918024163,0.30034504902268727,19606.138299693197,-9706.36057594085,False,8.87,0.22761209839650967,0.2669396367747604,0.003302508197583709,0.00034504902268728266,990,2.560978725586154,1.9119464871325018,0.7528262101310238,0.6698565596319676,-2.2386616166392153,1.2258065922005135,3960,2.2263009229374537,1.7089100264485606,0.8489183303019736,0.6825337685248883,-2.118862445499282,0.9780449312661648,
inf,inf,4,51004,53040,3.35852474927208,5.109090909090909,0.03090909090909091,nb_moment,nb,300.54053370081294,1.496401307544546,0.2995055375421871,19621.570496489792,-9711.774089246152,False,10.23,0.23419055553085394,0.2774653358403161,0.003598692455454078,0.000494462457812872,990,2.519969248522645,1.8994552443640826,0.7585419520024285,0.6619423379366585,-2.2346864679679257,1.2142592434838206,3960,2.2174803333559083,1.7150578928968536,0.8502379129598163,0.679307166724097,-2.121419945618141,0.9816060693920552,300.54053370081294
