fit_index,estimand,role,K_TRUE,replicate,K,start,data_seed,split_seed,split_mask_hash,train_mask_hash,mask_design,mask_group_id,anchor_mask_hash,anchor_train_mask_hash,intentional_seed_reuse,model_seed,w0_true,w_true
1,A,primary,1,1,1,1,51101,42001,,,S_C,r1,387bda3b61226f2e22e1ca9065e35213fccc999c0b4abfa89dcce5562c2093ce,2ed450a0e79277ccd6dda97bafa504854a564af0cb41a3cd02c7b0332341dbd5,True,541011,-1.0,1.5
2,A,primary,1,1,1,2,51101,42001,,,S_C,r1,387bda3b61226f2e22e1ca9065e35213fccc999c0b4abfa89dcce5562c2093ce,2ed450a0e79277ccd6dda97bafa504854a564af0cb41a3cd02c7b0332341dbd5,True,541012,-1.0,1.5
3,A,primary,1,1,2,1,51101,42001,,,S_C,r1,387bda3b61226f2e22e1ca9065e35213fccc999c0b4abfa89dcce5562c2093ce,2ed450a0e79277ccd6dda97bafa504854a564af0cb41a3cd02c7b0332341dbd5,True,541021,-1.0,1.5
4,A,primary,1,1,2,2,51101,42001,,,S_C,r1,387bda3b61226f2e22e1ca9065e35213fccc999c0b4abfa89dcce5562c2093ce,2ed450a0e79277ccd6dda97bafa504854a564af0cb41a3cd02c7b0332341dbd5,True,541022,-1.0,1.5
5,A,primary,1,1,3,1,51101,42001,,,S_C,r1,387bda3b61226f2e22e1ca9065e35213fccc999c0b4abfa89dcce5562c2093ce,2ed450a0e79277ccd6dda97bafa504854a564af0cb41a3cd02c7b0332341dbd5,True,541031,-1.0,1.5
6,A,primary,1,1,3,2,51101,42001,,,S_C,r1,387bda3b61226f2e22e1ca9065e35213fccc999c0b4abfa89dcce5562c2093ce,2ed450a0e79277ccd6dda97bafa504854a564af0cb41a3cd02c7b0332341dbd5,True,541032,-1.0,1.5
7,A,primary,1,1,4,1,51101,42001,,,S_C,r1,387bda3b61226f2e22e1ca9065e35213fccc999c0b4abfa89dcce5562c2093ce,2ed450a0e79277ccd6dda97bafa504854a564af0cb41a3cd02c7b0332341dbd5,True,541041,-1.0,1.5
8,A,primary,1,1,4,2,51101,42001,,,S_C,r1,387bda3b61226f2e22e1ca9065e35213fccc999c0b4abfa89dcce5562c2093ce,2ed450a0e79277ccd6dda97bafa504854a564af0cb41a3cd02c7b0332341dbd5,True,541042,-1.0,1.5
9,A,primary,1,1,5,1,51101,42001,,,S_C,r1,387bda3b61226f2e22e1ca9065e35213fccc999c0b4abfa89dcce5562c2093ce,2ed450a0e79277ccd6dda97bafa504854a564af0cb41a3cd02c7b0332341dbd5,True,541051,-1.0,1.5
10,A,primary,1,1,5,2,51101,42001,,,S_C,r1,387bda3b61226f2e22e1ca9065e35213fccc999c0b4abfa89dcce5562c2093ce,2ed450a0e79277ccd6dda97bafa504854a564af0cb41a3cd02c7b0332341dbd5,True,541052,-1.0,1.5
11,A,primary,1,1,6,1,51101,42001,,,S_C,r1,387bda3b61226f2e22e1ca9065e35213fccc999c0b4abfa89dcce5562c2093ce,2ed450a0e79277ccd6dda97bafa504854a564af0cb41a3cd02c7b0332341dbd5,True,541061,-1.0,1.5
12,A,primary,1,1,6,2,51101,42001,,,S_C,r1,387bda3b61226f2e22e1ca9065e35213fccc999c0b4abfa89dcce5562c2093ce,2ed450a0e79277ccd6dda97bafa504854a564af0cb41a3cd02c7b0332341dbd5,True,541062,-1.0,1.5
13,A,primary,1,1,7,1,51101,42001,,,S_C,r1,387bda3b61226f2e22e1ca9065e35213fccc999c0b4abfa89dcce5562c2093ce,2ed450a0e79277ccd6dda97bafa504854a564af0cb41a3cd02c7b0332341dbd5,True,541071,-1.0,1.5
14,A,primary,1,1,7,2,51101,42001,,,S_C,r1,387bda3b61226f2e22e1ca9065e35213fccc999c0b4abfa89dcce5562c2093ce,2ed450a0e79277ccd6dda97bafa504854a564af0cb41a3cd02c7b0332341dbd5,True,541072,-1.0,1.5
15,A,primary,1,2,1,1,51102,42002,,,S_C,r2,cb94a1861b00649eb0a7829154922ce5351407adcb7efa36b7f8d7aaf0b75578,ed37ddf1607a13084d9d4abcb81153324c0ad6022561dd00e240e14f4b85b96a,True,542011,-1.0,1.5
16,A,primary,1,2,1,2,51102,42002,,,S_C,r2,cb94a1861b00649eb0a7829154922ce5351407adcb7efa36b7f8d7aaf0b75578,ed37ddf1607a13084d9d4abcb81153324c0ad6022561dd00e240e14f4b85b96a,True,542012,-1.0,1.5
17,A,primary,1,2,2,1,51102,42002,,,S_C,r2,cb94a1861b00649eb0a7829154922ce5351407adcb7efa36b7f8d7aaf0b75578,ed37ddf1607a13084d9d4abcb81153324c0ad6022561dd00e240e14f4b85b96a,True,542021,-1.0,1.5
18,A,primary,1,2,2,2,51102,42002,,,S_C,r2,cb94a1861b00649eb0a7829154922ce5351407adcb7efa36b7f8d7aaf0b75578,ed37ddf1607a13084d9d4abcb81153324c0ad6022561dd00e240e14f4b85b96a,True,542022,-1.0,1.5
19,A,primary,1,2,3,1,51102,42002,,,S_C,r2,cb94a1861b00649eb0a7829154922ce5351407adcb7efa36b7f8d7aaf0b75578,ed37ddf1607a13084d9d4abcb81153324c0ad6022561dd00e240e14f4b85b96a,True,542031,-1.0,1.5
20,A,primary,1,2,3,2,51102,42002,,,S_C,r2,cb94a1861b00649eb0a7829154922ce5351407adcb7efa36b7f8d7aaf0b75578,ed37ddf1607a13084d9d4abcb81153324c0ad6022561dd00e240e14f4b85b96a,True,542032,-1.0,1.5
21,A,primary,1,2,4,1,51102,42002,,,S_C,r2,cb94a1861b00649eb0a7829154922ce5351407adcb7efa36b7f8d7aaf0b75578,ed37ddf1607a13084d9d4abcb81153324c0ad6022561dd00e240e14f4b85b96a,True,542041,-1.0,1.5
22,A,primary,1,2,4,2,51102,42002,,,S_C,r2,cb94a1861b00649eb0a7829154922ce5351407adcb7efa36b7f8d7aaf0b75578,ed37ddf1607a13084d9d4abcb81153324c0ad6022561dd00e240e14f4b85b96a,True,542042,-1.0,1.5
23,A,primary,1,2,5,1,51102,42002,,,S_C,r2,cb94a1861b00649eb0a7829154922ce5351407adcb7efa36b7f8d7aaf0b75578,ed37ddf1607a13084d9d4abcb81153324c0ad6022561dd00e240e14f4b85b96a,True,542051,-1.0,1.5
24,A,primary,1,2,5,2,51102,42002,,,S_C,r2,cb94a1861b00649eb0a7829154922ce5351407adcb7efa36b7f8d7aaf0b75578,ed37ddf1607a13084d9d4abcb81153324c0ad6022561dd00e240e14f4b85b96a,True,542052,-1.0,1.5
25,A,primary,1,2,6,1,51102,42002,,,S_C,r2,cb94a1861b00649eb0a7829154922ce5351407adcb7efa36b7f8d7aaf0b75578,ed37ddf1607a13084d9d4abcb81153324c0ad6022561dd00e240e14f4b85b96a,True,542061,-1.0,1.5
26,A,primary,1,2,6,2,51102,42002,,,S_C,r2,cb94a1861b00649eb0a7829154922ce5351407adcb7efa36b7f8d7aaf0b75578,ed37ddf1607a13084d9d4abcb81153324c0ad6022561dd00e240e14f4b85b96a,True,542062,-1.0,1.5
27,A,primary,1,2,7,1,51102,42002,,,S_C,r2,cb94a1861b00649eb0a7829154922ce5351407adcb7efa36b7f8d7aaf0b75578,ed37ddf1607a13084d9d4abcb81153324c0ad6022561dd00e240e14f4b85b96a,True,542071,-1.0,1.5
28,A,primary,1,2,7,2,51102,42002,,,S_C,r2,cb94a1861b00649eb0a7829154922ce5351407adcb7efa36b7f8d7aaf0b75578,ed37ddf1607a13084d9d4abcb81153324c0ad6022561dd00e240e14f4b85b96a,True,542072,-1.0,1.5
29,A,primary,1,3,1,1,51103,42003,,,S_C,r3,3e56e119afbb8aabbd44551af3351ee6a55c0b96c7d9e6aac153faecff6a9110,dd38a6dc0c729eb26b133f73a06b99d12c5088e5248da46847456f733bcb326f,True,543011,-1.0,1.5
30,A,primary,1,3,1,2,51103,42003,,,S_C,r3,3e56e119afbb8aabbd44551af3351ee6a55c0b96c7d9e6aac153faecff6a9110,dd38a6dc0c729eb26b133f73a06b99d12c5088e5248da46847456f733bcb326f,True,543012,-1.0,1.5
31,A,primary,1,3,2,1,51103,42003,,,S_C,r3,3e56e119afbb8aabbd44551af3351ee6a55c0b96c7d9e6aac153faecff6a9110,dd38a6dc0c729eb26b133f73a06b99d12c5088e5248da46847456f733bcb326f,True,543021,-1.0,1.5
32,A,primary,1,3,2,2,51103,42003,,,S_C,r3,3e56e119afbb8aabbd44551af3351ee6a55c0b96c7d9e6aac153faecff6a9110,dd38a6dc0c729eb26b133f73a06b99d12c5088e5248da46847456f733bcb326f,True,543022,-1.0,1.5
33,A,primary,1,3,3,1,51103,42003,,,S_C,r3,3e56e119afbb8aabbd44551af3351ee6a55c0b96c7d9e6aac153faecff6a9110,dd38a6dc0c729eb26b133f73a06b99d12c5088e5248da46847456f733bcb326f,True,543031,-1.0,1.5
34,A,primary,1,3,3,2,51103,42003,,,S_C,r3,3e56e119afbb8aabbd44551af3351ee6a55c0b96c7d9e6aac153faecff6a9110,dd38a6dc0c729eb26b133f73a06b99d12c5088e5248da46847456f733bcb326f,True,543032,-1.0,1.5
35,A,primary,1,3,4,1,51103,42003,,,S_C,r3,3e56e119afbb8aabbd44551af3351ee6a55c0b96c7d9e6aac153faecff6a9110,dd38a6dc0c729eb26b133f73a06b99d12c5088e5248da46847456f733bcb326f,True,543041,-1.0,1.5
36,A,primary,1,3,4,2,51103,42003,,,S_C,r3,3e56e119afbb8aabbd44551af3351ee6a55c0b96c7d9e6aac153faecff6a9110,dd38a6dc0c729eb26b133f73a06b99d12c5088e5248da46847456f733bcb326f,True,543042,-1.0,1.5
37,A,primary,1,3,5,1,51103,42003,,,S_C,r3,3e56e119afbb8aabbd44551af3351ee6a55c0b96c7d9e6aac153faecff6a9110,dd38a6dc0c729eb26b133f73a06b99d12c5088e5248da46847456f733bcb326f,True,543051,-1.0,1.5
38,A,primary,1,3,5,2,51103,42003,,,S_C,r3,3e56e119afbb8aabbd44551af3351ee6a55c0b96c7d9e6aac153faecff6a9110,dd38a6dc0c729eb26b133f73a06b99d12c5088e5248da46847456f733bcb326f,True,543052,-1.0,1.5
39,A,primary,1,3,6,1,51103,42003,,,S_C,r3,3e56e119afbb8aabbd44551af3351ee6a55c0b96c7d9e6aac153faecff6a9110,dd38a6dc0c729eb26b133f73a06b99d12c5088e5248da46847456f733bcb326f,True,543061,-1.0,1.5
40,A,primary,1,3,6,2,51103,42003,,,S_C,r3,3e56e119afbb8aabbd44551af3351ee6a55c0b96c7d9e6aac153faecff6a9110,dd38a6dc0c729eb26b133f73a06b99d12c5088e5248da46847456f733bcb326f,True,543062,-1.0,1.5
41,A,primary,1,3,7,1,51103,42003,,,S_C,r3,3e56e119afbb8aabbd44551af3351ee6a55c0b96c7d9e6aac153faecff6a9110,dd38a6dc0c729eb26b133f73a06b99d12c5088e5248da46847456f733bcb326f,True,543071,-1.0,1.5
42,A,primary,1,3,7,2,51103,42003,,,S_C,r3,3e56e119afbb8aabbd44551af3351ee6a55c0b96c7d9e6aac153faecff6a9110,dd38a6dc0c729eb26b133f73a06b99d12c5088e5248da46847456f733bcb326f,True,543072,-1.0,1.5
43,A,primary,2,1,1,1,51201,42001,,,S_C,r1,387bda3b61226f2e22e1ca9065e35213fccc999c0b4abfa89dcce5562c2093ce,2ed450a0e79277ccd6dda97bafa504854a564af0cb41a3cd02c7b0332341dbd5,True,551011,-1.0,1.5
44,A,primary,2,1,1,2,51201,42001,,,S_C,r1,387bda3b61226f2e22e1ca9065e35213fccc999c0b4abfa89dcce5562c2093ce,2ed450a0e79277ccd6dda97bafa504854a564af0cb41a3cd02c7b0332341dbd5,True,551012,-1.0,1.5
45,A,primary,2,1,2,1,51201,42001,,,S_C,r1,387bda3b61226f2e22e1ca9065e35213fccc999c0b4abfa89dcce5562c2093ce,2ed450a0e79277ccd6dda97bafa504854a564af0cb41a3cd02c7b0332341dbd5,True,551021,-1.0,1.5
46,A,primary,2,1,2,2,51201,42001,,,S_C,r1,387bda3b61226f2e22e1ca9065e35213fccc999c0b4abfa89dcce5562c2093ce,2ed450a0e79277ccd6dda97bafa504854a564af0cb41a3cd02c7b0332341dbd5,True,551022,-1.0,1.5
47,A,primary,2,1,3,1,51201,42001,,,S_C,r1,387bda3b61226f2e22e1ca9065e35213fccc999c0b4abfa89dcce5562c2093ce,2ed450a0e79277ccd6dda97bafa504854a564af0cb41a3cd02c7b0332341dbd5,True,551031,-1.0,1.5
48,A,primary,2,1,3,2,51201,42001,,,S_C,r1,387bda3b61226f2e22e1ca9065e35213fccc999c0b4abfa89dcce5562c2093ce,2ed450a0e79277ccd6dda97bafa504854a564af0cb41a3cd02c7b0332341dbd5,True,551032,-1.0,1.5
49,A,primary,2,1,4,1,51201,42001,,,S_C,r1,387bda3b61226f2e22e1ca9065e35213fccc999c0b4abfa89dcce5562c2093ce,2ed450a0e79277ccd6dda97bafa504854a564af0cb41a3cd02c7b0332341dbd5,True,551041,-1.0,1.5
50,A,primary,2,1,4,2,51201,42001,,,S_C,r1,387bda3b61226f2e22e1ca9065e35213fccc999c0b4abfa89dcce5562c2093ce,2ed450a0e79277ccd6dda97bafa504854a564af0cb41a3cd02c7b0332341dbd5,True,551042,-1.0,1.5
51,A,primary,2,1,5,1,51201,42001,,,S_C,r1,387bda3b61226f2e22e1ca9065e35213fccc999c0b4abfa89dcce5562c2093ce,2ed450a0e79277ccd6dda97bafa504854a564af0cb41a3cd02c7b0332341dbd5,True,551051,-1.0,1.5
52,A,primary,2,1,5,2,51201,42001,,,S_C,r1,387bda3b61226f2e22e1ca9065e35213fccc999c0b4abfa89dcce5562c2093ce,2ed450a0e79277ccd6dda97bafa504854a564af0cb41a3cd02c7b0332341dbd5,True,551052,-1.0,1.5
53,A,primary,2,1,6,1,51201,42001,,,S_C,r1,387bda3b61226f2e22e1ca9065e35213fccc999c0b4abfa89dcce5562c2093ce,2ed450a0e79277ccd6dda97bafa504854a564af0cb41a3cd02c7b0332341dbd5,True,551061,-1.0,1.5
54,A,primary,2,1,6,2,51201,42001,,,S_C,r1,387bda3b61226f2e22e1ca9065e35213fccc999c0b4abfa89dcce5562c2093ce,2ed450a0e79277ccd6dda97bafa504854a564af0cb41a3cd02c7b0332341dbd5,True,551062,-1.0,1.5
55,A,primary,2,1,7,1,51201,42001,,,S_C,r1,387bda3b61226f2e22e1ca9065e35213fccc999c0b4abfa89dcce5562c2093ce,2ed450a0e79277ccd6dda97bafa504854a564af0cb41a3cd02c7b0332341dbd5,True,551071,-1.0,1.5
56,A,primary,2,1,7,2,51201,42001,,,S_C,r1,387bda3b61226f2e22e1ca9065e35213fccc999c0b4abfa89dcce5562c2093ce,2ed450a0e79277ccd6dda97bafa504854a564af0cb41a3cd02c7b0332341dbd5,True,551072,-1.0,1.5
57,A,primary,2,2,1,1,51202,42002,,,S_C,r2,cb94a1861b00649eb0a7829154922ce5351407adcb7efa36b7f8d7aaf0b75578,ed37ddf1607a13084d9d4abcb81153324c0ad6022561dd00e240e14f4b85b96a,True,552011,-1.0,1.5
58,A,primary,2,2,1,2,51202,42002,,,S_C,r2,cb94a1861b00649eb0a7829154922ce5351407adcb7efa36b7f8d7aaf0b75578,ed37ddf1607a13084d9d4abcb81153324c0ad6022561dd00e240e14f4b85b96a,True,552012,-1.0,1.5
59,A,primary,2,2,2,1,51202,42002,,,S_C,r2,cb94a1861b00649eb0a7829154922ce5351407adcb7efa36b7f8d7aaf0b75578,ed37ddf1607a13084d9d4abcb81153324c0ad6022561dd00e240e14f4b85b96a,True,552021,-1.0,1.5
60,A,primary,2,2,2,2,51202,42002,,,S_C,r2,cb94a1861b00649eb0a7829154922ce5351407adcb7efa36b7f8d7aaf0b75578,ed37ddf1607a13084d9d4abcb81153324c0ad6022561dd00e240e14f4b85b96a,True,552022,-1.0,1.5
61,A,primary,2,2,3,1,51202,42002,,,S_C,r2,cb94a1861b00649eb0a7829154922ce5351407adcb7efa36b7f8d7aaf0b75578,ed37ddf1607a13084d9d4abcb81153324c0ad6022561dd00e240e14f4b85b96a,True,552031,-1.0,1.5
62,A,primary,2,2,3,2,51202,42002,,,S_C,r2,cb94a1861b00649eb0a7829154922ce5351407adcb7efa36b7f8d7aaf0b75578,ed37ddf1607a13084d9d4abcb81153324c0ad6022561dd00e240e14f4b85b96a,True,552032,-1.0,1.5
63,A,primary,2,2,4,1,51202,42002,,,S_C,r2,cb94a1861b00649eb0a7829154922ce5351407adcb7efa36b7f8d7aaf0b75578,ed37ddf1607a13084d9d4abcb81153324c0ad6022561dd00e240e14f4b85b96a,True,552041,-1.0,1.5
64,A,primary,2,2,4,2,51202,42002,,,S_C,r2,cb94a1861b00649eb0a7829154922ce5351407adcb7efa36b7f8d7aaf0b75578,ed37ddf1607a13084d9d4abcb81153324c0ad6022561dd00e240e14f4b85b96a,True,552042,-1.0,1.5
65,A,primary,2,2,5,1,51202,42002,,,S_C,r2,cb94a1861b00649eb0a7829154922ce5351407adcb7efa36b7f8d7aaf0b75578,ed37ddf1607a13084d9d4abcb81153324c0ad6022561dd00e240e14f4b85b96a,True,552051,-1.0,1.5
66,A,primary,2,2,5,2,51202,42002,,,S_C,r2,cb94a1861b00649eb0a7829154922ce5351407adcb7efa36b7f8d7aaf0b75578,ed37ddf1607a13084d9d4abcb81153324c0ad6022561dd00e240e14f4b85b96a,True,552052,-1.0,1.5
67,A,primary,2,2,6,1,51202,42002,,,S_C,r2,cb94a1861b00649eb0a7829154922ce5351407adcb7efa36b7f8d7aaf0b75578,ed37ddf1607a13084d9d4abcb81153324c0ad6022561dd00e240e14f4b85b96a,True,552061,-1.0,1.5
68,A,primary,2,2,6,2,51202,42002,,,S_C,r2,cb94a1861b00649eb0a7829154922ce5351407adcb7efa36b7f8d7aaf0b75578,ed37ddf1607a13084d9d4abcb81153324c0ad6022561dd00e240e14f4b85b96a,True,552062,-1.0,1.5
69,A,primary,2,2,7,1,51202,42002,,,S_C,r2,cb94a1861b00649eb0a7829154922ce5351407adcb7efa36b7f8d7aaf0b75578,ed37ddf1607a13084d9d4abcb81153324c0ad6022561dd00e240e14f4b85b96a,True,552071,-1.0,1.5
70,A,primary,2,2,7,2,51202,42002,,,S_C,r2,cb94a1861b00649eb0a7829154922ce5351407adcb7efa36b7f8d7aaf0b75578,ed37ddf1607a13084d9d4abcb81153324c0ad6022561dd00e240e14f4b85b96a,True,552072,-1.0,1.5
71,A,primary,2,3,1,1,51203,42003,,,S_C,r3,3e56e119afbb8aabbd44551af3351ee6a55c0b96c7d9e6aac153faecff6a9110,dd38a6dc0c729eb26b133f73a06b99d12c5088e5248da46847456f733bcb326f,True,553011,-1.0,1.5
72,A,primary,2,3,1,2,51203,42003,,,S_C,r3,3e56e119afbb8aabbd44551af3351ee6a55c0b96c7d9e6aac153faecff6a9110,dd38a6dc0c729eb26b133f73a06b99d12c5088e5248da46847456f733bcb326f,True,553012,-1.0,1.5
73,A,primary,2,3,2,1,51203,42003,,,S_C,r3,3e56e119afbb8aabbd44551af3351ee6a55c0b96c7d9e6aac153faecff6a9110,dd38a6dc0c729eb26b133f73a06b99d12c5088e5248da46847456f733bcb326f,True,553021,-1.0,1.5
74,A,primary,2,3,2,2,51203,42003,,,S_C,r3,3e56e119afbb8aabbd44551af3351ee6a55c0b96c7d9e6aac153faecff6a9110,dd38a6dc0c729eb26b133f73a06b99d12c5088e5248da46847456f733bcb326f,True,553022,-1.0,1.5
75,A,primary,2,3,3,1,51203,42003,,,S_C,r3,3e56e119afbb8aabbd44551af3351ee6a55c0b96c7d9e6aac153faecff6a9110,dd38a6dc0c729eb26b133f73a06b99d12c5088e5248da46847456f733bcb326f,True,553031,-1.0,1.5
76,A,primary,2,3,3,2,51203,42003,,,S_C,r3,3e56e119afbb8aabbd44551af3351ee6a55c0b96c7d9e6aac153faecff6a9110,dd38a6dc0c729eb26b133f73a06b99d12c5088e5248da46847456f733bcb326f,True,553032,-1.0,1.5
77,A,primary,2,3,4,1,51203,42003,,,S_C,r3,3e56e119afbb8aabbd44551af3351ee6a55c0b96c7d9e6aac153faecff6a9110,dd38a6dc0c729eb26b133f73a06b99d12c5088e5248da46847456f733bcb326f,True,553041,-1.0,1.5
78,A,primary,2,3,4,2,51203,42003,,,S_C,r3,3e56e119afbb8aabbd44551af3351ee6a55c0b96c7d9e6aac153faecff6a9110,dd38a6dc0c729eb26b133f73a06b99d12c5088e5248da46847456f733bcb326f,True,553042,-1.0,1.5
79,A,primary,2,3,5,1,51203,42003,,,S_C,r3,3e56e119afbb8aabbd44551af3351ee6a55c0b96c7d9e6aac153faecff6a9110,dd38a6dc0c729eb26b133f73a06b99d12c5088e5248da46847456f733bcb326f,True,553051,-1.0,1.5
80,A,primary,2,3,5,2,51203,42003,,,S_C,r3,3e56e119afbb8aabbd44551af3351ee6a55c0b96c7d9e6aac153faecff6a9110,dd38a6dc0c729eb26b133f73a06b99d12c5088e5248da46847456f733bcb326f,True,553052,-1.0,1.5
81,A,primary,2,3,6,1,51203,42003,,,S_C,r3,3e56e119afbb8aabbd44551af3351ee6a55c0b96c7d9e6aac153faecff6a9110,dd38a6dc0c729eb26b133f73a06b99d12c5088e5248da46847456f733bcb326f,True,553061,-1.0,1.5
82,A,primary,2,3,6,2,51203,42003,,,S_C,r3,3e56e119afbb8aabbd44551af3351ee6a55c0b96c7d9e6aac153faecff6a9110,dd38a6dc0c729eb26b133f73a06b99d12c5088e5248da46847456f733bcb326f,True,553062,-1.0,1.5
83,A,primary,2,3,7,1,51203,42003,,,S_C,r3,3e56e119afbb8aabbd44551af3351ee6a55c0b96c7d9e6aac153faecff6a9110,dd38a6dc0c729eb26b133f73a06b99d12c5088e5248da46847456f733bcb326f,True,553071,-1.0,1.5
84,A,primary,2,3,7,2,51203,42003,,,S_C,r3,3e56e119afbb8aabbd44551af3351ee6a55c0b96c7d9e6aac153faecff6a9110,dd38a6dc0c729eb26b133f73a06b99d12c5088e5248da46847456f733bcb326f,True,553072,-1.0,1.5
85,A,primary,4,1,1,1,51401,42001,,,S_C,r1,387bda3b61226f2e22e1ca9065e35213fccc999c0b4abfa89dcce5562c2093ce,2ed450a0e79277ccd6dda97bafa504854a564af0cb41a3cd02c7b0332341dbd5,True,571011,-1.0,1.5
86,A,primary,4,1,1,2,51401,42001,,,S_C,r1,387bda3b61226f2e22e1ca9065e35213fccc999c0b4abfa89dcce5562c2093ce,2ed450a0e79277ccd6dda97bafa504854a564af0cb41a3cd02c7b0332341dbd5,True,571012,-1.0,1.5
87,A,primary,4,1,2,1,51401,42001,,,S_C,r1,387bda3b61226f2e22e1ca9065e35213fccc999c0b4abfa89dcce5562c2093ce,2ed450a0e79277ccd6dda97bafa504854a564af0cb41a3cd02c7b0332341dbd5,True,571021,-1.0,1.5
88,A,primary,4,1,2,2,51401,42001,,,S_C,r1,387bda3b61226f2e22e1ca9065e35213fccc999c0b4abfa89dcce5562c2093ce,2ed450a0e79277ccd6dda97bafa504854a564af0cb41a3cd02c7b0332341dbd5,True,571022,-1.0,1.5
89,A,primary,4,1,3,1,51401,42001,,,S_C,r1,387bda3b61226f2e22e1ca9065e35213fccc999c0b4abfa89dcce5562c2093ce,2ed450a0e79277ccd6dda97bafa504854a564af0cb41a3cd02c7b0332341dbd5,True,571031,-1.0,1.5
90,A,primary,4,1,3,2,51401,42001,,,S_C,r1,387bda3b61226f2e22e1ca9065e35213fccc999c0b4abfa89dcce5562c2093ce,2ed450a0e79277ccd6dda97bafa504854a564af0cb41a3cd02c7b0332341dbd5,True,571032,-1.0,1.5
91,A,primary,4,1,4,1,51401,42001,,,S_C,r1,387bda3b61226f2e22e1ca9065e35213fccc999c0b4abfa89dcce5562c2093ce,2ed450a0e79277ccd6dda97bafa504854a564af0cb41a3cd02c7b0332341dbd5,True,571041,-1.0,1.5
92,A,primary,4,1,4,2,51401,42001,,,S_C,r1,387bda3b61226f2e22e1ca9065e35213fccc999c0b4abfa89dcce5562c2093ce,2ed450a0e79277ccd6dda97bafa504854a564af0cb41a3cd02c7b0332341dbd5,True,571042,-1.0,1.5
93,A,primary,4,1,5,1,51401,42001,,,S_C,r1,387bda3b61226f2e22e1ca9065e35213fccc999c0b4abfa89dcce5562c2093ce,2ed450a0e79277ccd6dda97bafa504854a564af0cb41a3cd02c7b0332341dbd5,True,571051,-1.0,1.5
94,A,primary,4,1,5,2,51401,42001,,,S_C,r1,387bda3b61226f2e22e1ca9065e35213fccc999c0b4abfa89dcce5562c2093ce,2ed450a0e79277ccd6dda97bafa504854a564af0cb41a3cd02c7b0332341dbd5,True,571052,-1.0,1.5
95,A,primary,4,1,6,1,51401,42001,,,S_C,r1,387bda3b61226f2e22e1ca9065e35213fccc999c0b4abfa89dcce5562c2093ce,2ed450a0e79277ccd6dda97bafa504854a564af0cb41a3cd02c7b0332341dbd5,True,571061,-1.0,1.5
96,A,primary,4,1,6,2,51401,42001,,,S_C,r1,387bda3b61226f2e22e1ca9065e35213fccc999c0b4abfa89dcce5562c2093ce,2ed450a0e79277ccd6dda97bafa504854a564af0cb41a3cd02c7b0332341dbd5,True,571062,-1.0,1.5
97,A,primary,4,1,7,1,51401,42001,,,S_C,r1,387bda3b61226f2e22e1ca9065e35213fccc999c0b4abfa89dcce5562c2093ce,2ed450a0e79277ccd6dda97bafa504854a564af0cb41a3cd02c7b0332341dbd5,True,571071,-1.0,1.5
98,A,primary,4,1,7,2,51401,42001,,,S_C,r1,387bda3b61226f2e22e1ca9065e35213fccc999c0b4abfa89dcce5562c2093ce,2ed450a0e79277ccd6dda97bafa504854a564af0cb41a3cd02c7b0332341dbd5,True,571072,-1.0,1.5
99,A,primary,4,2,1,1,51402,42002,,,S_C,r2,cb94a1861b00649eb0a7829154922ce5351407adcb7efa36b7f8d7aaf0b75578,ed37ddf1607a13084d9d4abcb81153324c0ad6022561dd00e240e14f4b85b96a,True,572011,-1.0,1.5
100,A,primary,4,2,1,2,51402,42002,,,S_C,r2,cb94a1861b00649eb0a7829154922ce5351407adcb7efa36b7f8d7aaf0b75578,ed37ddf1607a13084d9d4abcb81153324c0ad6022561dd00e240e14f4b85b96a,True,572012,-1.0,1.5
101,A,primary,4,2,2,1,51402,42002,,,S_C,r2,cb94a1861b00649eb0a7829154922ce5351407adcb7efa36b7f8d7aaf0b75578,ed37ddf1607a13084d9d4abcb81153324c0ad6022561dd00e240e14f4b85b96a,True,572021,-1.0,1.5
102,A,primary,4,2,2,2,51402,42002,,,S_C,r2,cb94a1861b00649eb0a7829154922ce5351407adcb7efa36b7f8d7aaf0b75578,ed37ddf1607a13084d9d4abcb81153324c0ad6022561dd00e240e14f4b85b96a,True,572022,-1.0,1.5
103,A,primary,4,2,3,1,51402,42002,,,S_C,r2,cb94a1861b00649eb0a7829154922ce5351407adcb7efa36b7f8d7aaf0b75578,ed37ddf1607a13084d9d4abcb81153324c0ad6022561dd00e240e14f4b85b96a,True,572031,-1.0,1.5
104,A,primary,4,2,3,2,51402,42002,,,S_C,r2,cb94a1861b00649eb0a7829154922ce5351407adcb7efa36b7f8d7aaf0b75578,ed37ddf1607a13084d9d4abcb81153324c0ad6022561dd00e240e14f4b85b96a,True,572032,-1.0,1.5
105,A,primary,4,2,4,1,51402,42002,,,S_C,r2,cb94a1861b00649eb0a7829154922ce5351407adcb7efa36b7f8d7aaf0b75578,ed37ddf1607a13084d9d4abcb81153324c0ad6022561dd00e240e14f4b85b96a,True,572041,-1.0,1.5
106,A,primary,4,2,4,2,51402,42002,,,S_C,r2,cb94a1861b00649eb0a7829154922ce5351407adcb7efa36b7f8d7aaf0b75578,ed37ddf1607a13084d9d4abcb81153324c0ad6022561dd00e240e14f4b85b96a,True,572042,-1.0,1.5
107,A,primary,4,2,5,1,51402,42002,,,S_C,r2,cb94a1861b00649eb0a7829154922ce5351407adcb7efa36b7f8d7aaf0b75578,ed37ddf1607a13084d9d4abcb81153324c0ad6022561dd00e240e14f4b85b96a,True,572051,-1.0,1.5
108,A,primary,4,2,5,2,51402,42002,,,S_C,r2,cb94a1861b00649eb0a7829154922ce5351407adcb7efa36b7f8d7aaf0b75578,ed37ddf1607a13084d9d4abcb81153324c0ad6022561dd00e240e14f4b85b96a,True,572052,-1.0,1.5
109,A,primary,4,2,6,1,51402,42002,,,S_C,r2,cb94a1861b00649eb0a7829154922ce5351407adcb7efa36b7f8d7aaf0b75578,ed37ddf1607a13084d9d4abcb81153324c0ad6022561dd00e240e14f4b85b96a,True,572061,-1.0,1.5
110,A,primary,4,2,6,2,51402,42002,,,S_C,r2,cb94a1861b00649eb0a7829154922ce5351407adcb7efa36b7f8d7aaf0b75578,ed37ddf1607a13084d9d4abcb81153324c0ad6022561dd00e240e14f4b85b96a,True,572062,-1.0,1.5
111,A,primary,4,2,7,1,51402,42002,,,S_C,r2,cb94a1861b00649eb0a7829154922ce5351407adcb7efa36b7f8d7aaf0b75578,ed37ddf1607a13084d9d4abcb81153324c0ad6022561dd00e240e14f4b85b96a,True,572071,-1.0,1.5
112,A,primary,4,2,7,2,51402,42002,,,S_C,r2,cb94a1861b00649eb0a7829154922ce5351407adcb7efa36b7f8d7aaf0b75578,ed37ddf1607a13084d9d4abcb81153324c0ad6022561dd00e240e14f4b85b96a,True,572072,-1.0,1.5
113,A,primary,4,3,1,1,51403,42003,,,S_C,r3,3e56e119afbb8aabbd44551af3351ee6a55c0b96c7d9e6aac153faecff6a9110,dd38a6dc0c729eb26b133f73a06b99d12c5088e5248da46847456f733bcb326f,True,573011,-1.0,1.5
114,A,primary,4,3,1,2,51403,42003,,,S_C,r3,3e56e119afbb8aabbd44551af3351ee6a55c0b96c7d9e6aac153faecff6a9110,dd38a6dc0c729eb26b133f73a06b99d12c5088e5248da46847456f733bcb326f,True,573012,-1.0,1.5
115,A,primary,4,3,2,1,51403,42003,,,S_C,r3,3e56e119afbb8aabbd44551af3351ee6a55c0b96c7d9e6aac153faecff6a9110,dd38a6dc0c729eb26b133f73a06b99d12c5088e5248da46847456f733bcb326f,True,573021,-1.0,1.5
116,A,primary,4,3,2,2,51403,42003,,,S_C,r3,3e56e119afbb8aabbd44551af3351ee6a55c0b96c7d9e6aac153faecff6a9110,dd38a6dc0c729eb26b133f73a06b99d12c5088e5248da46847456f733bcb326f,True,573022,-1.0,1.5
117,A,primary,4,3,3,1,51403,42003,,,S_C,r3,3e56e119afbb8aabbd44551af3351ee6a55c0b96c7d9e6aac153faecff6a9110,dd38a6dc0c729eb26b133f73a06b99d12c5088e5248da46847456f733bcb326f,True,573031,-1.0,1.5
118,A,primary,4,3,3,2,51403,42003,,,S_C,r3,3e56e119afbb8aabbd44551af3351ee6a55c0b96c7d9e6aac153faecff6a9110,dd38a6dc0c729eb26b133f73a06b99d12c5088e5248da46847456f733bcb326f,True,573032,-1.0,1.5
119,A,primary,4,3,4,1,51403,42003,,,S_C,r3,3e56e119afbb8aabbd44551af3351ee6a55c0b96c7d9e6aac153faecff6a9110,dd38a6dc0c729eb26b133f73a06b99d12c5088e5248da46847456f733bcb326f,True,573041,-1.0,1.5
120,A,primary,4,3,4,2,51403,42003,,,S_C,r3,3e56e119afbb8aabbd44551af3351ee6a55c0b96c7d9e6aac153faecff6a9110,dd38a6dc0c729eb26b133f73a06b99d12c5088e5248da46847456f733bcb326f,True,573042,-1.0,1.5
121,A,primary,4,3,5,1,51403,42003,,,S_C,r3,3e56e119afbb8aabbd44551af3351ee6a55c0b96c7d9e6aac153faecff6a9110,dd38a6dc0c729eb26b133f73a06b99d12c5088e5248da46847456f733bcb326f,True,573051,-1.0,1.5
122,A,primary,4,3,5,2,51403,42003,,,S_C,r3,3e56e119afbb8aabbd44551af3351ee6a55c0b96c7d9e6aac153faecff6a9110,dd38a6dc0c729eb26b133f73a06b99d12c5088e5248da46847456f733bcb326f,True,573052,-1.0,1.5
123,A,primary,4,3,6,1,51403,42003,,,S_C,r3,3e56e119afbb8aabbd44551af3351ee6a55c0b96c7d9e6aac153faecff6a9110,dd38a6dc0c729eb26b133f73a06b99d12c5088e5248da46847456f733bcb326f,True,573061,-1.0,1.5
124,A,primary,4,3,6,2,51403,42003,,,S_C,r3,3e56e119afbb8aabbd44551af3351ee6a55c0b96c7d9e6aac153faecff6a9110,dd38a6dc0c729eb26b133f73a06b99d12c5088e5248da46847456f733bcb326f,True,573062,-1.0,1.5
125,A,primary,4,3,7,1,51403,42003,,,S_C,r3,3e56e119afbb8aabbd44551af3351ee6a55c0b96c7d9e6aac153faecff6a9110,dd38a6dc0c729eb26b133f73a06b99d12c5088e5248da46847456f733bcb326f,True,573071,-1.0,1.5
126,A,primary,4,3,7,2,51403,42003,,,S_C,r3,3e56e119afbb8aabbd44551af3351ee6a55c0b96c7d9e6aac153faecff6a9110,dd38a6dc0c729eb26b133f73a06b99d12c5088e5248da46847456f733bcb326f,True,573072,-1.0,1.5
127,A,primary,5,1,1,1,51501,42001,,,S_C,r1,387bda3b61226f2e22e1ca9065e35213fccc999c0b4abfa89dcce5562c2093ce,2ed450a0e79277ccd6dda97bafa504854a564af0cb41a3cd02c7b0332341dbd5,True,581011,-1.0,1.5
128,A,primary,5,1,1,2,51501,42001,,,S_C,r1,387bda3b61226f2e22e1ca9065e35213fccc999c0b4abfa89dcce5562c2093ce,2ed450a0e79277ccd6dda97bafa504854a564af0cb41a3cd02c7b0332341dbd5,True,581012,-1.0,1.5
129,A,primary,5,1,2,1,51501,42001,,,S_C,r1,387bda3b61226f2e22e1ca9065e35213fccc999c0b4abfa89dcce5562c2093ce,2ed450a0e79277ccd6dda97bafa504854a564af0cb41a3cd02c7b0332341dbd5,True,581021,-1.0,1.5
130,A,primary,5,1,2,2,51501,42001,,,S_C,r1,387bda3b61226f2e22e1ca9065e35213fccc999c0b4abfa89dcce5562c2093ce,2ed450a0e79277ccd6dda97bafa504854a564af0cb41a3cd02c7b0332341dbd5,True,581022,-1.0,1.5
131,A,primary,5,1,3,1,51501,42001,,,S_C,r1,387bda3b61226f2e22e1ca9065e35213fccc999c0b4abfa89dcce5562c2093ce,2ed450a0e79277ccd6dda97bafa504854a564af0cb41a3cd02c7b0332341dbd5,True,581031,-1.0,1.5
132,A,primary,5,1,3,2,51501,42001,,,S_C,r1,387bda3b61226f2e22e1ca9065e35213fccc999c0b4abfa89dcce5562c2093ce,2ed450a0e79277ccd6dda97bafa504854a564af0cb41a3cd02c7b0332341dbd5,True,581032,-1.0,1.5
133,A,primary,5,1,4,1,51501,42001,,,S_C,r1,387bda3b61226f2e22e1ca9065e35213fccc999c0b4abfa89dcce5562c2093ce,2ed450a0e79277ccd6dda97bafa504854a564af0cb41a3cd02c7b0332341dbd5,True,581041,-1.0,1.5
134,A,primary,5,1,4,2,51501,42001,,,S_C,r1,387bda3b61226f2e22e1ca9065e35213fccc999c0b4abfa89dcce5562c2093ce,2ed450a0e79277ccd6dda97bafa504854a564af0cb41a3cd02c7b0332341dbd5,True,581042,-1.0,1.5
135,A,primary,5,1,5,1,51501,42001,,,S_C,r1,387bda3b61226f2e22e1ca9065e35213fccc999c0b4abfa89dcce5562c2093ce,2ed450a0e79277ccd6dda97bafa504854a564af0cb41a3cd02c7b0332341dbd5,True,581051,-1.0,1.5
136,A,primary,5,1,5,2,51501,42001,,,S_C,r1,387bda3b61226f2e22e1ca9065e35213fccc999c0b4abfa89dcce5562c2093ce,2ed450a0e79277ccd6dda97bafa504854a564af0cb41a3cd02c7b0332341dbd5,True,581052,-1.0,1.5
137,A,primary,5,1,6,1,51501,42001,,,S_C,r1,387bda3b61226f2e22e1ca9065e35213fccc999c0b4abfa89dcce5562c2093ce,2ed450a0e79277ccd6dda97bafa504854a564af0cb41a3cd02c7b0332341dbd5,True,581061,-1.0,1.5
138,A,primary,5,1,6,2,51501,42001,,,S_C,r1,387bda3b61226f2e22e1ca9065e35213fccc999c0b4abfa89dcce5562c2093ce,2ed450a0e79277ccd6dda97bafa504854a564af0cb41a3cd02c7b0332341dbd5,True,581062,-1.0,1.5
139,A,primary,5,1,7,1,51501,42001,,,S_C,r1,387bda3b61226f2e22e1ca9065e35213fccc999c0b4abfa89dcce5562c2093ce,2ed450a0e79277ccd6dda97bafa504854a564af0cb41a3cd02c7b0332341dbd5,True,581071,-1.0,1.5
140,A,primary,5,1,7,2,51501,42001,,,S_C,r1,387bda3b61226f2e22e1ca9065e35213fccc999c0b4abfa89dcce5562c2093ce,2ed450a0e79277ccd6dda97bafa504854a564af0cb41a3cd02c7b0332341dbd5,True,581072,-1.0,1.5
141,A,primary,5,2,1,1,51502,42002,,,S_C,r2,cb94a1861b00649eb0a7829154922ce5351407adcb7efa36b7f8d7aaf0b75578,ed37ddf1607a13084d9d4abcb81153324c0ad6022561dd00e240e14f4b85b96a,True,582011,-1.0,1.5
142,A,primary,5,2,1,2,51502,42002,,,S_C,r2,cb94a1861b00649eb0a7829154922ce5351407adcb7efa36b7f8d7aaf0b75578,ed37ddf1607a13084d9d4abcb81153324c0ad6022561dd00e240e14f4b85b96a,True,582012,-1.0,1.5
143,A,primary,5,2,2,1,51502,42002,,,S_C,r2,cb94a1861b00649eb0a7829154922ce5351407adcb7efa36b7f8d7aaf0b75578,ed37ddf1607a13084d9d4abcb81153324c0ad6022561dd00e240e14f4b85b96a,True,582021,-1.0,1.5
144,A,primary,5,2,2,2,51502,42002,,,S_C,r2,cb94a1861b00649eb0a7829154922ce5351407adcb7efa36b7f8d7aaf0b75578,ed37ddf1607a13084d9d4abcb81153324c0ad6022561dd00e240e14f4b85b96a,True,582022,-1.0,1.5
145,A,primary,5,2,3,1,51502,42002,,,S_C,r2,cb94a1861b00649eb0a7829154922ce5351407adcb7efa36b7f8d7aaf0b75578,ed37ddf1607a13084d9d4abcb81153324c0ad6022561dd00e240e14f4b85b96a,True,582031,-1.0,1.5
146,A,primary,5,2,3,2,51502,42002,,,S_C,r2,cb94a1861b00649eb0a7829154922ce5351407adcb7efa36b7f8d7aaf0b75578,ed37ddf1607a13084d9d4abcb81153324c0ad6022561dd00e240e14f4b85b96a,True,582032,-1.0,1.5
147,A,primary,5,2,4,1,51502,42002,,,S_C,r2,cb94a1861b00649eb0a7829154922ce5351407adcb7efa36b7f8d7aaf0b75578,ed37ddf1607a13084d9d4abcb81153324c0ad6022561dd00e240e14f4b85b96a,True,582041,-1.0,1.5
148,A,primary,5,2,4,2,51502,42002,,,S_C,r2,cb94a1861b00649eb0a7829154922ce5351407adcb7efa36b7f8d7aaf0b75578,ed37ddf1607a13084d9d4abcb81153324c0ad6022561dd00e240e14f4b85b96a,True,582042,-1.0,1.5
149,A,primary,5,2,5,1,51502,42002,,,S_C,r2,cb94a1861b00649eb0a7829154922ce5351407adcb7efa36b7f8d7aaf0b75578,ed37ddf1607a13084d9d4abcb81153324c0ad6022561dd00e240e14f4b85b96a,True,582051,-1.0,1.5
150,A,primary,5,2,5,2,51502,42002,,,S_C,r2,cb94a1861b00649eb0a7829154922ce5351407adcb7efa36b7f8d7aaf0b75578,ed37ddf1607a13084d9d4abcb81153324c0ad6022561dd00e240e14f4b85b96a,True,582052,-1.0,1.5
151,A,primary,5,2,6,1,51502,42002,,,S_C,r2,cb94a1861b00649eb0a7829154922ce5351407adcb7efa36b7f8d7aaf0b75578,ed37ddf1607a13084d9d4abcb81153324c0ad6022561dd00e240e14f4b85b96a,True,582061,-1.0,1.5
152,A,primary,5,2,6,2,51502,42002,,,S_C,r2,cb94a1861b00649eb0a7829154922ce5351407adcb7efa36b7f8d7aaf0b75578,ed37ddf1607a13084d9d4abcb81153324c0ad6022561dd00e240e14f4b85b96a,True,582062,-1.0,1.5
153,A,primary,5,2,7,1,51502,42002,,,S_C,r2,cb94a1861b00649eb0a7829154922ce5351407adcb7efa36b7f8d7aaf0b75578,ed37ddf1607a13084d9d4abcb81153324c0ad6022561dd00e240e14f4b85b96a,True,582071,-1.0,1.5
154,A,primary,5,2,7,2,51502,42002,,,S_C,r2,cb94a1861b00649eb0a7829154922ce5351407adcb7efa36b7f8d7aaf0b75578,ed37ddf1607a13084d9d4abcb81153324c0ad6022561dd00e240e14f4b85b96a,True,582072,-1.0,1.5
155,A,primary,5,3,1,1,51503,42003,,,S_C,r3,3e56e119afbb8aabbd44551af3351ee6a55c0b96c7d9e6aac153faecff6a9110,dd38a6dc0c729eb26b133f73a06b99d12c5088e5248da46847456f733bcb326f,True,583011,-1.0,1.5
156,A,primary,5,3,1,2,51503,42003,,,S_C,r3,3e56e119afbb8aabbd44551af3351ee6a55c0b96c7d9e6aac153faecff6a9110,dd38a6dc0c729eb26b133f73a06b99d12c5088e5248da46847456f733bcb326f,True,583012,-1.0,1.5
157,A,primary,5,3,2,1,51503,42003,,,S_C,r3,3e56e119afbb8aabbd44551af3351ee6a55c0b96c7d9e6aac153faecff6a9110,dd38a6dc0c729eb26b133f73a06b99d12c5088e5248da46847456f733bcb326f,True,583021,-1.0,1.5
158,A,primary,5,3,2,2,51503,42003,,,S_C,r3,3e56e119afbb8aabbd44551af3351ee6a55c0b96c7d9e6aac153faecff6a9110,dd38a6dc0c729eb26b133f73a06b99d12c5088e5248da46847456f733bcb326f,True,583022,-1.0,1.5
159,A,primary,5,3,3,1,51503,42003,,,S_C,r3,3e56e119afbb8aabbd44551af3351ee6a55c0b96c7d9e6aac153faecff6a9110,dd38a6dc0c729eb26b133f73a06b99d12c5088e5248da46847456f733bcb326f,True,583031,-1.0,1.5
160,A,primary,5,3,3,2,51503,42003,,,S_C,r3,3e56e119afbb8aabbd44551af3351ee6a55c0b96c7d9e6aac153faecff6a9110,dd38a6dc0c729eb26b133f73a06b99d12c5088e5248da46847456f733bcb326f,True,583032,-1.0,1.5
161,A,primary,5,3,4,1,51503,42003,,,S_C,r3,3e56e119afbb8aabbd44551af3351ee6a55c0b96c7d9e6aac153faecff6a9110,dd38a6dc0c729eb26b133f73a06b99d12c5088e5248da46847456f733bcb326f,True,583041,-1.0,1.5
162,A,primary,5,3,4,2,51503,42003,,,S_C,r3,3e56e119afbb8aabbd44551af3351ee6a55c0b96c7d9e6aac153faecff6a9110,dd38a6dc0c729eb26b133f73a06b99d12c5088e5248da46847456f733bcb326f,True,583042,-1.0,1.5
163,A,primary,5,3,5,1,51503,42003,,,S_C,r3,3e56e119afbb8aabbd44551af3351ee6a55c0b96c7d9e6aac153faecff6a9110,dd38a6dc0c729eb26b133f73a06b99d12c5088e5248da46847456f733bcb326f,True,583051,-1.0,1.5
164,A,primary,5,3,5,2,51503,42003,,,S_C,r3,3e56e119afbb8aabbd44551af3351ee6a55c0b96c7d9e6aac153faecff6a9110,dd38a6dc0c729eb26b133f73a06b99d12c5088e5248da46847456f733bcb326f,True,583052,-1.0,1.5
165,A,primary,5,3,6,1,51503,42003,,,S_C,r3,3e56e119afbb8aabbd44551af3351ee6a55c0b96c7d9e6aac153faecff6a9110,dd38a6dc0c729eb26b133f73a06b99d12c5088e5248da46847456f733bcb326f,True,583061,-1.0,1.5
166,A,primary,5,3,6,2,51503,42003,,,S_C,r3,3e56e119afbb8aabbd44551af3351ee6a55c0b96c7d9e6aac153faecff6a9110,dd38a6dc0c729eb26b133f73a06b99d12c5088e5248da46847456f733bcb326f,True,583062,-1.0,1.5
167,A,primary,5,3,7,1,51503,42003,,,S_C,r3,3e56e119afbb8aabbd44551af3351ee6a55c0b96c7d9e6aac153faecff6a9110,dd38a6dc0c729eb26b133f73a06b99d12c5088e5248da46847456f733bcb326f,True,583071,-1.0,1.5
168,A,primary,5,3,7,2,51503,42003,,,S_C,r3,3e56e119afbb8aabbd44551af3351ee6a55c0b96c7d9e6aac153faecff6a9110,dd38a6dc0c729eb26b133f73a06b99d12c5088e5248da46847456f733bcb326f,True,583072,-1.0,1.5
169,B,sensitivity,1,1,1,1,51101,42001,,,S_C,r1,387bda3b61226f2e22e1ca9065e35213fccc999c0b4abfa89dcce5562c2093ce,2ed450a0e79277ccd6dda97bafa504854a564af0cb41a3cd02c7b0332341dbd5,True,541011,-1.0,2.598076211353316
170,B,sensitivity,1,1,1,2,51101,42001,,,S_C,r1,387bda3b61226f2e22e1ca9065e35213fccc999c0b4abfa89dcce5562c2093ce,2ed450a0e79277ccd6dda97bafa504854a564af0cb41a3cd02c7b0332341dbd5,True,541012,-1.0,2.598076211353316
171,B,sensitivity,1,1,2,1,51101,42001,,,S_C,r1,387bda3b61226f2e22e1ca9065e35213fccc999c0b4abfa89dcce5562c2093ce,2ed450a0e79277ccd6dda97bafa504854a564af0cb41a3cd02c7b0332341dbd5,True,541021,-1.0,2.598076211353316
172,B,sensitivity,1,1,2,2,51101,42001,,,S_C,r1,387bda3b61226f2e22e1ca9065e35213fccc999c0b4abfa89dcce5562c2093ce,2ed450a0e79277ccd6dda97bafa504854a564af0cb41a3cd02c7b0332341dbd5,True,541022,-1.0,2.598076211353316
173,B,sensitivity,1,1,3,1,51101,42001,,,S_C,r1,387bda3b61226f2e22e1ca9065e35213fccc999c0b4abfa89dcce5562c2093ce,2ed450a0e79277ccd6dda97bafa504854a564af0cb41a3cd02c7b0332341dbd5,True,541031,-1.0,2.598076211353316
174,B,sensitivity,1,1,3,2,51101,42001,,,S_C,r1,387bda3b61226f2e22e1ca9065e35213fccc999c0b4abfa89dcce5562c2093ce,2ed450a0e79277ccd6dda97bafa504854a564af0cb41a3cd02c7b0332341dbd5,True,541032,-1.0,2.598076211353316
175,B,sensitivity,1,1,4,1,51101,42001,,,S_C,r1,387bda3b61226f2e22e1ca9065e35213fccc999c0b4abfa89dcce5562c2093ce,2ed450a0e79277ccd6dda97bafa504854a564af0cb41a3cd02c7b0332341dbd5,True,541041,-1.0,2.598076211353316
176,B,sensitivity,1,1,4,2,51101,42001,,,S_C,r1,387bda3b61226f2e22e1ca9065e35213fccc999c0b4abfa89dcce5562c2093ce,2ed450a0e79277ccd6dda97bafa504854a564af0cb41a3cd02c7b0332341dbd5,True,541042,-1.0,2.598076211353316
177,B,sensitivity,1,1,5,1,51101,42001,,,S_C,r1,387bda3b61226f2e22e1ca9065e35213fccc999c0b4abfa89dcce5562c2093ce,2ed450a0e79277ccd6dda97bafa504854a564af0cb41a3cd02c7b0332341dbd5,True,541051,-1.0,2.598076211353316
178,B,sensitivity,1,1,5,2,51101,42001,,,S_C,r1,387bda3b61226f2e22e1ca9065e35213fccc999c0b4abfa89dcce5562c2093ce,2ed450a0e79277ccd6dda97bafa504854a564af0cb41a3cd02c7b0332341dbd5,True,541052,-1.0,2.598076211353316
179,B,sensitivity,1,1,6,1,51101,42001,,,S_C,r1,387bda3b61226f2e22e1ca9065e35213fccc999c0b4abfa89dcce5562c2093ce,2ed450a0e79277ccd6dda97bafa504854a564af0cb41a3cd02c7b0332341dbd5,True,541061,-1.0,2.598076211353316
180,B,sensitivity,1,1,6,2,51101,42001,,,S_C,r1,387bda3b61226f2e22e1ca9065e35213fccc999c0b4abfa89dcce5562c2093ce,2ed450a0e79277ccd6dda97bafa504854a564af0cb41a3cd02c7b0332341dbd5,True,541062,-1.0,2.598076211353316
181,B,sensitivity,1,1,7,1,51101,42001,,,S_C,r1,387bda3b61226f2e22e1ca9065e35213fccc999c0b4abfa89dcce5562c2093ce,2ed450a0e79277ccd6dda97bafa504854a564af0cb41a3cd02c7b0332341dbd5,True,541071,-1.0,2.598076211353316
182,B,sensitivity,1,1,7,2,51101,42001,,,S_C,r1,387bda3b61226f2e22e1ca9065e35213fccc999c0b4abfa89dcce5562c2093ce,2ed450a0e79277ccd6dda97bafa504854a564af0cb41a3cd02c7b0332341dbd5,True,541072,-1.0,2.598076211353316
183,B,sensitivity,1,2,1,1,51102,42002,,,S_C,r2,cb94a1861b00649eb0a7829154922ce5351407adcb7efa36b7f8d7aaf0b75578,ed37ddf1607a13084d9d4abcb81153324c0ad6022561dd00e240e14f4b85b96a,True,542011,-1.0,2.598076211353316
184,B,sensitivity,1,2,1,2,51102,42002,,,S_C,r2,cb94a1861b00649eb0a7829154922ce5351407adcb7efa36b7f8d7aaf0b75578,ed37ddf1607a13084d9d4abcb81153324c0ad6022561dd00e240e14f4b85b96a,True,542012,-1.0,2.598076211353316
185,B,sensitivity,1,2,2,1,51102,42002,,,S_C,r2,cb94a1861b00649eb0a7829154922ce5351407adcb7efa36b7f8d7aaf0b75578,ed37ddf1607a13084d9d4abcb81153324c0ad6022561dd00e240e14f4b85b96a,True,542021,-1.0,2.598076211353316
186,B,sensitivity,1,2,2,2,51102,42002,,,S_C,r2,cb94a1861b00649eb0a7829154922ce5351407adcb7efa36b7f8d7aaf0b75578,ed37ddf1607a13084d9d4abcb81153324c0ad6022561dd00e240e14f4b85b96a,True,542022,-1.0,2.598076211353316
187,B,sensitivity,1,2,3,1,51102,42002,,,S_C,r2,cb94a1861b00649eb0a7829154922ce5351407adcb7efa36b7f8d7aaf0b75578,ed37ddf1607a13084d9d4abcb81153324c0ad6022561dd00e240e14f4b85b96a,True,542031,-1.0,2.598076211353316
188,B,sensitivity,1,2,3,2,51102,42002,,,S_C,r2,cb94a1861b00649eb0a7829154922ce5351407adcb7efa36b7f8d7aaf0b75578,ed37ddf1607a13084d9d4abcb81153324c0ad6022561dd00e240e14f4b85b96a,True,542032,-1.0,2.598076211353316
189,B,sensitivity,1,2,4,1,51102,42002,,,S_C,r2,cb94a1861b00649eb0a7829154922ce5351407adcb7efa36b7f8d7aaf0b75578,ed37ddf1607a13084d9d4abcb81153324c0ad6022561dd00e240e14f4b85b96a,True,542041,-1.0,2.598076211353316
190,B,sensitivity,1,2,4,2,51102,42002,,,S_C,r2,cb94a1861b00649eb0a7829154922ce5351407adcb7efa36b7f8d7aaf0b75578,ed37ddf1607a13084d9d4abcb81153324c0ad6022561dd00e240e14f4b85b96a,True,542042,-1.0,2.598076211353316
191,B,sensitivity,1,2,5,1,51102,42002,,,S_C,r2,cb94a1861b00649eb0a7829154922ce5351407adcb7efa36b7f8d7aaf0b75578,ed37ddf1607a13084d9d4abcb81153324c0ad6022561dd00e240e14f4b85b96a,True,542051,-1.0,2.598076211353316
192,B,sensitivity,1,2,5,2,51102,42002,,,S_C,r2,cb94a1861b00649eb0a7829154922ce5351407adcb7efa36b7f8d7aaf0b75578,ed37ddf1607a13084d9d4abcb81153324c0ad6022561dd00e240e14f4b85b96a,True,542052,-1.0,2.598076211353316
193,B,sensitivity,1,2,6,1,51102,42002,,,S_C,r2,cb94a1861b00649eb0a7829154922ce5351407adcb7efa36b7f8d7aaf0b75578,ed37ddf1607a13084d9d4abcb81153324c0ad6022561dd00e240e14f4b85b96a,True,542061,-1.0,2.598076211353316
194,B,sensitivity,1,2,6,2,51102,42002,,,S_C,r2,cb94a1861b00649eb0a7829154922ce5351407adcb7efa36b7f8d7aaf0b75578,ed37ddf1607a13084d9d4abcb81153324c0ad6022561dd00e240e14f4b85b96a,True,542062,-1.0,2.598076211353316
195,B,sensitivity,1,2,7,1,51102,42002,,,S_C,r2,cb94a1861b00649eb0a7829154922ce5351407adcb7efa36b7f8d7aaf0b75578,ed37ddf1607a13084d9d4abcb81153324c0ad6022561dd00e240e14f4b85b96a,True,542071,-1.0,2.598076211353316
196,B,sensitivity,1,2,7,2,51102,42002,,,S_C,r2,cb94a1861b00649eb0a7829154922ce5351407adcb7efa36b7f8d7aaf0b75578,ed37ddf1607a13084d9d4abcb81153324c0ad6022561dd00e240e14f4b85b96a,True,542072,-1.0,2.598076211353316
197,B,sensitivity,1,3,1,1,51103,42003,,,S_C,r3,3e56e119afbb8aabbd44551af3351ee6a55c0b96c7d9e6aac153faecff6a9110,dd38a6dc0c729eb26b133f73a06b99d12c5088e5248da46847456f733bcb326f,True,543011,-1.0,2.598076211353316
198,B,sensitivity,1,3,1,2,51103,42003,,,S_C,r3,3e56e119afbb8aabbd44551af3351ee6a55c0b96c7d9e6aac153faecff6a9110,dd38a6dc0c729eb26b133f73a06b99d12c5088e5248da46847456f733bcb326f,True,543012,-1.0,2.598076211353316
199,B,sensitivity,1,3,2,1,51103,42003,,,S_C,r3,3e56e119afbb8aabbd44551af3351ee6a55c0b96c7d9e6aac153faecff6a9110,dd38a6dc0c729eb26b133f73a06b99d12c5088e5248da46847456f733bcb326f,True,543021,-1.0,2.598076211353316
200,B,sensitivity,1,3,2,2,51103,42003,,,S_C,r3,3e56e119afbb8aabbd44551af3351ee6a55c0b96c7d9e6aac153faecff6a9110,dd38a6dc0c729eb26b133f73a06b99d12c5088e5248da46847456f733bcb326f,True,543022,-1.0,2.598076211353316
201,B,sensitivity,1,3,3,1,51103,42003,,,S_C,r3,3e56e119afbb8aabbd44551af3351ee6a55c0b96c7d9e6aac153faecff6a9110,dd38a6dc0c729eb26b133f73a06b99d12c5088e5248da46847456f733bcb326f,True,543031,-1.0,2.598076211353316
202,B,sensitivity,1,3,3,2,51103,42003,,,S_C,r3,3e56e119afbb8aabbd44551af3351ee6a55c0b96c7d9e6aac153faecff6a9110,dd38a6dc0c729eb26b133f73a06b99d12c5088e5248da46847456f733bcb326f,True,543032,-1.0,2.598076211353316
203,B,sensitivity,1,3,4,1,51103,42003,,,S_C,r3,3e56e119afbb8aabbd44551af3351ee6a55c0b96c7d9e6aac153faecff6a9110,dd38a6dc0c729eb26b133f73a06b99d12c5088e5248da46847456f733bcb326f,True,543041,-1.0,2.598076211353316
204,B,sensitivity,1,3,4,2,51103,42003,,,S_C,r3,3e56e119afbb8aabbd44551af3351ee6a55c0b96c7d9e6aac153faecff6a9110,dd38a6dc0c729eb26b133f73a06b99d12c5088e5248da46847456f733bcb326f,True,543042,-1.0,2.598076211353316
205,B,sensitivity,1,3,5,1,51103,42003,,,S_C,r3,3e56e119afbb8aabbd44551af3351ee6a55c0b96c7d9e6aac153faecff6a9110,dd38a6dc0c729eb26b133f73a06b99d12c5088e5248da46847456f733bcb326f,True,543051,-1.0,2.598076211353316
206,B,sensitivity,1,3,5,2,51103,42003,,,S_C,r3,3e56e119afbb8aabbd44551af3351ee6a55c0b96c7d9e6aac153faecff6a9110,dd38a6dc0c729eb26b133f73a06b99d12c5088e5248da46847456f733bcb326f,True,543052,-1.0,2.598076211353316
207,B,sensitivity,1,3,6,1,51103,42003,,,S_C,r3,3e56e119afbb8aabbd44551af3351ee6a55c0b96c7d9e6aac153faecff6a9110,dd38a6dc0c729eb26b133f73a06b99d12c5088e5248da46847456f733bcb326f,True,543061,-1.0,2.598076211353316
208,B,sensitivity,1,3,6,2,51103,42003,,,S_C,r3,3e56e119afbb8aabbd44551af3351ee6a55c0b96c7d9e6aac153faecff6a9110,dd38a6dc0c729eb26b133f73a06b99d12c5088e5248da46847456f733bcb326f,True,543062,-1.0,2.598076211353316
209,B,sensitivity,1,3,7,1,51103,42003,,,S_C,r3,3e56e119afbb8aabbd44551af3351ee6a55c0b96c7d9e6aac153faecff6a9110,dd38a6dc0c729eb26b133f73a06b99d12c5088e5248da46847456f733bcb326f,True,543071,-1.0,2.598076211353316
210,B,sensitivity,1,3,7,2,51103,42003,,,S_C,r3,3e56e119afbb8aabbd44551af3351ee6a55c0b96c7d9e6aac153faecff6a9110,dd38a6dc0c729eb26b133f73a06b99d12c5088e5248da46847456f733bcb326f,True,543072,-1.0,2.598076211353316
211,B,sensitivity,2,1,1,1,51201,42001,,,S_C,r1,387bda3b61226f2e22e1ca9065e35213fccc999c0b4abfa89dcce5562c2093ce,2ed450a0e79277ccd6dda97bafa504854a564af0cb41a3cd02c7b0332341dbd5,True,551011,-1.0,1.8371173070873834
212,B,sensitivity,2,1,1,2,51201,42001,,,S_C,r1,387bda3b61226f2e22e1ca9065e35213fccc999c0b4abfa89dcce5562c2093ce,2ed450a0e79277ccd6dda97bafa504854a564af0cb41a3cd02c7b0332341dbd5,True,551012,-1.0,1.8371173070873834
213,B,sensitivity,2,1,2,1,51201,42001,,,S_C,r1,387bda3b61226f2e22e1ca9065e35213fccc999c0b4abfa89dcce5562c2093ce,2ed450a0e79277ccd6dda97bafa504854a564af0cb41a3cd02c7b0332341dbd5,True,551021,-1.0,1.8371173070873834
214,B,sensitivity,2,1,2,2,51201,42001,,,S_C,r1,387bda3b61226f2e22e1ca9065e35213fccc999c0b4abfa89dcce5562c2093ce,2ed450a0e79277ccd6dda97bafa504854a564af0cb41a3cd02c7b0332341dbd5,True,551022,-1.0,1.8371173070873834
215,B,sensitivity,2,1,3,1,51201,42001,,,S_C,r1,387bda3b61226f2e22e1ca9065e35213fccc999c0b4abfa89dcce5562c2093ce,2ed450a0e79277ccd6dda97bafa504854a564af0cb41a3cd02c7b0332341dbd5,True,551031,-1.0,1.8371173070873834
216,B,sensitivity,2,1,3,2,51201,42001,,,S_C,r1,387bda3b61226f2e22e1ca9065e35213fccc999c0b4abfa89dcce5562c2093ce,2ed450a0e79277ccd6dda97bafa504854a564af0cb41a3cd02c7b0332341dbd5,True,551032,-1.0,1.8371173070873834
217,B,sensitivity,2,1,4,1,51201,42001,,,S_C,r1,387bda3b61226f2e22e1ca9065e35213fccc999c0b4abfa89dcce5562c2093ce,2ed450a0e79277ccd6dda97bafa504854a564af0cb41a3cd02c7b0332341dbd5,True,551041,-1.0,1.8371173070873834
218,B,sensitivity,2,1,4,2,51201,42001,,,S_C,r1,387bda3b61226f2e22e1ca9065e35213fccc999c0b4abfa89dcce5562c2093ce,2ed450a0e79277ccd6dda97bafa504854a564af0cb41a3cd02c7b0332341dbd5,True,551042,-1.0,1.8371173070873834
219,B,sensitivity,2,1,5,1,51201,42001,,,S_C,r1,387bda3b61226f2e22e1ca9065e35213fccc999c0b4abfa89dcce5562c2093ce,2ed450a0e79277ccd6dda97bafa504854a564af0cb41a3cd02c7b0332341dbd5,True,551051,-1.0,1.8371173070873834
220,B,sensitivity,2,1,5,2,51201,42001,,,S_C,r1,387bda3b61226f2e22e1ca9065e35213fccc999c0b4abfa89dcce5562c2093ce,2ed450a0e79277ccd6dda97bafa504854a564af0cb41a3cd02c7b0332341dbd5,True,551052,-1.0,1.8371173070873834
221,B,sensitivity,2,1,6,1,51201,42001,,,S_C,r1,387bda3b61226f2e22e1ca9065e35213fccc999c0b4abfa89dcce5562c2093ce,2ed450a0e79277ccd6dda97bafa504854a564af0cb41a3cd02c7b0332341dbd5,True,551061,-1.0,1.8371173070873834
222,B,sensitivity,2,1,6,2,51201,42001,,,S_C,r1,387bda3b61226f2e22e1ca9065e35213fccc999c0b4abfa89dcce5562c2093ce,2ed450a0e79277ccd6dda97bafa504854a564af0cb41a3cd02c7b0332341dbd5,True,551062,-1.0,1.8371173070873834
223,B,sensitivity,2,1,7,1,51201,42001,,,S_C,r1,387bda3b61226f2e22e1ca9065e35213fccc999c0b4abfa89dcce5562c2093ce,2ed450a0e79277ccd6dda97bafa504854a564af0cb41a3cd02c7b0332341dbd5,True,551071,-1.0,1.8371173070873834
224,B,sensitivity,2,1,7,2,51201,42001,,,S_C,r1,387bda3b61226f2e22e1ca9065e35213fccc999c0b4abfa89dcce5562c2093ce,2ed450a0e79277ccd6dda97bafa504854a564af0cb41a3cd02c7b0332341dbd5,True,551072,-1.0,1.8371173070873834
225,B,sensitivity,2,2,1,1,51202,42002,,,S_C,r2,cb94a1861b00649eb0a7829154922ce5351407adcb7efa36b7f8d7aaf0b75578,ed37ddf1607a13084d9d4abcb81153324c0ad6022561dd00e240e14f4b85b96a,True,552011,-1.0,1.8371173070873834
226,B,sensitivity,2,2,1,2,51202,42002,,,S_C,r2,cb94a1861b00649eb0a7829154922ce5351407adcb7efa36b7f8d7aaf0b75578,ed37ddf1607a13084d9d4abcb81153324c0ad6022561dd00e240e14f4b85b96a,True,552012,-1.0,1.8371173070873834
227,B,sensitivity,2,2,2,1,51202,42002,,,S_C,r2,cb94a1861b00649eb0a7829154922ce5351407adcb7efa36b7f8d7aaf0b75578,ed37ddf1607a13084d9d4abcb81153324c0ad6022561dd00e240e14f4b85b96a,True,552021,-1.0,1.8371173070873834
228,B,sensitivity,2,2,2,2,51202,42002,,,S_C,r2,cb94a1861b00649eb0a7829154922ce5351407adcb7efa36b7f8d7aaf0b75578,ed37ddf1607a13084d9d4abcb81153324c0ad6022561dd00e240e14f4b85b96a,True,552022,-1.0,1.8371173070873834
229,B,sensitivity,2,2,3,1,51202,42002,,,S_C,r2,cb94a1861b00649eb0a7829154922ce5351407adcb7efa36b7f8d7aaf0b75578,ed37ddf1607a13084d9d4abcb81153324c0ad6022561dd00e240e14f4b85b96a,True,552031,-1.0,1.8371173070873834
230,B,sensitivity,2,2,3,2,51202,42002,,,S_C,r2,cb94a1861b00649eb0a7829154922ce5351407adcb7efa36b7f8d7aaf0b75578,ed37ddf1607a13084d9d4abcb81153324c0ad6022561dd00e240e14f4b85b96a,True,552032,-1.0,1.8371173070873834
231,B,sensitivity,2,2,4,1,51202,42002,,,S_C,r2,cb94a1861b00649eb0a7829154922ce5351407adcb7efa36b7f8d7aaf0b75578,ed37ddf1607a13084d9d4abcb81153324c0ad6022561dd00e240e14f4b85b96a,True,552041,-1.0,1.8371173070873834
232,B,sensitivity,2,2,4,2,51202,42002,,,S_C,r2,cb94a1861b00649eb0a7829154922ce5351407adcb7efa36b7f8d7aaf0b75578,ed37ddf1607a13084d9d4abcb81153324c0ad6022561dd00e240e14f4b85b96a,True,552042,-1.0,1.8371173070873834
233,B,sensitivity,2,2,5,1,51202,42002,,,S_C,r2,cb94a1861b00649eb0a7829154922ce5351407adcb7efa36b7f8d7aaf0b75578,ed37ddf1607a13084d9d4abcb81153324c0ad6022561dd00e240e14f4b85b96a,True,552051,-1.0,1.8371173070873834
234,B,sensitivity,2,2,5,2,51202,42002,,,S_C,r2,cb94a1861b00649eb0a7829154922ce5351407adcb7efa36b7f8d7aaf0b75578,ed37ddf1607a13084d9d4abcb81153324c0ad6022561dd00e240e14f4b85b96a,True,552052,-1.0,1.8371173070873834
235,B,sensitivity,2,2,6,1,51202,42002,,,S_C,r2,cb94a1861b00649eb0a7829154922ce5351407adcb7efa36b7f8d7aaf0b75578,ed37ddf1607a13084d9d4abcb81153324c0ad6022561dd00e240e14f4b85b96a,True,552061,-1.0,1.8371173070873834
236,B,sensitivity,2,2,6,2,51202,42002,,,S_C,r2,cb94a1861b00649eb0a7829154922ce5351407adcb7efa36b7f8d7aaf0b75578,ed37ddf1607a13084d9d4abcb81153324c0ad6022561dd00e240e14f4b85b96a,True,552062,-1.0,1.8371173070873834
237,B,sensitivity,2,2,7,1,51202,42002,,,S_C,r2,cb94a1861b00649eb0a7829154922ce5351407adcb7efa36b7f8d7aaf0b75578,ed37ddf1607a13084d9d4abcb81153324c0ad6022561dd00e240e14f4b85b96a,True,552071,-1.0,1.8371173070873834
238,B,sensitivity,2,2,7,2,51202,42002,,,S_C,r2,cb94a1861b00649eb0a7829154922ce5351407adcb7efa36b7f8d7aaf0b75578,ed37ddf1607a13084d9d4abcb81153324c0ad6022561dd00e240e14f4b85b96a,True,552072,-1.0,1.8371173070873834
239,B,sensitivity,2,3,1,1,51203,42003,,,S_C,r3,3e56e119afbb8aabbd44551af3351ee6a55c0b96c7d9e6aac153faecff6a9110,dd38a6dc0c729eb26b133f73a06b99d12c5088e5248da46847456f733bcb326f,True,553011,-1.0,1.8371173070873834
240,B,sensitivity,2,3,1,2,51203,42003,,,S_C,r3,3e56e119afbb8aabbd44551af3351ee6a55c0b96c7d9e6aac153faecff6a9110,dd38a6dc0c729eb26b133f73a06b99d12c5088e5248da46847456f733bcb326f,True,553012,-1.0,1.8371173070873834
241,B,sensitivity,2,3,2,1,51203,42003,,,S_C,r3,3e56e119afbb8aabbd44551af3351ee6a55c0b96c7d9e6aac153faecff6a9110,dd38a6dc0c729eb26b133f73a06b99d12c5088e5248da46847456f733bcb326f,True,553021,-1.0,1.8371173070873834
242,B,sensitivity,2,3,2,2,51203,42003,,,S_C,r3,3e56e119afbb8aabbd44551af3351ee6a55c0b96c7d9e6aac153faecff6a9110,dd38a6dc0c729eb26b133f73a06b99d12c5088e5248da46847456f733bcb326f,True,553022,-1.0,1.8371173070873834
243,B,sensitivity,2,3,3,1,51203,42003,,,S_C,r3,3e56e119afbb8aabbd44551af3351ee6a55c0b96c7d9e6aac153faecff6a9110,dd38a6dc0c729eb26b133f73a06b99d12c5088e5248da46847456f733bcb326f,True,553031,-1.0,1.8371173070873834
244,B,sensitivity,2,3,3,2,51203,42003,,,S_C,r3,3e56e119afbb8aabbd44551af3351ee6a55c0b96c7d9e6aac153faecff6a9110,dd38a6dc0c729eb26b133f73a06b99d12c5088e5248da46847456f733bcb326f,True,553032,-1.0,1.8371173070873834
245,B,sensitivity,2,3,4,1,51203,42003,,,S_C,r3,3e56e119afbb8aabbd44551af3351ee6a55c0b96c7d9e6aac153faecff6a9110,dd38a6dc0c729eb26b133f73a06b99d12c5088e5248da46847456f733bcb326f,True,553041,-1.0,1.8371173070873834
246,B,sensitivity,2,3,4,2,51203,42003,,,S_C,r3,3e56e119afbb8aabbd44551af3351ee6a55c0b96c7d9e6aac153faecff6a9110,dd38a6dc0c729eb26b133f73a06b99d12c5088e5248da46847456f733bcb326f,True,553042,-1.0,1.8371173070873834
247,B,sensitivity,2,3,5,1,51203,42003,,,S_C,r3,3e56e119afbb8aabbd44551af3351ee6a55c0b96c7d9e6aac153faecff6a9110,dd38a6dc0c729eb26b133f73a06b99d12c5088e5248da46847456f733bcb326f,True,553051,-1.0,1.8371173070873834
248,B,sensitivity,2,3,5,2,51203,42003,,,S_C,r3,3e56e119afbb8aabbd44551af3351ee6a55c0b96c7d9e6aac153faecff6a9110,dd38a6dc0c729eb26b133f73a06b99d12c5088e5248da46847456f733bcb326f,True,553052,-1.0,1.8371173070873834
249,B,sensitivity,2,3,6,1,51203,42003,,,S_C,r3,3e56e119afbb8aabbd44551af3351ee6a55c0b96c7d9e6aac153faecff6a9110,dd38a6dc0c729eb26b133f73a06b99d12c5088e5248da46847456f733bcb326f,True,553061,-1.0,1.8371173070873834
250,B,sensitivity,2,3,6,2,51203,42003,,,S_C,r3,3e56e119afbb8aabbd44551af3351ee6a55c0b96c7d9e6aac153faecff6a9110,dd38a6dc0c729eb26b133f73a06b99d12c5088e5248da46847456f733bcb326f,True,553062,-1.0,1.8371173070873834
251,B,sensitivity,2,3,7,1,51203,42003,,,S_C,r3,3e56e119afbb8aabbd44551af3351ee6a55c0b96c7d9e6aac153faecff6a9110,dd38a6dc0c729eb26b133f73a06b99d12c5088e5248da46847456f733bcb326f,True,553071,-1.0,1.8371173070873834
252,B,sensitivity,2,3,7,2,51203,42003,,,S_C,r3,3e56e119afbb8aabbd44551af3351ee6a55c0b96c7d9e6aac153faecff6a9110,dd38a6dc0c729eb26b133f73a06b99d12c5088e5248da46847456f733bcb326f,True,553072,-1.0,1.8371173070873834
253,B,sensitivity,4,1,1,1,51401,42001,,,S_C,r1,387bda3b61226f2e22e1ca9065e35213fccc999c0b4abfa89dcce5562c2093ce,2ed450a0e79277ccd6dda97bafa504854a564af0cb41a3cd02c7b0332341dbd5,True,571011,-1.0,1.299038105676658
254,B,sensitivity,4,1,1,2,51401,42001,,,S_C,r1,387bda3b61226f2e22e1ca9065e35213fccc999c0b4abfa89dcce5562c2093ce,2ed450a0e79277ccd6dda97bafa504854a564af0cb41a3cd02c7b0332341dbd5,True,571012,-1.0,1.299038105676658
255,B,sensitivity,4,1,2,1,51401,42001,,,S_C,r1,387bda3b61226f2e22e1ca9065e35213fccc999c0b4abfa89dcce5562c2093ce,2ed450a0e79277ccd6dda97bafa504854a564af0cb41a3cd02c7b0332341dbd5,True,571021,-1.0,1.299038105676658
256,B,sensitivity,4,1,2,2,51401,42001,,,S_C,r1,387bda3b61226f2e22e1ca9065e35213fccc999c0b4abfa89dcce5562c2093ce,2ed450a0e79277ccd6dda97bafa504854a564af0cb41a3cd02c7b0332341dbd5,True,571022,-1.0,1.299038105676658
257,B,sensitivity,4,1,3,1,51401,42001,,,S_C,r1,387bda3b61226f2e22e1ca9065e35213fccc999c0b4abfa89dcce5562c2093ce,2ed450a0e79277ccd6dda97bafa504854a564af0cb41a3cd02c7b0332341dbd5,True,571031,-1.0,1.299038105676658
258,B,sensitivity,4,1,3,2,51401,42001,,,S_C,r1,387bda3b61226f2e22e1ca9065e35213fccc999c0b4abfa89dcce5562c2093ce,2ed450a0e79277ccd6dda97bafa504854a564af0cb41a3cd02c7b0332341dbd5,True,571032,-1.0,1.299038105676658
259,B,sensitivity,4,1,4,1,51401,42001,,,S_C,r1,387bda3b61226f2e22e1ca9065e35213fccc999c0b4abfa89dcce5562c2093ce,2ed450a0e79277ccd6dda97bafa504854a564af0cb41a3cd02c7b0332341dbd5,True,571041,-1.0,1.299038105676658
260,B,sensitivity,4,1,4,2,51401,42001,,,S_C,r1,387bda3b61226f2e22e1ca9065e35213fccc999c0b4abfa89dcce5562c2093ce,2ed450a0e79277ccd6dda97bafa504854a564af0cb41a3cd02c7b0332341dbd5,True,571042,-1.0,1.299038105676658
261,B,sensitivity,4,1,5,1,51401,42001,,,S_C,r1,387bda3b61226f2e22e1ca9065e35213fccc999c0b4abfa89dcce5562c2093ce,2ed450a0e79277ccd6dda97bafa504854a564af0cb41a3cd02c7b0332341dbd5,True,571051,-1.0,1.299038105676658
262,B,sensitivity,4,1,5,2,51401,42001,,,S_C,r1,387bda3b61226f2e22e1ca9065e35213fccc999c0b4abfa89dcce5562c2093ce,2ed450a0e79277ccd6dda97bafa504854a564af0cb41a3cd02c7b0332341dbd5,True,571052,-1.0,1.299038105676658
263,B,sensitivity,4,1,6,1,51401,42001,,,S_C,r1,387bda3b61226f2e22e1ca9065e35213fccc999c0b4abfa89dcce5562c2093ce,2ed450a0e79277ccd6dda97bafa504854a564af0cb41a3cd02c7b0332341dbd5,True,571061,-1.0,1.299038105676658
264,B,sensitivity,4,1,6,2,51401,42001,,,S_C,r1,387bda3b61226f2e22e1ca9065e35213fccc999c0b4abfa89dcce5562c2093ce,2ed450a0e79277ccd6dda97bafa504854a564af0cb41a3cd02c7b0332341dbd5,True,571062,-1.0,1.299038105676658
265,B,sensitivity,4,1,7,1,51401,42001,,,S_C,r1,387bda3b61226f2e22e1ca9065e35213fccc999c0b4abfa89dcce5562c2093ce,2ed450a0e79277ccd6dda97bafa504854a564af0cb41a3cd02c7b0332341dbd5,True,571071,-1.0,1.299038105676658
266,B,sensitivity,4,1,7,2,51401,42001,,,S_C,r1,387bda3b61226f2e22e1ca9065e35213fccc999c0b4abfa89dcce5562c2093ce,2ed450a0e79277ccd6dda97bafa504854a564af0cb41a3cd02c7b0332341dbd5,True,571072,-1.0,1.299038105676658
267,B,sensitivity,4,2,1,1,51402,42002,,,S_C,r2,cb94a1861b00649eb0a7829154922ce5351407adcb7efa36b7f8d7aaf0b75578,ed37ddf1607a13084d9d4abcb81153324c0ad6022561dd00e240e14f4b85b96a,True,572011,-1.0,1.299038105676658
268,B,sensitivity,4,2,1,2,51402,42002,,,S_C,r2,cb94a1861b00649eb0a7829154922ce5351407adcb7efa36b7f8d7aaf0b75578,ed37ddf1607a13084d9d4abcb81153324c0ad6022561dd00e240e14f4b85b96a,True,572012,-1.0,1.299038105676658
269,B,sensitivity,4,2,2,1,51402,42002,,,S_C,r2,cb94a1861b00649eb0a7829154922ce5351407adcb7efa36b7f8d7aaf0b75578,ed37ddf1607a13084d9d4abcb81153324c0ad6022561dd00e240e14f4b85b96a,True,572021,-1.0,1.299038105676658
270,B,sensitivity,4,2,2,2,51402,42002,,,S_C,r2,cb94a1861b00649eb0a7829154922ce5351407adcb7efa36b7f8d7aaf0b75578,ed37ddf1607a13084d9d4abcb81153324c0ad6022561dd00e240e14f4b85b96a,True,572022,-1.0,1.299038105676658
271,B,sensitivity,4,2,3,1,51402,42002,,,S_C,r2,cb94a1861b00649eb0a7829154922ce5351407adcb7efa36b7f8d7aaf0b75578,ed37ddf1607a13084d9d4abcb81153324c0ad6022561dd00e240e14f4b85b96a,True,572031,-1.0,1.299038105676658
272,B,sensitivity,4,2,3,2,51402,42002,,,S_C,r2,cb94a1861b00649eb0a7829154922ce5351407adcb7efa36b7f8d7aaf0b75578,ed37ddf1607a13084d9d4abcb81153324c0ad6022561dd00e240e14f4b85b96a,True,572032,-1.0,1.299038105676658
273,B,sensitivity,4,2,4,1,51402,42002,,,S_C,r2,cb94a1861b00649eb0a7829154922ce5351407adcb7efa36b7f8d7aaf0b75578,ed37ddf1607a13084d9d4abcb81153324c0ad6022561dd00e240e14f4b85b96a,True,572041,-1.0,1.299038105676658
274,B,sensitivity,4,2,4,2,51402,42002,,,S_C,r2,cb94a1861b00649eb0a7829154922ce5351407adcb7efa36b7f8d7aaf0b75578,ed37ddf1607a13084d9d4abcb81153324c0ad6022561dd00e240e14f4b85b96a,True,572042,-1.0,1.299038105676658
275,B,sensitivity,4,2,5,1,51402,42002,,,S_C,r2,cb94a1861b00649eb0a7829154922ce5351407adcb7efa36b7f8d7aaf0b75578,ed37ddf1607a13084d9d4abcb81153324c0ad6022561dd00e240e14f4b85b96a,True,572051,-1.0,1.299038105676658
276,B,sensitivity,4,2,5,2,51402,42002,,,S_C,r2,cb94a1861b00649eb0a7829154922ce5351407adcb7efa36b7f8d7aaf0b75578,ed37ddf1607a13084d9d4abcb81153324c0ad6022561dd00e240e14f4b85b96a,True,572052,-1.0,1.299038105676658
277,B,sensitivity,4,2,6,1,51402,42002,,,S_C,r2,cb94a1861b00649eb0a7829154922ce5351407adcb7efa36b7f8d7aaf0b75578,ed37ddf1607a13084d9d4abcb81153324c0ad6022561dd00e240e14f4b85b96a,True,572061,-1.0,1.299038105676658
278,B,sensitivity,4,2,6,2,51402,42002,,,S_C,r2,cb94a1861b00649eb0a7829154922ce5351407adcb7efa36b7f8d7aaf0b75578,ed37ddf1607a13084d9d4abcb81153324c0ad6022561dd00e240e14f4b85b96a,True,572062,-1.0,1.299038105676658
279,B,sensitivity,4,2,7,1,51402,42002,,,S_C,r2,cb94a1861b00649eb0a7829154922ce5351407adcb7efa36b7f8d7aaf0b75578,ed37ddf1607a13084d9d4abcb81153324c0ad6022561dd00e240e14f4b85b96a,True,572071,-1.0,1.299038105676658
280,B,sensitivity,4,2,7,2,51402,42002,,,S_C,r2,cb94a1861b00649eb0a7829154922ce5351407adcb7efa36b7f8d7aaf0b75578,ed37ddf1607a13084d9d4abcb81153324c0ad6022561dd00e240e14f4b85b96a,True,572072,-1.0,1.299038105676658
281,B,sensitivity,4,3,1,1,51403,42003,,,S_C,r3,3e56e119afbb8aabbd44551af3351ee6a55c0b96c7d9e6aac153faecff6a9110,dd38a6dc0c729eb26b133f73a06b99d12c5088e5248da46847456f733bcb326f,True,573011,-1.0,1.299038105676658
282,B,sensitivity,4,3,1,2,51403,42003,,,S_C,r3,3e56e119afbb8aabbd44551af3351ee6a55c0b96c7d9e6aac153faecff6a9110,dd38a6dc0c729eb26b133f73a06b99d12c5088e5248da46847456f733bcb326f,True,573012,-1.0,1.299038105676658
283,B,sensitivity,4,3,2,1,51403,42003,,,S_C,r3,3e56e119afbb8aabbd44551af3351ee6a55c0b96c7d9e6aac153faecff6a9110,dd38a6dc0c729eb26b133f73a06b99d12c5088e5248da46847456f733bcb326f,True,573021,-1.0,1.299038105676658
284,B,sensitivity,4,3,2,2,51403,42003,,,S_C,r3,3e56e119afbb8aabbd44551af3351ee6a55c0b96c7d9e6aac153faecff6a9110,dd38a6dc0c729eb26b133f73a06b99d12c5088e5248da46847456f733bcb326f,True,573022,-1.0,1.299038105676658
285,B,sensitivity,4,3,3,1,51403,42003,,,S_C,r3,3e56e119afbb8aabbd44551af3351ee6a55c0b96c7d9e6aac153faecff6a9110,dd38a6dc0c729eb26b133f73a06b99d12c5088e5248da46847456f733bcb326f,True,573031,-1.0,1.299038105676658
286,B,sensitivity,4,3,3,2,51403,42003,,,S_C,r3,3e56e119afbb8aabbd44551af3351ee6a55c0b96c7d9e6aac153faecff6a9110,dd38a6dc0c729eb26b133f73a06b99d12c5088e5248da46847456f733bcb326f,True,573032,-1.0,1.299038105676658
287,B,sensitivity,4,3,4,1,51403,42003,,,S_C,r3,3e56e119afbb8aabbd44551af3351ee6a55c0b96c7d9e6aac153faecff6a9110,dd38a6dc0c729eb26b133f73a06b99d12c5088e5248da46847456f733bcb326f,True,573041,-1.0,1.299038105676658
288,B,sensitivity,4,3,4,2,51403,42003,,,S_C,r3,3e56e119afbb8aabbd44551af3351ee6a55c0b96c7d9e6aac153faecff6a9110,dd38a6dc0c729eb26b133f73a06b99d12c5088e5248da46847456f733bcb326f,True,573042,-1.0,1.299038105676658
289,B,sensitivity,4,3,5,1,51403,42003,,,S_C,r3,3e56e119afbb8aabbd44551af3351ee6a55c0b96c7d9e6aac153faecff6a9110,dd38a6dc0c729eb26b133f73a06b99d12c5088e5248da46847456f733bcb326f,True,573051,-1.0,1.299038105676658
290,B,sensitivity,4,3,5,2,51403,42003,,,S_C,r3,3e56e119afbb8aabbd44551af3351ee6a55c0b96c7d9e6aac153faecff6a9110,dd38a6dc0c729eb26b133f73a06b99d12c5088e5248da46847456f733bcb326f,True,573052,-1.0,1.299038105676658
291,B,sensitivity,4,3,6,1,51403,42003,,,S_C,r3,3e56e119afbb8aabbd44551af3351ee6a55c0b96c7d9e6aac153faecff6a9110,dd38a6dc0c729eb26b133f73a06b99d12c5088e5248da46847456f733bcb326f,True,573061,-1.0,1.299038105676658
292,B,sensitivity,4,3,6,2,51403,42003,,,S_C,r3,3e56e119afbb8aabbd44551af3351ee6a55c0b96c7d9e6aac153faecff6a9110,dd38a6dc0c729eb26b133f73a06b99d12c5088e5248da46847456f733bcb326f,True,573062,-1.0,1.299038105676658
293,B,sensitivity,4,3,7,1,51403,42003,,,S_C,r3,3e56e119afbb8aabbd44551af3351ee6a55c0b96c7d9e6aac153faecff6a9110,dd38a6dc0c729eb26b133f73a06b99d12c5088e5248da46847456f733bcb326f,True,573071,-1.0,1.299038105676658
294,B,sensitivity,4,3,7,2,51403,42003,,,S_C,r3,3e56e119afbb8aabbd44551af3351ee6a55c0b96c7d9e6aac153faecff6a9110,dd38a6dc0c729eb26b133f73a06b99d12c5088e5248da46847456f733bcb326f,True,573072,-1.0,1.299038105676658
295,B,sensitivity,5,1,1,1,51501,42001,,,S_C,r1,387bda3b61226f2e22e1ca9065e35213fccc999c0b4abfa89dcce5562c2093ce,2ed450a0e79277ccd6dda97bafa504854a564af0cb41a3cd02c7b0332341dbd5,True,581011,-1.0,1.161895003862225
296,B,sensitivity,5,1,1,2,51501,42001,,,S_C,r1,387bda3b61226f2e22e1ca9065e35213fccc999c0b4abfa89dcce5562c2093ce,2ed450a0e79277ccd6dda97bafa504854a564af0cb41a3cd02c7b0332341dbd5,True,581012,-1.0,1.161895003862225
297,B,sensitivity,5,1,2,1,51501,42001,,,S_C,r1,387bda3b61226f2e22e1ca9065e35213fccc999c0b4abfa89dcce5562c2093ce,2ed450a0e79277ccd6dda97bafa504854a564af0cb41a3cd02c7b0332341dbd5,True,581021,-1.0,1.161895003862225
298,B,sensitivity,5,1,2,2,51501,42001,,,S_C,r1,387bda3b61226f2e22e1ca9065e35213fccc999c0b4abfa89dcce5562c2093ce,2ed450a0e79277ccd6dda97bafa504854a564af0cb41a3cd02c7b0332341dbd5,True,581022,-1.0,1.161895003862225
299,B,sensitivity,5,1,3,1,51501,42001,,,S_C,r1,387bda3b61226f2e22e1ca9065e35213fccc999c0b4abfa89dcce5562c2093ce,2ed450a0e79277ccd6dda97bafa504854a564af0cb41a3cd02c7b0332341dbd5,True,581031,-1.0,1.161895003862225
300,B,sensitivity,5,1,3,2,51501,42001,,,S_C,r1,387bda3b61226f2e22e1ca9065e35213fccc999c0b4abfa89dcce5562c2093ce,2ed450a0e79277ccd6dda97bafa504854a564af0cb41a3cd02c7b0332341dbd5,True,581032,-1.0,1.161895003862225
301,B,sensitivity,5,1,4,1,51501,42001,,,S_C,r1,387bda3b61226f2e22e1ca9065e35213fccc999c0b4abfa89dcce5562c2093ce,2ed450a0e79277ccd6dda97bafa504854a564af0cb41a3cd02c7b0332341dbd5,True,581041,-1.0,1.161895003862225
302,B,sensitivity,5,1,4,2,51501,42001,,,S_C,r1,387bda3b61226f2e22e1ca9065e35213fccc999c0b4abfa89dcce5562c2093ce,2ed450a0e79277ccd6dda97bafa504854a564af0cb41a3cd02c7b0332341dbd5,True,581042,-1.0,1.161895003862225
303,B,sensitivity,5,1,5,1,51501,42001,,,S_C,r1,387bda3b61226f2e22e1ca9065e35213fccc999c0b4abfa89dcce5562c2093ce,2ed450a0e79277ccd6dda97bafa504854a564af0cb41a3cd02c7b0332341dbd5,True,581051,-1.0,1.161895003862225
304,B,sensitivity,5,1,5,2,51501,42001,,,S_C,r1,387bda3b61226f2e22e1ca9065e35213fccc999c0b4abfa89dcce5562c2093ce,2ed450a0e79277ccd6dda97bafa504854a564af0cb41a3cd02c7b0332341dbd5,True,581052,-1.0,1.161895003862225
305,B,sensitivity,5,1,6,1,51501,42001,,,S_C,r1,387bda3b61226f2e22e1ca9065e35213fccc999c0b4abfa89dcce5562c2093ce,2ed450a0e79277ccd6dda97bafa504854a564af0cb41a3cd02c7b0332341dbd5,True,581061,-1.0,1.161895003862225
306,B,sensitivity,5,1,6,2,51501,42001,,,S_C,r1,387bda3b61226f2e22e1ca9065e35213fccc999c0b4abfa89dcce5562c2093ce,2ed450a0e79277ccd6dda97bafa504854a564af0cb41a3cd02c7b0332341dbd5,True,581062,-1.0,1.161895003862225
307,B,sensitivity,5,1,7,1,51501,42001,,,S_C,r1,387bda3b61226f2e22e1ca9065e35213fccc999c0b4abfa89dcce5562c2093ce,2ed450a0e79277ccd6dda97bafa504854a564af0cb41a3cd02c7b0332341dbd5,True,581071,-1.0,1.161895003862225
308,B,sensitivity,5,1,7,2,51501,42001,,,S_C,r1,387bda3b61226f2e22e1ca9065e35213fccc999c0b4abfa89dcce5562c2093ce,2ed450a0e79277ccd6dda97bafa504854a564af0cb41a3cd02c7b0332341dbd5,True,581072,-1.0,1.161895003862225
309,B,sensitivity,5,2,1,1,51502,42002,,,S_C,r2,cb94a1861b00649eb0a7829154922ce5351407adcb7efa36b7f8d7aaf0b75578,ed37ddf1607a13084d9d4abcb81153324c0ad6022561dd00e240e14f4b85b96a,True,582011,-1.0,1.161895003862225
310,B,sensitivity,5,2,1,2,51502,42002,,,S_C,r2,cb94a1861b00649eb0a7829154922ce5351407adcb7efa36b7f8d7aaf0b75578,ed37ddf1607a13084d9d4abcb81153324c0ad6022561dd00e240e14f4b85b96a,True,582012,-1.0,1.161895003862225
311,B,sensitivity,5,2,2,1,51502,42002,,,S_C,r2,cb94a1861b00649eb0a7829154922ce5351407adcb7efa36b7f8d7aaf0b75578,ed37ddf1607a13084d9d4abcb81153324c0ad6022561dd00e240e14f4b85b96a,True,582021,-1.0,1.161895003862225
312,B,sensitivity,5,2,2,2,51502,42002,,,S_C,r2,cb94a1861b00649eb0a7829154922ce5351407adcb7efa36b7f8d7aaf0b75578,ed37ddf1607a13084d9d4abcb81153324c0ad6022561dd00e240e14f4b85b96a,True,582022,-1.0,1.161895003862225
313,B,sensitivity,5,2,3,1,51502,42002,,,S_C,r2,cb94a1861b00649eb0a7829154922ce5351407adcb7efa36b7f8d7aaf0b75578,ed37ddf1607a13084d9d4abcb81153324c0ad6022561dd00e240e14f4b85b96a,True,582031,-1.0,1.161895003862225
314,B,sensitivity,5,2,3,2,51502,42002,,,S_C,r2,cb94a1861b00649eb0a7829154922ce5351407adcb7efa36b7f8d7aaf0b75578,ed37ddf1607a13084d9d4abcb81153324c0ad6022561dd00e240e14f4b85b96a,True,582032,-1.0,1.161895003862225
315,B,sensitivity,5,2,4,1,51502,42002,,,S_C,r2,cb94a1861b00649eb0a7829154922ce5351407adcb7efa36b7f8d7aaf0b75578,ed37ddf1607a13084d9d4abcb81153324c0ad6022561dd00e240e14f4b85b96a,True,582041,-1.0,1.161895003862225
316,B,sensitivity,5,2,4,2,51502,42002,,,S_C,r2,cb94a1861b00649eb0a7829154922ce5351407adcb7efa36b7f8d7aaf0b75578,ed37ddf1607a13084d9d4abcb81153324c0ad6022561dd00e240e14f4b85b96a,True,582042,-1.0,1.161895003862225
317,B,sensitivity,5,2,5,1,51502,42002,,,S_C,r2,cb94a1861b00649eb0a7829154922ce5351407adcb7efa36b7f8d7aaf0b75578,ed37ddf1607a13084d9d4abcb81153324c0ad6022561dd00e240e14f4b85b96a,True,582051,-1.0,1.161895003862225
318,B,sensitivity,5,2,5,2,51502,42002,,,S_C,r2,cb94a1861b00649eb0a7829154922ce5351407adcb7efa36b7f8d7aaf0b75578,ed37ddf1607a13084d9d4abcb81153324c0ad6022561dd00e240e14f4b85b96a,True,582052,-1.0,1.161895003862225
319,B,sensitivity,5,2,6,1,51502,42002,,,S_C,r2,cb94a1861b00649eb0a7829154922ce5351407adcb7efa36b7f8d7aaf0b75578,ed37ddf1607a13084d9d4abcb81153324c0ad6022561dd00e240e14f4b85b96a,True,582061,-1.0,1.161895003862225
320,B,sensitivity,5,2,6,2,51502,42002,,,S_C,r2,cb94a1861b00649eb0a7829154922ce5351407adcb7efa36b7f8d7aaf0b75578,ed37ddf1607a13084d9d4abcb81153324c0ad6022561dd00e240e14f4b85b96a,True,582062,-1.0,1.161895003862225
321,B,sensitivity,5,2,7,1,51502,42002,,,S_C,r2,cb94a1861b00649eb0a7829154922ce5351407adcb7efa36b7f8d7aaf0b75578,ed37ddf1607a13084d9d4abcb81153324c0ad6022561dd00e240e14f4b85b96a,True,582071,-1.0,1.161895003862225
322,B,sensitivity,5,2,7,2,51502,42002,,,S_C,r2,cb94a1861b00649eb0a7829154922ce5351407adcb7efa36b7f8d7aaf0b75578,ed37ddf1607a13084d9d4abcb81153324c0ad6022561dd00e240e14f4b85b96a,True,582072,-1.0,1.161895003862225
323,B,sensitivity,5,3,1,1,51503,42003,,,S_C,r3,3e56e119afbb8aabbd44551af3351ee6a55c0b96c7d9e6aac153faecff6a9110,dd38a6dc0c729eb26b133f73a06b99d12c5088e5248da46847456f733bcb326f,True,583011,-1.0,1.161895003862225
324,B,sensitivity,5,3,1,2,51503,42003,,,S_C,r3,3e56e119afbb8aabbd44551af3351ee6a55c0b96c7d9e6aac153faecff6a9110,dd38a6dc0c729eb26b133f73a06b99d12c5088e5248da46847456f733bcb326f,True,583012,-1.0,1.161895003862225
325,B,sensitivity,5,3,2,1,51503,42003,,,S_C,r3,3e56e119afbb8aabbd44551af3351ee6a55c0b96c7d9e6aac153faecff6a9110,dd38a6dc0c729eb26b133f73a06b99d12c5088e5248da46847456f733bcb326f,True,583021,-1.0,1.161895003862225
326,B,sensitivity,5,3,2,2,51503,42003,,,S_C,r3,3e56e119afbb8aabbd44551af3351ee6a55c0b96c7d9e6aac153faecff6a9110,dd38a6dc0c729eb26b133f73a06b99d12c5088e5248da46847456f733bcb326f,True,583022,-1.0,1.161895003862225
327,B,sensitivity,5,3,3,1,51503,42003,,,S_C,r3,3e56e119afbb8aabbd44551af3351ee6a55c0b96c7d9e6aac153faecff6a9110,dd38a6dc0c729eb26b133f73a06b99d12c5088e5248da46847456f733bcb326f,True,583031,-1.0,1.161895003862225
328,B,sensitivity,5,3,3,2,51503,42003,,,S_C,r3,3e56e119afbb8aabbd44551af3351ee6a55c0b96c7d9e6aac153faecff6a9110,dd38a6dc0c729eb26b133f73a06b99d12c5088e5248da46847456f733bcb326f,True,583032,-1.0,1.161895003862225
329,B,sensitivity,5,3,4,1,51503,42003,,,S_C,r3,3e56e119afbb8aabbd44551af3351ee6a55c0b96c7d9e6aac153faecff6a9110,dd38a6dc0c729eb26b133f73a06b99d12c5088e5248da46847456f733bcb326f,True,583041,-1.0,1.161895003862225
330,B,sensitivity,5,3,4,2,51503,42003,,,S_C,r3,3e56e119afbb8aabbd44551af3351ee6a55c0b96c7d9e6aac153faecff6a9110,dd38a6dc0c729eb26b133f73a06b99d12c5088e5248da46847456f733bcb326f,True,583042,-1.0,1.161895003862225
331,B,sensitivity,5,3,5,1,51503,42003,,,S_C,r3,3e56e119afbb8aabbd44551af3351ee6a55c0b96c7d9e6aac153faecff6a9110,dd38a6dc0c729eb26b133f73a06b99d12c5088e5248da46847456f733bcb326f,True,583051,-1.0,1.161895003862225
332,B,sensitivity,5,3,5,2,51503,42003,,,S_C,r3,3e56e119afbb8aabbd44551af3351ee6a55c0b96c7d9e6aac153faecff6a9110,dd38a6dc0c729eb26b133f73a06b99d12c5088e5248da46847456f733bcb326f,True,583052,-1.0,1.161895003862225
333,B,sensitivity,5,3,6,1,51503,42003,,,S_C,r3,3e56e119afbb8aabbd44551af3351ee6a55c0b96c7d9e6aac153faecff6a9110,dd38a6dc0c729eb26b133f73a06b99d12c5088e5248da46847456f733bcb326f,True,583061,-1.0,1.161895003862225
334,B,sensitivity,5,3,6,2,51503,42003,,,S_C,r3,3e56e119afbb8aabbd44551af3351ee6a55c0b96c7d9e6aac153faecff6a9110,dd38a6dc0c729eb26b133f73a06b99d12c5088e5248da46847456f733bcb326f,True,583062,-1.0,1.161895003862225
335,B,sensitivity,5,3,7,1,51503,42003,,,S_C,r3,3e56e119afbb8aabbd44551af3351ee6a55c0b96c7d9e6aac153faecff6a9110,dd38a6dc0c729eb26b133f73a06b99d12c5088e5248da46847456f733bcb326f,True,583071,-1.0,1.161895003862225
336,B,sensitivity,5,3,7,2,51503,42003,,,S_C,r3,3e56e119afbb8aabbd44551af3351ee6a55c0b96c7d9e6aac153faecff6a9110,dd38a6dc0c729eb26b133f73a06b99d12c5088e5248da46847456f733bcb326f,True,583072,-1.0,1.161895003862225
