family,n,d,k,trial,data_seed,rmse_Z,rmse_F,rmse_sigma,rmse_Y,rmse_X,w0_err,w_err,Q_strict,Q_final,nan_occurred,BIC,elapsed_s
bernoulli,50,15,3,0,9200,0.20461582789608707,0.04723266266177115,0.0384625547936063,0.09947309019350534,0.3085394951393396,0.02574599161134994,0.146773630748108,-902.8470031507917,-902.8470031507917,False,2028.6793176109877,4.618261337280273
bernoulli,50,15,3,1,9229,0.17958042435960223,0.05452993791617423,0.025659105090601386,0.08854143626946805,0.31063173358218943,0.12308003467059314,0.12335894988803497,-897.6530152559972,-897.6530152559972,False,2018.2913418213986,5.1589109897613525
bernoulli,50,15,3,2,9258,0.18995210391103334,0.05492866642353271,0.01815394474297679,0.09719106253147786,0.3065482361156762,0.04012840231218873,0.15994626702434878,-888.2157226072566,-888.2157226072566,False,1999.4167565239175,5.5218729972839355
bernoulli,50,15,3,3,9287,0.2316932465954011,0.05726884932627378,0.02113665078485053,0.10053361863720181,0.3059164182938748,0.008410019022968118,0.17252810370596516,-898.9660061484849,-898.9660061484849,False,2020.917323606374,4.915952682495117
bernoulli,50,15,3,4,9316,0.2074811625169348,0.04335315786357433,0.02612639297780858,0.09932644819808718,0.30010978199964583,0.019425146676695038,0.1542338012863398,-875.1392706263941,-875.1392706263941,False,1973.2638525621926,4.8066565990448
bernoulli,50,15,3,5,9345,0.184348733373128,0.054484503764169065,0.0306327525208974,0.09150906810392437,0.31204867317627,0.09422397864335852,0.037645921339298116,-900.8732183551303,-900.8732183551303,False,2024.731748019665,4.882343053817749
bernoulli,50,15,3,6,9374,0.21545969129793907,0.05319016504700257,0.034226418874063406,0.10763672300677306,0.3069192589778654,0.14707828508855436,0.02530139774920892,-840.1094733958822,-840.1094733958822,False,1903.2042581011688,4.911841869354248
bernoulli,50,15,3,7,9403,0.21634500701421056,0.08402242990895234,0.029772333064988006,0.10889904738957154,0.30790821934339957,0.20233208437122308,0.13744469134675774,-905.3455675298688,-905.3455675298688,False,2033.676446369142,4.967176914215088
bernoulli,50,15,3,8,9432,0.20684846417748276,0.06682910836989428,0.02581265599097334,0.10911257776329913,0.3021368375557836,0.011801857550403527,0.004891658282883515,-850.1528850157122,-850.1528850157122,False,1923.2910813408287,4.842244863510132
bernoulli,50,15,3,9,9461,0.19370741383045276,0.06552806175384372,0.02952480002612797,0.09639414898640832,0.2752505341157432,0.13895552054291627,0.20341902432057268,-825.2150551881723,-825.2150551881723,False,1873.415421685749,4.884551763534546
bernoulli,100,15,3,0,9200,0.1883824793197476,0.038242664570996544,0.021955420436273666,0.09228936267651783,0.3124186987434194,0.12751508365614572,0.13712189637086514,-2877.3610998564686,-2877.3610998564686,False,6017.216900314259,11.07923698425293
bernoulli,100,15,3,1,9229,0.17984710017098365,0.02681481071600162,0.019061164559544576,0.08575999302924371,0.3078827807167615,0.11118501154397686,0.1279247974758395,-2834.073214866837,-2834.073214866837,False,5930.641130334996,10.718017101287842
bernoulli,100,15,3,2,9258,0.18162923928131422,0.03409289017983803,0.014962637742423977,0.09179175289529637,0.3088573732793197,0.046922291954841655,0.07642792710035051,-2807.478922214802,-2807.478922214802,False,5877.452545030925,10.62701153755188
bernoulli,100,15,3,3,9287,0.2216895635301623,0.0442981671200512,0.019087642605550546,0.10720052921811261,0.3093450746420059,0.05791896772013072,0.17516703839301573,-2905.005639997809,-2905.005639997809,False,6072.5059805969395,10.762263774871826
bernoulli,100,15,3,4,9316,0.18463804907820364,0.05166614533026377,0.015362641873398496,0.09363927770507192,0.30677670667348594,0.04087967761579647,0.08251338691902976,-2831.813742189478,-2831.813742189478,False,5926.122184980277,10.81969666481018
bernoulli,100,15,3,5,9345,0.18203364900787386,0.03215960558997229,0.0278471025305473,0.08958517332420826,0.30724701921423886,0.012040268050199088,0.11256695554465534,-2872.5245297831634,-2872.5245297831634,False,6007.543760167648,11.194836616516113
bernoulli,100,15,3,6,9374,0.20759961185397965,0.033488604857282014,0.01648552104378453,0.10316438552075456,0.29941508682481077,0.020246841289189188,0.10909455612532315,-2755.4385095397497,-2755.4385095397497,False,5773.371719680821,11.041585683822632
bernoulli,100,15,3,7,9403,0.18789801498567574,0.03366943450683203,0.019895362157231946,0.09446091008844468,0.3098393427280069,0.018405400225338875,0.05063159421267227,-2777.5858828428272,-2777.5858828428272,False,5817.666466286975,11.277827024459839
bernoulli,100,15,3,8,9432,0.19990024022232128,0.03934104729462373,0.013628956052167764,0.10009253724700203,0.30878993122775805,0.0952154139931376,0.05719617592420678,-2856.3108421674906,-2856.3108421674906,False,5975.116384936302,13.244199275970459
bernoulli,100,15,3,9,9461,0.19272239772582747,0.03564023406909275,0.023147091777565486,0.09280055125836342,0.30945749811700296,0.03721994412409779,0.04612147910512898,-2765.117336055613,-2765.117336055613,False,5792.729372712547,11.151350975036621
bernoulli,150,15,3,0,9200,0.1811617975231791,0.03898120510088998,0.019075480547397744,0.08868911809205295,0.30319069289044875,0.007023581803718981,0.06951040278830023,-5657.562801523683,-5657.562801523683,False,11600.731814810853,20.003084182739258
bernoulli,150,15,3,1,9229,0.17724075971285272,0.02825714240027054,0.018050368377039338,0.08494651083596093,0.3060989533043011,0.015373958977404456,0.024852655535376078,-5676.711998763295,-5676.711998763295,False,11639.030209290077,19.76842975616455
bernoulli,150,15,3,2,9258,0.17898791171377626,0.026229785263850423,0.015150238259052375,0.08815385665170872,0.30709455115759055,0.0931803077014366,0.0793120135785732,-5759.173263379841,-5759.173263379841,False,11803.952738523169,19.52362060546875
bernoulli,150,15,3,3,9287,0.18160171598110586,0.02891275916261925,0.016156732825331768,0.08486883980741376,0.3145934198573482,0.047915970329627466,0.05556484238469017,-5880.249331682198,-5880.249331682198,False,12046.104875127883,19.874614477157593
bernoulli,150,15,3,4,9316,0.17754348454104324,0.03534534368570067,0.0138426826536825,0.08768324367545564,0.3089330756187716,0.019546660544069505,0.048251342246873996,-5728.9920180456165,-5728.9920180456165,False,11743.59024785472,19.629332304000854
bernoulli,150,15,3,5,9345,0.18418101242699852,0.026757461684557043,0.020047234575841247,0.09049024443701818,0.320017643913569,0.04163869056703806,0.07960618673668396,-5940.039157808223,-5940.039157808223,False,12165.684527379932,19.696990966796875
bernoulli,150,15,3,6,9374,0.18753568069612106,0.03137256955360766,0.011713706625770951,0.08688565521843981,0.30826906367357326,0.0095449073688606,0.10314104624128406,-5699.784410292853,-5699.784410292853,False,11685.175032349192,19.674594163894653
bernoulli,150,15,3,7,9403,0.17601754782569312,0.03669033398008944,0.01653201754550107,0.08277910917619645,0.3064477406420648,0.01843002567737373,0.045023242556151866,-5706.844037909209,-5706.844037909209,False,11699.294287581904,19.319879055023193
bernoulli,150,15,3,8,9432,0.1790876019916728,0.0384657512814455,0.01420194037725861,0.08561815703925449,0.31101330063735466,0.0662165499271633,0.11978158103436054,-5943.09869514775,-5943.09869514775,False,12171.803602058986,19.732186555862427
bernoulli,150,15,3,9,9461,0.17709586977562103,0.03474861308039408,0.013660107438631634,0.08401349017810877,0.3142984617778798,0.0005242346576204149,0.0492250670508978,-5722.579441044674,-5722.579441044674,False,11730.765093852835,19.490501403808594
bernoulli,200,15,3,0,9200,0.17261096295368528,0.025779662281202743,0.016454190976090688,0.08087108430076195,0.3040182523108499,0.01104411621932333,0.083912135342878,-9707.526864226393,-9707.526864226393,False,19717.057818346024,29.61106824874878
bernoulli,200,15,3,1,9229,0.16583131346950844,0.019096822069807232,0.011726671241128538,0.08151211117415673,0.30623681082268406,0.05652189473851821,0.042739432324355064,-9772.120843883862,-9772.120843883862,False,19846.245777660963,29.632402658462524
bernoulli,200,15,3,2,9258,0.17012082880595739,0.020850866568673226,0.013279270928337784,0.08142687334130036,0.30136763419747825,0.03892203602423283,0.06281899005020986,-9603.473021203976,-9603.473021203976,False,19508.95013230119,29.55418086051941
bernoulli,200,15,3,3,9287,0.1733722957278318,0.028446825699893923,0.01109598318109948,0.08325788838080862,0.31044966120340745,0.0034294634956038017,0.07731626954831672,-9814.93709240599,-9814.93709240599,False,19931.878274705217,29.38302779197693
bernoulli,200,15,3,4,9316,0.18144912260503368,0.02578268890181317,0.015254311985481937,0.08541718403422835,0.30357356800591795,0.047512518749750154,0.11548389177394514,-9873.743330847477,-9873.743330847477,False,20049.490751588193,29.39676809310913
bernoulli,200,15,3,5,9345,0.1841669933407693,0.024189653365795292,0.012117056404469882,0.08694939249979368,0.3130422519672918,0.06921118322596076,0.09358522957605175,-10028.15203335695,-10028.15203335695,False,20358.308156607138,29.690121173858643
bernoulli,200,15,3,6,9374,0.1704221261009424,0.03028143834314879,0.012204904989468527,0.08250586039027002,0.30198485666529445,0.03671564071296163,0.02115426459851899,-9468.900818237045,-9468.900818237045,False,19239.80572636733,29.7091805934906
bernoulli,200,15,3,7,9403,0.1784539919502278,0.02363612669802514,0.01475452127338233,0.08401981469471986,0.30541859139424093,0.02946215638750027,0.016939865682214394,-9563.677978178666,-9563.677978178666,False,19429.36004625057,29.47389841079712
bernoulli,200,15,3,8,9432,0.1749318377452385,0.028838381451228814,0.014149679481907516,0.08239891256817124,0.3077642458136238,0.05730647840025682,0.11817117949709233,-9921.470536434148,-9921.470536434148,False,20144.945162761534,29.48695182800293
bernoulli,200,15,3,9,9461,0.17331875742182404,0.03895286723840244,0.011329828459700495,0.08500316832906175,0.3132506341527541,0.06360276127979458,0.07157925768418938,-9729.62380293016,-9729.62380293016,False,19761.25169575356,29.597191095352173
bernoulli,250,15,3,0,9200,0.16264134374039188,0.026343776455686422,0.018586897699618313,0.07779844345619834,0.3130112819568103,0.02534958344569993,0.08558827587619322,-15007.768991142013,-15007.768991142013,False,30330.261254602174,43.80096125602722
bernoulli,250,15,3,1,9229,0.1632977543700339,0.017666788569908543,0.013188849804968856,0.0764904507362523,0.3029618735115071,0.015290982246356832,0.0214474540163061,-14536.64081444551,-14536.64081444551,False,29388.00490120917,43.92391610145569
bernoulli,250,15,3,2,9258,0.1708002916236822,0.022475558870051968,0.013102910159944707,0.0817206110650125,0.31245600995669626,0.021436517624035978,0.0633961165200605,-14661.288823528357,-14661.288823528357,False,29637.300919374862,43.590959310531616
bernoulli,250,15,3,3,9287,0.16573263956670745,0.030134070965406608,0.009793022904579443,0.07799356291939566,0.31508343537608813,0.006524064118968331,0.06737596357843922,-14792.73921744934,-14792.73921744934,False,29900.201707216827,43.47602725028992
bernoulli,250,15,3,4,9316,0.16108771823614865,0.028038311815489148,0.011615166053279965,0.07564418594851717,0.31138289894543386,0.0006620418244360771,0.0762504647340092,-14909.450436879071,-14909.450436879071,False,30133.62414607629,46.15429139137268
bernoulli,250,15,3,5,9345,0.16556791622147182,0.021495732032955808,0.008441926500616136,0.07968668950646411,0.31512890704371604,0.035885101834157274,0.05864786592824278,-14918.03163491354,-14918.03163491354,False,30150.786542145226,43.841381311416626
bernoulli,250,15,3,6,9374,0.17691471499496075,0.030350830223673395,0.012304115751831136,0.08077673953721844,0.30577677410071574,0.0307081735083945,0.05844977145668251,-14492.601097278515,-14492.601097278515,False,29299.92546687518,44.35752820968628
bernoulli,250,15,3,7,9403,0.15811691072741105,0.025005507205042993,0.01301873409371618,0.07751127072855936,0.305488958950582,0.005041607220286792,0.015096316544025878,-14549.000281030405,-14549.000281030405,False,29412.723834378958,42.791494369506836
bernoulli,250,15,3,8,9432,0.1578512019674703,0.021211504371849783,0.011515586311806322,0.07523926690329416,0.3112507336604632,0.03538021899714716,0.05014026163028551,-14840.476343103437,-14840.476343103437,False,29995.675958525022,42.15580606460571
bernoulli,250,15,3,9,9461,0.1712930081531942,0.02392605259870022,0.008588061348569095,0.07854100897381729,0.3163140935452272,0.015596837200659186,0.04426511647111964,-14656.907755284172,-14656.907755284172,False,29628.53878288649,40.1425883769989
bernoulli,300,15,3,0,9200,0.15108088236544517,0.02962923441173926,0.014537894282249159,0.07274823654864224,0.30630797207720806,0.019953142451173744,0.06649434719547398,-21015.09540446246,-21015.09540446246,False,42355.30640998032,55.91116118431091
bernoulli,300,15,3,1,9229,0.151335211116104,0.021355581586333775,0.009123967514282285,0.0737156031962567,0.3063044241519369,0.010900758297157087,0.03313439281092623,-20593.22029166294,-20593.22029166294,False,41511.55618438128,55.448204040527344
bernoulli,300,15,3,2,9258,0.16412739439324364,0.027449290839199735,0.00945381230521868,0.07712429994177562,0.3099669188990839,0.04338498008051517,0.05153385359706153,-20753.967041105276,-20753.967041105276,False,41833.049683265956,54.82984972000122
bernoulli,300,15,3,3,9287,0.16413844452384624,0.0218974574320254,0.010967498288687512,0.07580216201170209,0.3073553719618074,0.030278488845680407,0.05337845185912404,-20648.5245661992,-20648.5245661992,False,41622.16473345381,54.36912775039673
bernoulli,300,15,3,4,9316,0.15773141753903416,0.019991717516703703,0.01216045975914784,0.07450526090540907,0.30696575899727574,0.01714976477862551,0.05932262326563209,-20984.976579620743,-20984.976579620743,False,42295.06876029689,54.96516180038452
bernoulli,300,15,3,5,9345,0.15561518521006554,0.015565713314622948,0.009066403125797717,0.07358401137617582,0.31508452783084717,0.03631725198161828,0.0757071375882119,-21192.781709134444,-21192.781709134444,False,42710.67901932429,54.524094581604004
bernoulli,300,15,3,6,9374,0.15063248670535967,0.024425036606389363,0.010368687937325736,0.06941900173592298,0.305645041432349,0.0015014327851550213,0.043708480681788675,-20350.379032803317,-20350.379032803317,False,41025.87366666204,54.764461040496826
bernoulli,300,15,3,7,9403,0.1553229608173335,0.02212926383333975,0.013052870709326996,0.07556377184541359,0.30125353607339916,0.020902271504601,0.07798161398563042,-20769.9508616725,-20769.9508616725,False,41865.0173244004,53.02976107597351
bernoulli,300,15,3,8,9432,0.15991747420696995,0.03607790159941383,0.009144849009301627,0.07633617183846167,0.31637602964082545,0.035570641853622686,0.07236470041835541,-20991.564328344375,-20991.564328344375,False,42308.244257744154,48.47024178504944
bernoulli,300,15,3,9,9461,0.16138630953603395,0.03285025943786334,0.012419300655833203,0.07784639532586046,0.318685701217557,0.010529739695485318,0.03904330233493036,-20493.519120734858,-20493.519120734858,False,41312.15384252512,48.756380558013916
poisson,50,15,3,0,9200,0.19490405493653262,0.04582992773203058,0.04298732944143711,0.5561684266124893,0.3091770429116162,0.04517013812258716,0.010143562986271837,-2033.0543714684234,-579.3942985949589,False,4289.094054246251,3.4451277256011963
poisson,50,15,3,1,9229,0.1997809020898787,0.07911674841104527,0.025280740904010834,0.7228115761123404,0.3045534902999059,0.04202682508969475,0.03608513442762329,-2032.9137468847744,-719.1447125224992,False,4288.812805078953,3.4176855087280273
poisson,50,15,3,2,9258,0.1896964361458679,0.05739874349675453,0.018605414526993404,0.47171539365613985,0.30674463451681827,0.07901650116334501,0.03390312550121283,-2047.4306355617007,-915.8602008865134,False,4317.846582432806,3.4576685428619385
poisson,50,15,3,3,9287,0.3419351990777882,0.2327863762132457,0.022057848986903723,1.300861864586652,0.30648251681448657,0.16660258471301678,0.18200521088748944,-2185.196338026938,-187.65261244403183,False,4593.37798736328,3.56026554107666
poisson,50,15,3,4,9316,0.19619328204712905,0.046014583671905585,0.027355085273492463,0.5071160398980826,0.29768431997853184,0.00871700268574115,0.007702846623569126,-1970.3755808489102,-893.5147150125497,False,4163.736473007225,3.637403964996338
poisson,50,15,3,5,9345,0.16455998843303873,0.05005485811689928,0.030276446748128294,0.585570435426196,0.3094479330032704,0.05073664330198669,0.011907413475466644,-2062.5564585752163,-732.1872151879758,False,4348.098228459837,3.4758529663085938
poisson,50,15,3,6,9374,0.18665777575113357,0.052452836128437395,0.033028482951059986,0.5544235581440747,0.30508422310886285,0.0066978114908163525,0.005658504035880418,-2008.331575548416,-811.7094113394933,False,4239.648462406236,3.5326576232910156
poisson,50,15,3,7,9403,0.19279306511471592,0.058336661150779796,0.030533627572254574,0.7974910886674917,0.3080557265491209,0.007953178686802082,0.012293444374322615,-1979.2521937994193,-726.5169663558277,False,4181.489698908243,3.537104368209839
poisson,50,15,3,8,9432,0.17791700453588324,0.04506552247979479,0.02400029615332548,0.4983694840998556,0.2965629044716316,0.020420343673138892,0.018168557432671317,-1975.097778157453,-850.1993788290234,False,4173.18086762431,3.464862585067749
poisson,50,15,3,9,9461,0.16791784367982815,0.05747181885923461,0.029726045199381775,0.42451193852558233,0.2782377871894204,0.023382318681619396,0.012864590726936076,-1934.5182850360854,-781.3534440105293,False,4092.0218813815754,3.492459535598755
poisson,100,15,3,0,9200,0.1726096670954802,0.04764253695973439,0.022739360561659757,0.5619784518322382,0.30815380120621083,0.024381448806954524,0.015077938890808162,-7447.263715824724,-2055.3685913285253,False,15157.02213225077,7.523763179779053
poisson,100,15,3,1,9229,0.1733199247615925,0.027144086945530724,0.020423225000133736,0.6160583199437436,0.3090171259081748,0.0015684183478284963,0.0025539587579884726,-7320.1496021575085,-2202.0093513800757,False,14902.793904916338,7.707352876663208
poisson,100,15,3,2,9258,0.16533384330756878,0.0264432713183907,0.01388733617659238,0.6438085119019877,0.3075496633157651,0.04326013246110095,0.01447704710331782,-7449.093385094852,-2134.087079184773,False,15160.681470791025,7.402940511703491
poisson,100,15,3,3,9287,0.2693755284572861,0.14520179979900777,0.01966316978033441,0.9420318055372578,0.3122580125703406,0.17486125723722126,0.1270587791386561,-7632.297883498728,595.0879300418476,False,15527.090467598777,7.46487283706665
poisson,100,15,3,4,9316,0.16465781323991668,0.04960515997453851,0.015367693644304658,0.6017116428092338,0.3076520865518702,0.006940275848706609,0.008535502063587608,-7282.091574082595,-1966.6838168840804,False,14826.67784876651,8.188716888427734
poisson,100,15,3,5,9345,0.1626550378208535,0.03240587729221954,0.021782588877240144,0.5511505933082078,0.30704705411779865,0.02186740642795269,0.008648421048933541,-7394.053818301952,-1924.7054020597468,False,15050.602337205224,7.948094367980957
poisson,100,15,3,6,9374,0.18814343166362657,0.035268285524040356,0.016419269125884636,0.5169575708474758,0.30290849972259287,0.014143829437737758,0.005692771040610278,-7403.6102315212775,-2502.665220644963,False,15069.715163643876,7.899203062057495
poisson,100,15,3,7,9403,0.17245536443155196,0.039763063559659695,0.018444692302020272,0.5214308400719112,0.31004291670366463,0.009724988596021526,0.00911615500017915,-7283.36436434499,-2329.0956859796634,False,14829.2234292913,7.852151155471802
poisson,100,15,3,8,9432,0.17665560619021262,0.041948225885964925,0.014737073779696585,0.6532328430206322,0.3083421447925876,0.013070450492187849,0.01635493799711224,-7413.605208922305,-2022.6028813304886,False,15089.70511844593,7.80754017829895
poisson,100,15,3,9,9461,0.1797354217185,0.0337793633724881,0.020711735855520882,0.5180398051497133,0.30473426337807796,0.017013647620684354,0.0070675498301918105,-7319.979772124366,-2443.725297919359,False,14902.454244850052,8.147656917572021
poisson,150,15,3,0,9200,0.15259233521507357,0.037274602538770386,0.019239001816107378,0.5464023152160096,0.30237551346186,0.012015536665855,0.008259586771543537,-15995.720220143656,-3818.301786747844,False,32277.046652050798,13.38218092918396
poisson,150,15,3,1,9229,0.15737627283649644,0.023833160720242587,0.014980842994466068,0.5384620548604159,0.3052439802085405,0.014264961808750726,0.004722521708195704,-16079.616632334799,-3498.0031628122997,False,32444.839476433084,13.384543418884277
poisson,150,15,3,2,9258,0.15732257595793506,0.02128329084856096,0.014137166978346181,0.5183501878230816,0.3071945867783377,0.01062056529154577,0.001884485026078131,-15969.672719393251,-4243.911975395635,False,32224.95165054999,13.45503306388855
poisson,150,15,3,3,9287,0.20843321867197462,0.08812468962682928,0.015613890000439813,0.8861725140380186,0.3147567761223276,0.15516201206011163,0.08179925567753454,-16752.046913222563,-1862.0464250859447,False,33789.70003820861,13.085780143737793
poisson,150,15,3,4,9316,0.1567031977528598,0.037371161673924055,0.015410356562145339,0.5062485524788704,0.306925583737293,0.006800582125411412,0.0011489738695532603,-15894.056161109858,-3532.7830974726508,False,32073.718533983203,13.59386920928955
poisson,150,15,3,5,9345,0.15414641392538694,0.026320569570802345,0.01884837391722297,0.5403035899724149,0.3182579739282426,0.021349491425585558,0.004853998595084952,-16127.575353394677,-3523.555115228143,False,32540.75691855284,13.126616477966309
poisson,150,15,3,6,9374,0.16618018471541438,0.025158475128765585,0.011801611874931629,0.4892014535866302,0.3083463009600794,0.013958736609633144,0.007980229790351456,-16060.046687231647,-4812.8026435666025,False,32405.69958622678,13.410499811172485
poisson,150,15,3,7,9403,0.14781992896484067,0.033266335446428076,0.016014926920878147,0.47535402477690114,0.306719615109733,0.01010870608227501,0.00894932297549933,-16012.76843543915,-4765.322946288823,False,32311.143082641785,13.205153226852417
poisson,150,15,3,8,9432,0.17908623409680033,0.10250763442592833,0.01427330681431146,0.76428497957318,0.3108958935466663,0.10210432441872419,0.06409173203967561,-16406.508541957737,-98.71595270291314,False,33098.62329567896,13.286644458770752
poisson,150,15,3,9,9461,0.14552766534507766,0.031982539027009906,0.010558933882110065,0.4677563958516428,0.3128170757396226,0.01861859853036852,0.00671674783151216,-16041.547752066946,-4229.659181689884,False,32368.70171589738,13.499520301818848
poisson,200,15,3,0,9200,0.14315794111989333,0.02593982030515411,0.01412660818771575,0.6072264534424157,0.304860345740291,0.022002164978930632,0.006311072847404842,-28138.580393664837,-4244.060533342466,False,56579.16487722291,20.068804264068604
poisson,200,15,3,1,9229,0.14598923740822312,0.02155433187665247,0.011230220061912157,0.5192445823709383,0.3044544607300389,0.0060300793618617505,0.00392632791020231,-27979.968660391234,-4987.0090542081325,False,56261.9414106757,20.693594932556152
poisson,200,15,3,2,9258,0.14740183663903045,0.020688339033541444,0.013581084920058438,0.4921901605849118,0.30044367344341893,0.01632338140185229,0.004666541714631822,-27987.213309002647,-6580.0904795872175,False,56276.43070789853,20.914645195007324
poisson,200,15,3,3,9287,0.151770053447967,0.02605448155390062,0.01025368106112039,0.5339422923162895,0.3104322436394735,0.021923643931513564,0.007051985549084039,-28082.26042934619,-3965.74488543461,False,56466.52494858562,20.23366641998291
poisson,200,15,3,4,9316,0.17356741002217846,0.06205024994208584,0.01665928337596848,0.6313884258790745,0.3043358234729851,0.09014912006390724,0.0462540531542463,-28339.151679080358,-6038.367873272531,False,56980.30744805395,21.071024894714355
poisson,200,15,3,5,9345,0.15175051140379042,0.024943413930987347,0.012207500100176582,0.5190717526463355,0.31324748478770875,0.06755383616117905,0.023763835170799774,-28316.567119322233,-5862.6687102230935,False,56935.1383285377,20.505528688430786
poisson,200,15,3,6,9374,0.27600395383875476,0.20606538075114803,0.014174708041976443,0.9264680058941467,0.3035438277208847,0.09995475126081427,0.10336910553621947,-29422.66196249389,-5902.270480690006,False,59147.328014881015,20.297537088394165
poisson,200,15,3,7,9403,0.14383005648885736,0.0236160595480727,0.010685500782765991,0.5252381663673434,0.30681772471536256,0.009759613951543357,0.006485302949193361,-28007.09126686379,-6821.877104706592,False,56316.186623620815,20.504056215286255
poisson,200,15,3,8,9432,0.28570363170092555,0.24155893863930622,0.015260547053048981,1.1446591516484865,0.3117918607179477,0.12536601040395923,0.11011981521283204,-29954.01108551254,-3481.01277274487,False,60210.02626091831,20.820958614349365
poisson,200,15,3,9,9461,0.16958961209504353,0.06466876701930457,0.011330908353115897,0.5550232524351469,0.3158732438865496,0.07927621792600478,0.04469103553639131,-28534.751977803004,-7137.083723210618,False,57371.50804549924,20.438462257385254
poisson,250,15,3,0,9200,0.14075274738212618,0.039527716224716514,0.016362140254127897,0.5166520038912606,0.31193336715149955,0.07584099419822601,0.02435836269575259,-43721.21569347565,-4133.775194289763,False,87757.15465926945,29.34614396095276
poisson,250,15,3,1,9229,0.13986559329735962,0.01765220508789017,0.011963711765075597,0.5751390682285225,0.30194830643754544,0.009892034556759154,0.003627924944525518,-43381.227792961734,-6997.935982580362,False,87077.17885824162,29.434714794158936
poisson,250,15,3,2,9258,0.14553560685267825,0.022762496511964256,0.011910678183687472,0.4989645084393559,0.3100798874974566,0.019579426265672877,0.008214245250742547,-43415.205648891955,-9253.106017857106,False,87145.13457010206,29.3387234210968
poisson,250,15,3,3,9287,0.1394393874338087,0.02806456252033645,0.009683046259757409,0.509344550563015,0.31540606422862194,0.0024789450082725855,0.0030188953095850457,-43163.23527672827,-5613.125449755159,False,86641.1938257747,31.808700561523438
poisson,250,15,3,4,9316,0.13348274842279342,0.029573639612951102,0.010908873921323793,0.4904402959787028,0.31178402410010253,0.02377597303165039,0.007751792031940152,-43541.995152425196,-6711.190515821642,False,87398.71357716854,28.755696058273315
poisson,250,15,3,5,9345,0.13555553820692565,0.018736499079271024,0.009415535153717076,0.47218124010973805,0.31362639437450696,0.013436266341765403,0.00341613406797342,-43446.82689614335,-7618.47666868121,False,87208.37706460485,28.178478479385376
poisson,250,15,3,6,9374,0.14934719391526668,0.04551683564319075,0.012235008150730758,0.5001237802334878,0.3063553999916517,0.07158841316554083,0.032377886505915776,-43433.4654891128,-6798.68376983359,False,87181.65425054375,28.35717225074768
poisson,250,15,3,7,9403,0.13863942866533968,0.024011867310116147,0.011449347206429317,0.5101406527417706,0.30515949537257064,0.007125333759083698,0.0074415936174147546,-43201.81786946759,-9094.336266610768,False,86718.35901125333,28.25960683822632
poisson,250,15,3,8,9432,0.13924535972848756,0.019660640015012235,0.011344779719938858,0.4681586783175198,0.308662802772711,0.044944895540974604,0.012282842443837594,-43484.7545014267,-5014.430474721119,False,87284.23227517155,28.500124216079712
poisson,250,15,3,9,9461,0.14349603301094307,0.024975091797783736,0.007183062438265514,0.4706006438177137,0.31673591075144314,0.02569780487160111,0.013193760039022895,-43488.18145104542,-9615.594588124184,False,87291.08617440899,28.531984090805054
poisson,300,15,3,0,9200,0.1313503208643118,0.027067821715166755,0.015245826922962889,0.515904900215964,0.30510742540141056,0.02568128488707321,0.007086117786821611,-62155.09575029313,-562.7891241787344,False,124635.30710164165,39.40558910369873
poisson,300,15,3,1,9229,0.1300184788078955,0.0185384655489088,0.010361623672256227,0.4793542858040983,0.3044315169908481,0.026300705590782347,0.0126099671119283,-61933.36390534621,-10471.14683424954,False,124191.84341174782,39.62130904197693
poisson,300,15,3,2,9258,0.1347725723108004,0.026449443934848386,0.010135889677686687,0.5180828301179489,0.3093711877346456,0.024803485878600266,0.007732183839462614,-62005.93303837413,-8977.76018768494,False,124336.98167780366,39.136346101760864
poisson,300,15,3,3,9287,0.14193418251315165,0.022739914102298676,0.010645297568869186,0.5204244614077089,0.30698364106174175,0.021548996150164007,0.00900959382683525,-62038.4817525392,-8712.369250648244,False,124402.0791061338,42.563175439834595
poisson,300,15,3,4,9316,0.12999104876047313,0.020473639467678877,0.012564176565548127,0.48427597908556747,0.30828596291810506,0.029437363110875844,0.009014504606158047,-62063.04581925511,-6004.832995112431,False,124451.20723956561,40.76820516586304
poisson,300,15,3,5,9345,0.1281744600551818,0.015541025718088481,0.00722690733279723,0.4792277666953173,0.316408466286074,0.01399120156558736,0.002592508959090245,-62191.576686162756,-7665.9893514981595,False,124708.26897338091,40.82037687301636
poisson,300,15,3,6,9374,0.1310409951107849,0.023588298522884295,0.010381615677611467,0.42837295921875385,0.30568816432123913,0.020272497118400328,0.007918770569772304,-61982.407505936455,-10118.699774102275,False,124289.9306129283,40.98023772239685
poisson,300,15,3,7,9403,0.13127468250906119,0.023025826996607112,0.012223433008431862,0.45128250344933785,0.30252945712021545,0.014348685641723024,0.006124128727216571,-62004.0425099713,-11047.799920276278,False,124333.200620998,35.77433705329895
poisson,300,15,3,8,9432,0.24914378360238956,0.19819846915188716,0.009960792029966707,0.9432609168719086,0.3171323674355323,0.13265529610595594,0.09619744723119944,-65906.31343702787,-11066.063065502338,False,132137.74247511115,34.731931924819946
poisson,300,15,3,9,9461,0.13402525331793927,0.02990748323259147,0.010596046607084773,0.4511408642355254,0.31919384606570267,0.009105836364501936,0.002909431618163094,-62073.24557538434,-11132.773959884875,False,124471.60675182407,35.044029235839844
gaussian,50,15,3,0,9200,0.052087817012794906,0.046322661643277814,0.030130656605258092,0.06142153319850298,0.308050362890628,0.003939714490281607,0.0003177618832652662,1759.5755311460634,1759.5755311460634,False,-3296.165750982723,2.6722404956817627
gaussian,50,15,3,1,9229,0.05654328024850216,0.046226160988359036,0.0258662302484735,0.06902296147243928,0.29918830597045665,0.000991543225442656,0.0021254630755405124,1718.1272799989608,1718.1272799989608,False,-3213.269248688517,2.668549060821533
gaussian,50,15,3,2,9258,0.04973230841263393,0.04724266214526257,0.01847623290694182,0.05947659472634127,0.30664784235544773,0.004240875318248325,0.0019294119157274858,1755.3889321949544,1755.3889321949544,False,-3287.792553080504,2.6525778770446777
gaussian,50,15,3,3,9287,0.051702975117409435,0.05781752710647628,0.018379645897237337,0.061606672270342194,0.31244163675098147,0.0035151081871617,0.003259354473709064,1720.401467387542,1720.401467387542,False,-3217.8176234656794,2.6495633125305176
gaussian,50,15,3,4,9316,0.054592295644022876,0.04829013420860496,0.022112511233354906,0.06393247968948639,0.29913526532185836,0.002777509649325193,0.0012146661453442675,1732.8967280455406,1732.8967280455406,False,-3242.8081447816767,2.6685080528259277
gaussian,50,15,3,5,9345,0.050304927967069,0.053056433874557204,0.027509996486119043,0.05970470863476461,0.3149420558992978,0.0008116763894231887,0.0014368397472001027,1706.6230683266506,1706.6230683266506,False,-3190.2608253438966,2.6497645378112793
gaussian,50,15,3,6,9374,0.0465685199529297,0.04738198528842231,0.02359632826036375,0.05588059091457571,0.3068340780628476,0.002402659772072028,0.0015639177504293,1761.5973695619098,1761.5973695619098,False,-3300.209427814415,2.70666766166687
gaussian,50,15,3,7,9403,0.04956841257377031,0.05240070667075452,0.018612531677211407,0.059360538753057496,0.30864333460692195,0.0011758176833014688,0.0002441472367666897,1744.6194116283586,1744.6194116283586,False,-3266.253511947313,2.6800248622894287
gaussian,50,15,3,8,9432,0.05444865694582982,0.03319742969958559,0.025637595880467736,0.06450440894667216,0.2955413480803819,0.002188287412779943,0.0003914642520344014,1801.182410425523,1801.182410425523,False,-3379.3795095416417,2.688021421432495
gaussian,50,15,3,9,9461,0.053439729499842915,0.04970164034918815,0.025553382386912075,0.06293123109426446,0.2823486664673132,0.0026222477032398876,0.0016499488199017698,1764.0886826843434,1764.0886826843434,False,-3305.192054059283,2.6562812328338623
gaussian,100,15,3,0,9200,0.03429533472774466,0.040964259364917155,0.01811588407471181,0.04097177399973135,0.3101735398294247,0.001880961887182934,0.0007319085201303865,8000.172023352742,8000.172023352742,False,-15737.849346104163,5.394392013549805
gaussian,100,15,3,1,9229,0.03510543746336893,0.024167555527527838,0.016735279992377575,0.0430832909222668,0.3088969419934273,0.002171924687992452,0.0015345739940957337,8003.612729556492,8003.612729556492,False,-15744.730758511663,5.462980270385742
gaussian,100,15,3,2,9258,0.037537001838227134,0.025960314989029547,0.014932998012015869,0.04584137649061272,0.3079776417636714,0.0022522973685443507,1.920604397664949e-05,7967.661576241137,7967.661576241137,False,-15672.828451880952,5.740404844284058
gaussian,100,15,3,3,9287,0.03556084294520349,0.038393571857914144,0.019287262833562097,0.0428134079956483,0.31433039899190784,0.00020573676663550083,7.941600194733e-05,7992.4314651470395,7992.4314651470395,False,-15722.368229692758,5.550529956817627
gaussian,100,15,3,4,9316,0.03405869632985777,0.042345445751057774,0.015325126438345197,0.04138026330111468,0.3140665822146124,0.00024995226822268723,0.00037882576438225124,7952.7336492173945,7952.7336492173945,False,-15642.972597833468,5.561878204345703
gaussian,100,15,3,5,9345,0.03669734850705354,0.028985975821151613,0.01934527898222837,0.044701315684104806,0.3066554476170287,0.00044286530887953563,0.0006901239724725894,7891.882227917364,7891.882227917364,False,-15521.269755233407,5.498634099960327
gaussian,100,15,3,6,9374,0.03523958509875221,0.03310349582085615,0.011303238049212279,0.04281615185346271,0.30414724775025176,0.0015615551357926719,0.00014822529579155974,7931.487821820631,7931.487821820631,False,-15600.480943039942,5.584463596343994
gaussian,100,15,3,7,9403,0.035579339467920613,0.030793160592543292,0.014686889683124872,0.0433644432376488,0.30922742013866006,0.001192501968100209,1.0853442542591019e-05,8040.183502753537,8040.183502753537,False,-15817.872304905753,5.567788124084473
gaussian,100,15,3,8,9432,0.03782749451674345,0.036891838074783925,0.015866977249705868,0.046442447014829,0.31339839488606747,0.001602463121360748,0.0012803150542926023,7922.959946719811,7922.959946719811,False,-15583.425192838302,5.668617248535156
gaussian,100,15,3,9,9461,0.03873110348087795,0.03160478686432739,0.019394974368140434,0.04650529307226515,0.3101863397551218,0.0008374244232471597,0.0003649648845875375,7950.216975994071,7950.216975994071,False,-15637.93925138682,5.810763359069824
gaussian,150,15,3,0,9200,0.029097891745736224,0.03794612456812089,0.016784190136269514,0.03559170928864424,0.3012955685422799,0.0006409274904622996,6.0087916142925746e-05,18779.914356434696,18779.914356434696,False,-37274.222501105905,9.355025291442871
gaussian,150,15,3,1,9229,0.028821381111955712,0.024206435859043272,0.011835549936993236,0.03498241381722458,0.31144813918135766,0.00010103148087380368,0.0003719676260819371,18830.15409833575,18830.15409833575,False,-37374.70198490802,9.262582302093506
gaussian,150,15,3,2,9258,0.02868997975767452,0.01776194171783248,0.012745069213640967,0.035093729200717017,0.3090227663573321,0.00166947214953641,0.00016889772780614987,18737.147007003132,18737.147007003132,False,-37188.68780224278,9.036553859710693
gaussian,150,15,3,3,9287,0.029353100273795518,0.030368661110554876,0.013105572259994501,0.03573433328898234,0.31607444825823827,0.00025123014582126947,0.0009324357016139428,18759.1000850634,18759.1000850634,False,-37232.593958363315,9.429622650146484
gaussian,150,15,3,4,9316,0.0272939280652121,0.03686805733636993,0.012914350712425136,0.033152525515604825,0.31419537654290813,0.0003692594157639614,0.0012359494687457229,18701.971253156808,18701.971253156808,False,-37118.33629455013,8.906776428222656
gaussian,150,15,3,5,9345,0.029262585901200833,0.025611607515570504,0.01727662171283361,0.035410072479158984,0.32381179323109754,0.0008006500812979056,0.0006535435707498705,18505.927166990965,18505.927166990965,False,-36726.24812221844,8.881107568740845
gaussian,150,15,3,6,9374,0.028569977514729394,0.026240584777213426,0.009332726287102314,0.03474275987355325,0.3078655867690419,0.0001453358888763696,0.000194116041006831,18657.138665655442,18657.138665655442,False,-37028.6711195474,8.880789518356323
gaussian,150,15,3,7,9403,0.028911241916987452,0.0313189794248482,0.014773112636586769,0.03512561789553416,0.31236923153814955,0.0008484746135638903,1.977913516304497e-07,18790.822714269845,18790.822714269845,False,-37296.039216776204,8.878871202468872
gaussian,150,15,3,8,9432,0.027867696437797785,0.04128609195046905,0.011745253621583024,0.033859697168887384,0.3178582914265518,0.001170384786918811,0.000723301090490569,18800.423078745727,18800.423078745727,False,-37315.23994572797,8.908434391021729
gaussian,150,15,3,9,9461,0.02925086047391401,0.031903554970538026,0.011150760889414392,0.03528449824637,0.31797989114103353,0.0010157378460557318,0.0006411428697186139,18577.11213417878,18577.11213417878,False,-36868.618056594074,8.897949934005737
gaussian,200,15,3,0,9200,0.024734451211598854,0.02435847695225891,0.011611687145196645,0.03015409958281166,0.3101210277215987,7.217006062565111e-05,0.0007316611075260937,33961.070923348314,33961.070923348314,False,-67620.1377568034,13.206515789031982
gaussian,200,15,3,1,9229,0.024079899433104714,0.019666321320393403,0.009463945251057024,0.02944209367021097,0.3116599604101813,0.0012177665655163739,0.0002952959933202326,34054.72998161721,34054.72998161721,False,-67807.45587334118,13.115648031234741
gaussian,200,15,3,2,9258,0.025164339762714205,0.019879363734109336,0.012123355167629907,0.03072486757304332,0.30508691658066994,0.0011805654521055994,0.0003661874450323066,34038.81006820657,34038.81006820657,False,-67775.6160465199,13.08812928199768
gaussian,200,15,3,3,9287,0.02545185188979811,0.024785224748996647,0.008186337777278369,0.03115278769630045,0.31343938968588164,0.0003829550936076848,0.0005050794107298584,33926.84429899642,33926.84429899642,False,-67551.6845080996,13.182314157485962
gaussian,200,15,3,4,9316,0.024501547290557427,0.026344890180731006,0.013555055685078764,0.029614839895583445,0.31081435680054376,0.0007401187639665921,0.0001891923220840308,33987.202824230946,33987.202824230946,False,-67672.40155856866,13.081928253173828
gaussian,200,15,3,5,9345,0.023720176453268182,0.0206365587600795,0.011028838729417241,0.029015609292434987,0.32172824104737535,0.00013906554725314347,1.2054437341424418e-05,33801.645764116525,33801.645764116525,False,-67301.28743833982,13.181595802307129
gaussian,200,15,3,6,9374,0.02529730216860335,0.02837769110686812,0.012428173715565658,0.03029910138216716,0.3082591742528101,4.8961433319949835e-06,0.00027541414988790924,33930.36281377631,33930.36281377631,False,-67558.72153765938,13.031885862350464
gaussian,200,15,3,7,9403,0.024882557618249732,0.021032201904262252,0.011179255524789445,0.030318155467169785,0.3084934055866367,3.0933644825463557e-05,0.00044130840516254377,33982.984573926326,33982.984573926326,False,-67663.96505795942,12.972609996795654
gaussian,200,15,3,8,9432,0.024249156757594897,0.025251242232580757,0.012252124730186248,0.029504127394656094,0.3125490590798858,0.0008079276926078586,0.00047859324466670294,34013.465364547985,34013.465364547985,False,-67724.92663920273,13.047722101211548
gaussian,200,15,3,9,9461,0.024294778424104647,0.027679976884746865,0.011215502434523562,0.0296943543803,0.3203644404786106,0.00032987405217115115,0.0006024676922309347,33772.46899749447,33772.46899749447,False,-67242.9339050957,12.963045120239258
gaussian,250,15,3,0,9200,0.022204940666337707,0.026508405446178673,0.016589609711276845,0.027025475741649888,0.3160188313514332,0.00021262574521976142,4.8183645366961514e-05,53626.505964845965,53626.505964845965,False,-106938.28865737378,19.05588173866272
gaussian,250,15,3,1,9229,0.021618956163219346,0.01675532548776782,0.008238439586051572,0.026465641088586615,0.3111484002784389,0.0005331053429476036,0.0002130466905675421,53873.000861988156,53873.000861988156,False,-107431.27845165816,20.211082696914673
gaussian,250,15,3,2,9258,0.022705604853664216,0.02219923896881766,0.010388902184989859,0.027658567150630444,0.3156846106737158,0.00040428191507486396,0.0001523218759240108,53708.78575403137,53708.78575403137,False,-107102.84823574459,19.516051530838013
gaussian,250,15,3,3,9287,0.022507130420517673,0.027795051771274226,0.009042972017360637,0.027236910445537173,0.317183655397044,0.0002477162633488363,0.0001897215497000948,53753.684508937,53753.684508937,False,-107192.64574555586,18.962374210357666
gaussian,250,15,3,4,9316,0.022548117137606245,0.02889471901550692,0.010812274667325966,0.027494627324013296,0.3141451205084375,0.00018829041400388524,7.962131852601306e-05,53635.405937165386,53635.405937165386,False,-106956.08860201262,19.005167484283447
gaussian,250,15,3,5,9345,0.02181663399223884,0.0184922415649387,0.008369885823370228,0.02679566005363445,0.31903317144410553,0.00031414029844973825,8.812595768870057e-05,53520.81133715295,53520.81133715295,False,-106726.89940198774,18.99838161468506
gaussian,250,15,3,6,9374,0.02201582869369585,0.028366695659539445,0.011329455477601506,0.02691700163348859,0.30916020759922064,0.0005476404207042543,0.00025414237618215374,53737.51198888626,53737.51198888626,False,-107160.30070545437,19.02581477165222
gaussian,250,15,3,7,9403,0.02295786351229562,0.024634563973554426,0.010100898047667057,0.028020533215985705,0.30750510691462263,0.0007254395240361681,0.0007692820080781315,53628.815270691164,53628.815270691164,False,-106942.90726906418,19.0213406085968
gaussian,250,15,3,8,9432,0.022910629094786656,0.019967955479057914,0.009843324224322486,0.027939763347660348,0.31306526852960537,7.758943576702411e-05,0.00023296735112643407,53788.63111731721,53788.63111731721,False,-107262.53896231626,18.841171264648438
gaussian,250,15,3,9,9461,0.022242887634884433,0.024034153198015776,0.007594786406506779,0.02714077718743895,0.31938588304631826,0.0004065175351295429,0.0005209191653045009,53468.78919012104,53468.78919012104,False,-106622.85510792393,19.218610763549805
gaussian,300,15,3,0,9200,0.020550969707962153,0.028197903243243647,0.014022054441753943,0.025021005893849396,0.31040162333465504,7.540200269658446e-05,0.00020609735436483145,77810.083921521,77810.083921521,False,-155295.0522419866,25.856098175048828
gaussian,300,15,3,1,9229,0.019611068288790584,0.018032714874847918,0.007172873327867628,0.024028305794279784,0.31242955439811476,0.00022224284728453563,0.0004060744248213233,78034.5807266145,78034.5807266145,False,-155744.04585217359,26.05019521713257
gaussian,300,15,3,2,9258,0.020487911527695163,0.024734238170467993,0.009631130058248475,0.024897894743190888,0.3121409089477675,0.00031548455342992547,0.0004412972445876351,77922.1376489504,77922.1376489504,False,-155519.1596968454,25.72327971458435
gaussian,300,15,3,3,9287,0.020696969078462288,0.021343984360090648,0.008921405461257388,0.025190706737951957,0.3113089011352252,8.365966151090577e-05,0.00036672457720232643,77985.43743029598,77985.43743029598,False,-155645.75925953654,26.154977560043335
gaussian,300,15,3,4,9316,0.01932474911821153,0.019362138658418678,0.009999747661900898,0.023566070137976073,0.3137232922491867,9.661318840838758e-05,9.904618914546859e-05,77903.69387363581,77903.69387363581,False,-155482.27214621622,25.77840757369995
gaussian,300,15,3,5,9345,0.019066067805237764,0.015217869843745397,0.007469722730566512,0.023462073771647943,0.3187568565416268,6.250474618130431e-05,0.0005048132671532368,77888.09719223887,77888.09719223887,False,-155451.07878342233,27.06157112121582
gaussian,300,15,3,6,9374,0.020322425006390595,0.023683867635675312,0.0085355123808287,0.024688514173246613,0.3089081565984796,0.00043381285973009186,6.303480022062935e-06,77965.19476045248,77965.19476045248,False,-155605.27391984954,25.83764672279358
gaussian,300,15,3,7,9403,0.02049449624387206,0.02181240963937595,0.009943082871840946,0.025000655141496974,0.30804504520049575,0.00011289201126666551,0.0003058669888602594,77929.72761438656,77929.72761438656,False,-155534.3396277177,26.0544011592865
gaussian,300,15,3,8,9432,0.02006703288562184,0.015874478272046667,0.010272709489760782,0.024575755411811614,0.31979320711891457,0.0002378268509601054,0.00028880157621369307,77825.52296641534,77825.52296641534,False,-155325.93033177528,25.981853723526
gaussian,300,15,3,9,9461,0.020852412269590337,0.02944530145335061,0.011143392725438506,0.025287828606800213,0.32339301275046517,0.0008444676317295788,9.418878424310995e-05,77685.71392830323,77685.71392830323,False,-155046.31225555105,25.828693628311157
