K_TRUE,n,replicate,data_seed,split_seed,generator_version,F_rank,f_scale,mean_f_row_norm_sq,w0_true,w_true,link_policy,normalization_policy,x_mean,x_max,y_density,n_train_pairs,n_test_pairs,train_mask_hash,test_mask_hash
1,50,1,820501,830501,canonical-clean-v1,1,2.7386127875258306,0.49999999999999994,-1.0,1.7320508075688772,canonical_no_clipping_fail_fast,none,1.24,39.0,0.3404081632653061,980,245,db72c31cf726a9362f11e847b7337c5df85b71d027d2b446777d158a4ea3a24d,a76dd8e646d526d954dc1fa52b02f1978145c5403f7f9fceb41b821b51762227
1,50,2,820502,830502,canonical-clean-v1,1,2.7386127875258306,0.5000000000000001,-1.0,1.7320508075688772,canonical_no_clipping_fail_fast,none,1.624,113.0,0.3461224489795918,980,245,55c4d91ab2d096b54cf519407b8f952000f73896bffa66e04c04a2f7cd794a14,75aaea25a7338a768a80e81e781d612aa57000567149b9cea3f0866d128b8259
1,50,3,820503,830503,canonical-clean-v1,1,2.7386127875258306,0.5000000000000001,-1.0,1.7320508075688772,canonical_no_clipping_fail_fast,none,2.232,386.0,0.31183673469387757,980,245,ec70a6939830eb24f5d5bfaa63407de5623a51a0fcb5ee01cf5d1cb8a84b3bf2,ab03df8df30d61375e2456a3bc0c5ad1dff12d63671b112cf77009d2eb308b4e
1,50,4,820504,830504,canonical-clean-v1,1,2.7386127875258306,0.5000000000000002,-1.0,1.7320508075688772,canonical_no_clipping_fail_fast,none,1.1986666666666668,19.0,0.2946938775510204,980,245,ee0a2bf414db271626c54a26a9c74f59b11019deb9986a9293dac45bdf4670fd,e297c0f54ae07b54bd64cc87f7616f0c06bbf02fd6c59d06c9d2d958b2565f81
1,75,1,820751,830751,canonical-clean-v1,1,2.7386127875258306,0.49999999999999994,-1.0,1.7320508075688772,canonical_no_clipping_fail_fast,none,1.487111111111111,44.0,0.3347747747747748,2220,555,38becbdd81764c5d03ad12319f472115f97f6bfc80eadd892df8e874ceb2f5c8,05b2c353f1a1be8c8e54abda71d89718cd2416ba3a09b9babdb431c984ae8cf6
1,75,2,820752,830752,canonical-clean-v1,1,2.7386127875258306,0.5000000000000001,-1.0,1.7320508075688772,canonical_no_clipping_fail_fast,none,1.3928888888888888,33.0,0.34846846846846846,2220,555,4a02dea33f577aea63246fcacb4ecee9d9dd47c078dafe7d0ea4f23df66dfe65,45d7ef41b65bfbcecf88021259798fd1ab50569118d6ca42a2fa0dd2cde1afc9
1,75,3,820753,830753,canonical-clean-v1,1,2.7386127875258306,0.4999999999999998,-1.0,1.7320508075688772,canonical_no_clipping_fail_fast,none,1.408,75.0,0.3153153153153153,2220,555,430ad7978daac88a4cb818d7f7ff32ebabb165f000c8f42f687598777abfa8f6,2d08adecd515d316e15089f7763dd73d810ea376f17ada94d28e8d7a0a63865b
1,75,4,820754,830754,canonical-clean-v1,1,2.7386127875258306,0.49999999999999994,-1.0,1.7320508075688772,canonical_no_clipping_fail_fast,none,1.2293333333333334,31.0,0.3124324324324324,2220,555,554c8c86ea0009bc628dbf627518bdeb796246256055d6a3631411e179590efc,ffc3e0451ac66b52def3da74262d7b8e624529390e139d73465c1800a3865e1b
1,100,1,821001,831001,canonical-clean-v1,1,2.7386127875258306,0.49999999999999994,-1.0,1.7320508075688772,canonical_no_clipping_fail_fast,none,1.3913333333333333,42.0,0.3246464646464646,3960,990,78b5eee6a90a59f5795b7e35cc5880fc24c8e8094b133e1fe73b2d4849e067c3,26b332829fddfbe2c3ac50ad8f45401f5af64374ef30919fbe1250eb043c7b42
1,100,2,821002,831002,canonical-clean-v1,1,2.7386127875258306,0.5000000000000001,-1.0,1.7320508075688772,canonical_no_clipping_fail_fast,none,1.3293333333333333,43.0,0.3101010101010101,3960,990,cda8713fb2c173b0af35a45b33da9a2bb6d5e21044b17e2a602334af06d7064f,116bdd5032735f107ab7081a820872ac9f6a12f3839e1f7f438b21186e625d68
1,100,3,821003,831003,canonical-clean-v1,1,2.7386127875258306,0.5000000000000003,-1.0,1.7320508075688772,canonical_no_clipping_fail_fast,none,1.3826666666666667,43.0,0.31535353535353533,3960,990,85b5bfe3b3e9eb4dd8b37a5cc1a655598e2e3a2b1e022b7f6f70f74738b4ae46,730ac6cf70ada10af26bd30bdf91b612c70cc5565696080d56148a5b4016710f
1,100,4,821004,831004,canonical-clean-v1,1,2.7386127875258306,0.5000000000000001,-1.0,1.7320508075688772,canonical_no_clipping_fail_fast,none,1.402,22.0,0.3337373737373737,3960,990,c99ebf9a63292fa3616f285f7bb7793b616b416f7af64f0447465d46d25aa742,35a38c4c1c5bee6dd0721228026f841f560fe5a8ae8275214da0e82a3dd3ac3f
1,150,1,821501,831501,canonical-clean-v1,1,2.7386127875258306,0.5,-1.0,1.7320508075688772,canonical_no_clipping_fail_fast,none,1.4044444444444444,77.0,0.3213422818791946,8940,2235,390805744ca7033984bdc467d245024e6b890413464aef4515d0c0b712901527,e2331aab96a15ba670e37ed3c8b27cdaa245708eb074d9482b1ebddb94f3d283
1,150,2,821502,831502,canonical-clean-v1,1,2.7386127875258306,0.5000000000000002,-1.0,1.7320508075688772,canonical_no_clipping_fail_fast,none,1.3471111111111111,48.0,0.3157046979865772,8940,2235,92673926ed73fd3bd7355fd51d3573aa97fc58307e2b61496d389bf6e029b216,753dd6c8fb262ab1d46b8374da86be4d2403bfc2af61dc6b6b56e650bf38e04f
1,150,3,821503,831503,canonical-clean-v1,1,2.7386127875258306,0.5000000000000001,-1.0,1.7320508075688772,canonical_no_clipping_fail_fast,none,1.2715555555555556,23.0,0.31731543624161074,8940,2235,dfd409d8536014c05dd79c73bbc87552fe892d500c91f42ecb961dfdafc4e08c,bcb53dc1ee2b75c9c31f0599a8c1da13ec820faf1d8b087acd02ad76e0e83f21
1,150,4,821504,831504,canonical-clean-v1,1,2.7386127875258306,0.4999999999999999,-1.0,1.7320508075688772,canonical_no_clipping_fail_fast,none,1.3493333333333333,39.0,0.3157046979865772,8940,2235,87d7fa4bc7cce011e94c246c167d8c2451aef0959a59725909ba19332d85162b,f95273b9100fee33d7794e2f553f5426f59a6e06e5d4135e3cbfb73782a3b242
3,50,1,840501,850501,canonical-clean-v1,3,1.5811388300841898,0.5,-1.0,1.0,canonical_no_clipping_fail_fast,none,1.204,15.0,0.31673469387755104,980,245,08c9be22ddd482670de4b06f614153d13b27a6dafeec79e87bff1888a0480ff1,5d5b34d0140242d69bec03df1ec39efc963e10471f0779d4cfcceea0f1586396
3,50,2,840502,850502,canonical-clean-v1,3,1.5811388300841898,0.49999999999999994,-1.0,1.0,canonical_no_clipping_fail_fast,none,1.2866666666666666,21.0,0.32979591836734695,980,245,d2c9d5d71657d9365b02d22d59d719896a1a448073658d1b179676de0fb935bb,a21ea7de1b92d214fef8ef39d6fba73ebc38ff31d162db7d6464f6c0a11ffe34
3,50,3,840503,850503,canonical-clean-v1,3,1.5811388300841898,0.5000000000000001,-1.0,1.0,canonical_no_clipping_fail_fast,none,1.3746666666666667,21.0,0.3240816326530612,980,245,03b979a5cb638cd78f088143b0a00065486ee765ea8c729e915cbd30a0ba341f,9624e12c7eaf13c0cceb89e3d04ca15a5cf395980d0e21a5ea1c5901fa582229
3,50,4,840504,850504,canonical-clean-v1,3,1.5811388300841898,0.5,-1.0,1.0,canonical_no_clipping_fail_fast,none,1.3066666666666666,22.0,0.3306122448979592,980,245,c5bb1fd4402d9604d780b66fd2d59545dc000eaa61e00da8849c2ecd28f7b42b,a49349b743d8b953adafdbcb23f8f4ec88507a91f4629e79eb69dbc8c7b3bda6
3,75,1,840751,850751,canonical-clean-v1,3,1.5811388300841898,0.5000000000000002,-1.0,1.0,canonical_no_clipping_fail_fast,none,1.2435555555555555,18.0,0.31567567567567567,2220,555,1ba7c5e74bfc236a93b4250fba676bcf9c7e971fae3000fa35dc73fe855eff1b,c46263c8afd321047458d045cb3d927bb09e579f83230b81ac29fe15d5e1f8d9
3,75,2,840752,850752,canonical-clean-v1,3,1.5811388300841898,0.49999999999999994,-1.0,1.0,canonical_no_clipping_fail_fast,none,1.2533333333333334,25.0,0.3333333333333333,2220,555,6e4681f6dbb8bee8c94f1488cd4897bae4d0b078f5cf0f75944179079b81ebbf,d3948d34b97e195ec40e97902735efe9d277c0dd55d5a67528d886d4c960f43d
3,75,3,840753,850753,canonical-clean-v1,3,1.5811388300841898,0.5,-1.0,1.0,canonical_no_clipping_fail_fast,none,1.2897777777777777,28.0,0.32360360360360363,2220,555,106bffb179473a9c3f9006078c389097b17d1f8ee83d04ebb01ffee2ae36c02c,069771caa53ca2e8532374a9e56e7269be0d7687c43c7123369ecb3a145c18a6
3,75,4,840754,850754,canonical-clean-v1,3,1.5811388300841898,0.5000000000000001,-1.0,1.0,canonical_no_clipping_fail_fast,none,1.296,15.0,0.3326126126126126,2220,555,57bfe3638f781a2ba48603960f8fdbe4ff8b9eb76e436b103f417ff930fdef66,219df8123b5dfb952a57ee4ebabcb4eddcc66427579db6b67e32410de2db8ac2
3,100,1,841001,851001,canonical-clean-v1,3,1.5811388300841898,0.5,-1.0,1.0,canonical_no_clipping_fail_fast,none,1.3273333333333333,28.0,0.3523232323232323,3960,990,4bc07e141429341cff63d350d17aa787a665c32d04fa1e7b2b75b03be9be3c6f,33df2bbcc941a351bfa7908d81f695d6d9e0b84cc735ba24374d9520545e73cc
3,100,2,841002,851002,canonical-clean-v1,3,1.5811388300841898,0.4999999999999999,-1.0,1.0,canonical_no_clipping_fail_fast,none,1.2013333333333334,21.0,0.32202020202020204,3960,990,0446b17fb58eb1016c9adf1ffbceb1c54c6f9c60df2704b8cfcde9d817480ecf,4e2be4555c9d87f33466d99e4be0af277502ef177d441208d45a77b9385c83a8
3,100,3,841003,851003,canonical-clean-v1,3,1.5811388300841898,0.5000000000000002,-1.0,1.0,canonical_no_clipping_fail_fast,none,1.2666666666666666,23.0,0.3183838383838384,3960,990,87b174091c679a262e70307209c88bf8b5b664850a008caafb5225af73da32e1,b679388724bf3eff8a2010a8d9d7402a85c20f295647c3108a08bc087cf5fb39
3,100,4,841004,851004,canonical-clean-v1,3,1.5811388300841898,0.5000000000000001,-1.0,1.0,canonical_no_clipping_fail_fast,none,1.2373333333333334,14.0,0.31353535353535356,3960,990,7f079de836058ab1664a5bfa74b34e865f1ccb356d54550bd335b1ae114c29b6,c96757e24edd48f34d2ee52fb00b93a6f0e5ff59b445dfc4fbdc62f276a1d0fc
3,150,1,841501,851501,canonical-clean-v1,3,1.5811388300841898,0.5000000000000002,-1.0,1.0,canonical_no_clipping_fail_fast,none,1.3217777777777777,14.0,0.330738255033557,8940,2235,cf49dd86dd4db5c759b98e8939950887be360d1f12c83ad9b59687dcedd85628,7719f9d593ad1b787c42fa41fc0dd30a154b55116a45d896707b46572a4445f0
3,150,2,841502,851502,canonical-clean-v1,3,1.5811388300841898,0.4999999999999999,-1.0,1.0,canonical_no_clipping_fail_fast,none,1.279111111111111,18.0,0.34630872483221475,8940,2235,fca5504a1b068cbd9aab560c8bbae1f6276420ac721f3fe56bff024ada249c41,562622391598ea53ebbc63711821499e8ab9118f05649933738459dadbe9a863
3,150,3,841503,851503,canonical-clean-v1,3,1.5811388300841898,0.5000000000000001,-1.0,1.0,canonical_no_clipping_fail_fast,none,1.3244444444444445,35.0,0.3314541387024609,8940,2235,545a951e7e4248d3e472a22959ae4226659408fbae681d70cc4b8dcf7304b711,3a896cd3bd9e6958dbdfd940886f318dbcdb785317f3eb4510e901c08c24a1cf
3,150,4,841504,851504,canonical-clean-v1,3,1.5811388300841898,0.5,-1.0,1.0,canonical_no_clipping_fail_fast,none,1.3253333333333333,28.0,0.3364653243847875,8940,2235,35af51d7160bdd9a1e51b3d6ef43ad3956b7393c1a19cde36bd896e8dcfe1d83,a12ed832ddbc3caf8613b5d0965caf92da82f2467fa7c7bd7e13b84bb99ce34b
5,50,1,860501,870501,canonical-clean-v1,5,1.224744871391589,0.4999999999999999,-1.0,0.7745966692414834,canonical_no_clipping_fail_fast,none,1.2053333333333334,18.0,0.32979591836734695,980,245,b926db36603e3a7aff03b665065dbb6525b5fa66dfe42d066f6ff5a82b67bae8,9e780c8f4a30bc06394f124e516410525b5cc5f521e303bf7a4cae4b5864ac76
5,50,2,860502,870502,canonical-clean-v1,5,1.224744871391589,0.49999999999999994,-1.0,0.7745966692414834,canonical_no_clipping_fail_fast,none,1.156,12.0,0.3379591836734694,980,245,56acadbf00bae4f27fe5e432d4a4f99f116fd983947d3b605a6ddc1b26916895,f0a657977ab9b2a8b498e743da0cb0352c34df7eb26eb6eb296eacf5422b7b44
5,50,3,860503,870503,canonical-clean-v1,5,1.224744871391589,0.4999999999999999,-1.0,0.7745966692414834,canonical_no_clipping_fail_fast,none,1.244,11.0,0.34285714285714286,980,245,f208b309202632ad5ceb2b139f93fcd9843d904f0376e501c88ed367424987a9,7c4229d190b6bba799bafdb3aad41f0e833e1bc7146a5ae3ec47b8b88969e8ff
5,50,4,860504,870504,canonical-clean-v1,5,1.224744871391589,0.5,-1.0,0.7745966692414834,canonical_no_clipping_fail_fast,none,1.24,9.0,0.3379591836734694,980,245,261ede92f9533c21798d1a42e428f8e867e4eb95b91c704c058f73692c446d2a,c35bb0209e27e1d5f98ec37296f992fcc1315dd30ae1b57db0b922bf5d7b2a0f
5,50,5,860505,870505,canonical-clean-v1,5,1.224744871391589,0.49999999999999994,-1.0,0.7745966692414834,canonical_no_clipping_fail_fast,none,1.3573333333333333,19.0,0.32979591836734695,980,245,22f2b444027c48dcc90dd29832022ea6a17b2670a32271a17e28f73d43ceda64,e8c793c925c3394d984d858c102eac9d96d0429cffea07c8ef7f73b0887327c2
5,50,6,860506,870506,canonical-clean-v1,5,1.224744871391589,0.49999999999999983,-1.0,0.7745966692414834,canonical_no_clipping_fail_fast,none,1.288,23.0,0.3510204081632653,980,245,adfefb81a37a5152624a8ba6872f5a017d911a2d3ddc1b50cf11a4db32cf33d6,8dc24e9ff92f6c7ed90b07601c2e4d19818c553a9b9057d1841624818c0206a8
5,50,7,860507,870507,canonical-clean-v1,5,1.224744871391589,0.49999999999999983,-1.0,0.7745966692414834,canonical_no_clipping_fail_fast,none,1.3546666666666667,16.0,0.3363265306122449,980,245,8e88bd6d932b806d9c8e8edd0ec547997404ddfc5c7b93daf2902dd09e47dd3c,ec447f1622c3951d40cc31fc6ec4c2a4794304256f5ed6dd281bea9ee495cdca
5,50,8,860508,870508,canonical-clean-v1,5,1.224744871391589,0.49999999999999994,-1.0,0.7745966692414834,canonical_no_clipping_fail_fast,none,1.3133333333333332,23.0,0.3224489795918367,980,245,f56f4a3d81969d178a66158fd831c57940e069504e9f0c1ebe114d2f4b73f2be,6ed1418619973171d5dc44cdb483058a4c2520b20f92e8d60d0a933ea2e09d2e
5,75,1,860751,870751,canonical-clean-v1,5,1.224744871391589,0.49999999999999983,-1.0,0.7745966692414834,canonical_no_clipping_fail_fast,none,1.3075555555555556,15.0,0.338018018018018,2220,555,c1abecd3cab20e8d8121e9c7e0481c0b6e2c57af67c391c3ce55b45df67dcf01,863b3bfce385fef9607d570229b7e552e8284b1dae78d45d7120d9a2b2b3b2e8
5,75,2,860752,870752,canonical-clean-v1,5,1.224744871391589,0.4999999999999999,-1.0,0.7745966692414834,canonical_no_clipping_fail_fast,none,1.2915555555555556,15.0,0.3589189189189189,2220,555,28d62d14c13472193e75885c162dd8e8c480843e03590648f7e9ec20d167f241,45945e9f51947a6a5936005ecaec80e05144ed8815f6867a9ea1b41a0a96af10
5,75,3,860753,870753,canonical-clean-v1,5,1.224744871391589,0.49999999999999994,-1.0,0.7745966692414834,canonical_no_clipping_fail_fast,none,1.3137777777777777,17.0,0.3455855855855856,2220,555,de4f7aa4950a7af5ecd66337a9ffeeefc679c238e78b1b75001362caa5f901ad,fe204a3983624d29a7089f44d55e053a881bcd7d25cdb90c6a31ab1a61c4497a
5,75,4,860754,870754,canonical-clean-v1,5,1.224744871391589,0.49999999999999983,-1.0,0.7745966692414834,canonical_no_clipping_fail_fast,none,1.2444444444444445,10.0,0.3333333333333333,2220,555,990a0065cf7282a5b4c1884619eb89d66f5712a1b59f8c73d0a2bde34555a8ef,56902f900d43a2007f78e054a96621e75c26f5664477e76afb82c4ffcb65df44
5,75,5,860755,870755,canonical-clean-v1,5,1.224744871391589,0.4999999999999999,-1.0,0.7745966692414834,canonical_no_clipping_fail_fast,none,1.2382222222222221,19.0,0.33981981981981985,2220,555,2f618f40360d36b2db4fb1d628ba54b1b65ff2b657204656013a418d8b4a1703,2e90cebdbf8ba3fd325e58ec3362b77b424bf6279033f63e973caff4717e83f6
5,75,6,860756,870756,canonical-clean-v1,5,1.224744871391589,0.49999999999999994,-1.0,0.7745966692414834,canonical_no_clipping_fail_fast,none,1.3226666666666667,15.0,0.3272072072072072,2220,555,6c09583ccc94b49cefceb1f3a43b676cf92757c3578f6f2811adab6102b78255,0a545bcf0e8ca0ce6f5f087dfbc789781eea68927851bd9acea4759f5d493db5
5,75,7,860757,870757,canonical-clean-v1,5,1.224744871391589,0.5,-1.0,0.7745966692414834,canonical_no_clipping_fail_fast,none,1.36,11.0,0.3279279279279279,2220,555,9138e5524b84bd532ef3b29151a38b6f609a4bf79de006b0575ea98b58ec88cf,b2a596f147536a18946e49563bba5d456d345399ab892127b3bb1cd03821a8f0
5,75,8,860758,870758,canonical-clean-v1,5,1.224744871391589,0.4999999999999999,-1.0,0.7745966692414834,canonical_no_clipping_fail_fast,none,1.2417777777777779,14.0,0.3499099099099099,2220,555,8ba51a0b6efcc0b2c79d4ab49ef7a28a945db1835359ace72afe807309798026,72180a082138c7725ac4f10495c7977dabbaaac2a00244514516cde0d8943421
5,100,1,861001,871001,canonical-clean-v1,5,1.224744871391589,0.4999999999999998,-1.0,0.7745966692414834,canonical_no_clipping_fail_fast,none,1.3226666666666667,15.0,0.33636363636363636,3960,990,47e58c0527fdd94f3c00d9b15245e0f6b57a0f82651d068125f74545ae339b09,8f7819c9f8091f143e042ed789e090601639a803f3f813b96feb886412262b62
5,100,2,861002,871002,canonical-clean-v1,5,1.224744871391589,0.49999999999999994,-1.0,0.7745966692414834,canonical_no_clipping_fail_fast,none,1.1966666666666668,12.0,0.32686868686868686,3960,990,c413da8da5a3046a96dcef79995c16c35a4c5a5b48d854e955db4f40acd56ad2,c7c2ba7915638b3057438a681da3c65a5242bbb3603d7df7eaded87c67b139ce
5,100,3,861003,871003,canonical-clean-v1,5,1.224744871391589,0.4999999999999999,-1.0,0.7745966692414834,canonical_no_clipping_fail_fast,none,1.3053333333333332,13.0,0.3486868686868687,3960,990,3a48743823f2b4f6a35dadd18e1fbd1f2c2190f491ae62302265965b50d52d03,f19a8a4257847b78148c719022ff0bdc99b99906d6e20da7551909aed85c8968
5,100,4,861004,871004,canonical-clean-v1,5,1.224744871391589,0.5,-1.0,0.7745966692414834,canonical_no_clipping_fail_fast,none,1.2393333333333334,22.0,0.34404040404040404,3960,990,40b46e46ceeadd9a111814ef17b32ddd14227a7297b0dc7d5c6bd60f9f0b7f2d,910f49c70b5491d7900227c5150c883e8e9d5573754642f2c7cdc5cee5dff437
5,100,5,861005,871005,canonical-clean-v1,5,1.224744871391589,0.5,-1.0,0.7745966692414834,canonical_no_clipping_fail_fast,none,1.2506666666666666,12.0,0.32525252525252524,3960,990,23a82e0db507d5b8b7af21b2986a8dc0ff71f6160859aec39c59a67f64509a0a,eeaa5380f28e055d5d7cbb1938124a50a03ee21631380fc18e4a79790346e822
5,100,6,861006,871006,canonical-clean-v1,5,1.224744871391589,0.5,-1.0,0.7745966692414834,canonical_no_clipping_fail_fast,none,1.2233333333333334,14.0,0.3402020202020202,3960,990,6eea13a9e551394567da477c5bdb37e1d51bfaa8bc3fe0a1ddd7c30eb743dd32,2ab530290080fce23780a0afd05e0c9ad8e9eda8d9ceb953991e1b8f32dedf59
5,100,7,861007,871007,canonical-clean-v1,5,1.224744871391589,0.5,-1.0,0.7745966692414834,canonical_no_clipping_fail_fast,none,1.2513333333333334,22.0,0.31353535353535356,3960,990,1b62599fe77dc0a7b51703a82552081c372e695cf63ff5c4705acf5f1b3d94cd,bc25b4a99462ea375fa0b4672275432646b4f777e1b61f5a4e9cbc2060df7275
5,100,8,861008,871008,canonical-clean-v1,5,1.224744871391589,0.4999999999999999,-1.0,0.7745966692414834,canonical_no_clipping_fail_fast,none,1.4046666666666667,19.0,0.34424242424242424,3960,990,1316c950914444f001da1e0f8efe12e2b4e49e09109d2969ad5be8197b09c742,d13726ca9ebf0a7fc7e0336117ff2c92e1f8a76ca1c7d5b0246e9eec36bf4ec8
5,150,1,861501,871501,canonical-clean-v1,5,1.224744871391589,0.4999999999999999,-1.0,0.7745966692414834,canonical_no_clipping_fail_fast,none,1.3448888888888888,22.0,0.33941834451901565,8940,2235,8a17a028cbc502ab5ef19f64c5aa9f336f5a37d8cb8cefc0961e6970873f21a0,9027e784c2f14d16d73d855f071e3c9a04ca03382926eddd1acfd3988623d10a
5,150,2,861502,871502,canonical-clean-v1,5,1.224744871391589,0.4999999999999999,-1.0,0.7745966692414834,canonical_no_clipping_fail_fast,none,1.3311111111111111,32.0,0.3327964205816555,8940,2235,44c9fea32f8a7363f1ca9bfe70cc1c937a7fcccc134e5f1b894989b72837a1a4,bf964ab8a792f93569d54cfcc45770e1545c9153385a75af98f1067a6910de4c
5,150,3,861503,871503,canonical-clean-v1,5,1.224744871391589,0.49999999999999994,-1.0,0.7745966692414834,canonical_no_clipping_fail_fast,none,1.3213333333333332,21.0,0.334586129753915,8940,2235,8606085194d53af6e70f3d797beeeacc2613996afae65a4962ce636a36f294fa,079fd79d7db1f02240a98aa3600af3c8be4f12dc802a2fcd11765a89a0bedb53
5,150,4,861504,871504,canonical-clean-v1,5,1.224744871391589,0.49999999999999983,-1.0,0.7745966692414834,canonical_no_clipping_fail_fast,none,1.256888888888889,42.0,0.33082774049217,8940,2235,af7627f5e256b43cd3fb4ef6224a3bc4a1076d707cdd10b6cac6c817bf169a0a,a5da724c1f5dd8908047868286996b55daf622c63d76e772d000a3f4c219acf9
5,150,5,861505,871505,canonical-clean-v1,5,1.224744871391589,0.49999999999999994,-1.0,0.7745966692414834,canonical_no_clipping_fail_fast,none,1.264,24.0,0.33762863534675613,8940,2235,f9e09341286ae5c9204ceae6fb1b7ef6bc83281d2cdbf89f22ad5b027e864830,3844220e6b427a2ec5470a70527c326976b0fd9a416db271f36c5883b068b4ad
5,150,6,861506,871506,canonical-clean-v1,5,1.224744871391589,0.4999999999999999,-1.0,0.7745966692414834,canonical_no_clipping_fail_fast,none,1.2622222222222221,34.0,0.3337807606263982,8940,2235,b821f6442c614e074aa9e8a14eceb7330856e6c419fda1c82690763b064f26fc,86f0fa9608701903bcdceed46d8bcbc5e1a0c5cf1dd031c948c30eb2922f092f
5,150,7,861507,871507,canonical-clean-v1,5,1.224744871391589,0.4999999999999999,-1.0,0.7745966692414834,canonical_no_clipping_fail_fast,none,1.2493333333333334,11.0,0.33610738255033556,8940,2235,ce2c4032e18b217d89b612b091acbf9998e114fdc204137ea4d25c71538fa535,8f30cab7f9e35458d20f1fcd60d42d2ed8aaa3f7053d834c8e5b5870b434a1cd
5,150,8,861508,871508,canonical-clean-v1,5,1.224744871391589,0.49999999999999983,-1.0,0.7745966692414834,canonical_no_clipping_fail_fast,none,1.2373333333333334,14.0,0.33172259507829976,8940,2235,2f7e6fa7f2294a67c86f9f1612a100fa910d6cf1c4ab8717603677a1cfdb9e59,2b7414004cd19554601226ed0efb858f57dbe4700c8a71b168a63c28368e383a
