K_TRUE,n,replicate,status,unthresholded_rank,min_eigenvalue,eigenvalues,gap_ratios
1,50,1,ok,15,-2.0656768528007317,"[9.268793052955516, 1.115846137932132, 0.5312758564075907, 0.34966164711247394, 0.2595622477206558, 0.07230940886885773, -0.15650818509203274, -0.2805826625755284, -0.4379118319369475, -0.5676953387532204, -0.6638448802569731, -0.8093474305497282, -0.8456404907645821, -1.1490454807904984, -2.0656768528007317]","[8.306515332062082, 2.1003140354943284, 1.5193998563894477, 1.347120585458885, 3.589605443897416, -0.4620167873414228, 0.5577970629240259, 0.6407286629695996, 0.7713852872188363, 0.8551626375930875, 0.8202223855904178, 0.9570821636248287, 0.7359504083187504, 0.5562561633164327]"
1,50,2,ok,15,-1.5341181288064778,"[12.01514560180902, 1.041474195001003, 0.8230592194165405, 0.5861959819187582, 0.4224526274838607, 0.21622415584905996, 0.18963438318288842, 0.023560428713188367, -0.12569663792979707, -0.24559047553921085, -0.3974224606209223, -0.41567379072949406, -0.4822583416302101, -0.7680075730113265, -1.5341181288064778]","[11.536671440810352, 1.2653696968965307, 1.40406834028864, 1.387601694917031, 1.953771658050838, 1.1402159894206931, 8.04885112624191, -0.1874388138077895, 0.5118139767180361, 0.6179582179515138, 0.9560921796956664, 0.8619317798098923, 0.6279343571304834, 0.5006182761224688]"
1,50,3,ok,15,-2.342230161398316,"[14.107876406813386, 1.4911225379835478, 1.1747586617196433, 0.5051264737325958, 0.3316239469780116, 0.22915555951408, 0.17346816481489, 0.039154065478285885, -0.10444468400460595, -0.16184517189085418, -0.2587669640996445, -0.2843083441877491, -0.35690666800104204, -0.7520370781077651, -2.342230161398316]","[9.461245502929314, 1.2693011650587045, 2.3256723272467754, 1.523190584804445, 1.4471564542497415, 1.3210237149774122, 4.430399824281139, -0.37487849047979516, 0.6453370390007173, 0.6254475815874694, 0.9101631006959199, 0.7965901723834395, 0.47458653089163, 0.32107736058645814]"
1,50,4,ok,15,-1.1813681467153965,"[5.69976498178834, 1.0487158471019917, 0.5806680228507746, 0.39090882727511256, 0.3410344684732659, 0.2014934913556245, 0.08071269720073627, -0.04716200160941805, -0.15691565102002294, -0.23817786994615733, -0.3521868129401423, -0.5497025601307673, -0.8648609940771488, -0.9361919203196025, -1.1813681467153965]","[5.434994615118098, 1.8060506276087815, 1.4854308276904524, 1.146244334260765, 1.6925334221905934, 2.4964286703800855, -1.7113925288662535, 0.30055639002765905, 0.6588170893269615, 0.6762827601572864, 0.6406861428048679, 0.6355964298254985, 0.9238073682390867, 0.7924641636246357]"
1,75,1,ok,15,-1.3097900916808558,"[9.872781890476588, 0.9086389592651598, 0.7006071474131912, 0.46325428710217836, 0.4224208240179791, 0.32694003624285256, 0.2621006531522776, 0.05308158805184043, 0.0182707769098675, -0.1403401002793387, -0.191046741326227, -0.29883894511508363, -0.3894281659441486, -0.6024185676617073, -1.3097900916808558]","[10.86546178744192, 1.2969307587284424, 1.5123597706903913, 1.0966653648742972, 1.2920437303194123, 1.2473835235080624, 4.937694269740111, 2.9052726281810517, -0.13018928213319356, 0.7345851559943499, 0.6392966661445496, 0.7673788679115285, 0.646441173710361, 0.4599351999133102]"
1,75,2,ok,15,-1.0876022399524419,"[7.328934518784131, 1.0571119401069837, 0.8192899452766049, 0.6031376409811203, 0.5434430755396669, 0.3154342085498401, 0.28328053078081966, 0.2121855153722946, -0.009935872297453482, -0.09374022135345188, -0.18123887709462477, -0.2617112689629219, -0.4977919009654556, -0.9251292584659923, -1.0876022399524419]","[6.932978656964574, 1.290278180760642, 1.3583797289518706, 1.109845111895434, 1.7228412797650012, 1.113504721557792, 1.335060643907685, -21.355499448868397, 0.1059936935714053, 0.5172191687355806, 0.692514608991873, 0.5257443290164807, 0.5380782160007259, 0.8506136016292554]"
1,75,3,ok,15,-0.7982994397834806,"[6.788234730153501, 1.2411187683500249, 0.6172136358501927, 0.4758464391893886, 0.3610922385790715, 0.341341523088636, 0.13019218087653878, 0.08742664115117019, 0.020858819182699766, -0.07471161601310174, -0.1593838044206435, -0.2853508491430633, -0.3580803943986013, -0.6142768816579135, -0.7982994397834806]","[5.469448132814843, 2.010841459522232, 1.2970857508183211, 1.317797472086037, 1.0578620359800377, 2.6218281373773906, 1.4891591300118956, 4.191351408026086, -0.27919111238394145, 0.46875287162755813, 0.5585538115596599, 0.7968904570224019, 0.5829299540496361, 0.7694817897210616]"
1,75,4,ok,15,-0.6740742263628293,"[5.753416671378993, 0.6349545888456853, 0.484707173690466, 0.3388049025230664, 0.22235796708067324, 0.08384780080991233, 0.01647019246730909, -0.026581998714953755, -0.14391085447735702, -0.23339949342438931, -0.3533570759828788, -0.4462281715258005, -0.49407967431709987, -0.5456721603769434, -0.6740742263628293]","[9.061146690566341, 1.3099756374787375, 1.4306380163948966, 1.5236913116773787, 2.651923663266628, 5.090881662514746, -0.6195994757175182, 0.18471156197002622, 0.6165859761130009, 0.6605202195970691, 0.7918753196926922, 0.9031502300566441, 0.9054514966931717, 0.8095134616276342]"
1,100,1,ok,15,-1.1560905950026155,"[8.077109715763214, 0.7248409443650005, 0.4881466306278935, 0.4823253403086034, 0.34408381356532236, 0.2534994418578048, 0.1173442768270604, 0.0347511064786773, 0.01621131932710728, -0.08488665749226092, -0.13835264677571374, -0.24807761078252422, -0.44086183220081837, -0.568604781230531, -1.1560905950026155]","[11.143285680197323, 1.484883637182237, 1.012069219327281, 1.4017670151666017, 1.3573355863967895, 2.1603051185138504, 3.376706203558177, 2.1436322224909397, -0.19097605920677535, 0.6135528265669712, 0.5576990456305215, 0.5627105652219891, 0.7753396502342785, 0.49183410338983397]"
1,100,2,ok,15,-0.717237237677448,"[7.002404881844136, 0.6482067715602511, 0.4930460854708084, 0.46453426566962663, 0.38989679461751736, 0.12967359894744981, 0.10471910323855418, 0.00972366435539873, -0.010571107406632562, -0.11291417653435641, -0.27837958171602173, -0.3896075018811487, -0.39511901621893897, -0.5313810738161086, -0.717237237677448]","[10.80273330836881, 1.3146981401166185, 1.0613772156507808, 1.1914287885473063, 3.0067554057439474, 1.2382993640811488, 10.76951028039265, -0.9198340326480717, 0.09362072798198276, 0.4056122788830881, 0.7145128889251792, 0.9860510020739263, 0.7435699833669182, 0.7408721213873706]"
1,100,3,ok,15,-0.6862750439462373,"[6.069228601727225, 1.0106263416544023, 0.6130273325159997, 0.5498834145044038, 0.3618702926933448, 0.33837677168446373, 0.2166645915698782, 0.11956332440341134, 0.0801341565000248, -0.03463443140793255, -0.043598216411061375, -0.22427290927981558, -0.31157737549586667, -0.4102548487684176, -0.6862750439462373]","[6.005413031083136, 1.6485828413336292, 1.1148314648997115, 1.5195594266987387, 1.069430064279911, 1.561753903730648, 1.8121325469242002, 1.4920394701275024, -2.3137136439800523, 0.7944001901679948, 0.1943980507991974, 0.7197984414718543, 0.7594727434208759, 0.5977994572108569]"
1,100,4,ok,15,-0.8444241781291599,"[7.4096216194342155, 1.0411545908028739, 0.6660838981246868, 0.5714872692138279, 0.4202944074750054, 0.36555216752101327, 0.28459116253944844, 0.21813010244917572, 0.19882774852239757, -0.06159133732905699, -0.08648720900468272, -0.27310499900652085, -0.3700587232259511, -0.5026142328183967, -0.8444241781291599]","[7.1167352906933585, 1.563098272956564, 1.1655270974644663, 1.3597308435464104, 1.1497521963150317, 1.2844817957772756, 1.304685411798026, 1.0970807851028086, -3.228177161670371, 0.7121438885341094, 0.3166811640918286, 0.7380044891949971, 0.7362678950630906, 0.5952153501004074]"
1,150,1,ok,15,-0.6996497305092562,"[8.517335744200857, 0.4968380104989288, 0.4261414852332018, 0.3400348966386395, 0.22610742666546885, 0.21216773256259974, 0.11708132424801578, -0.003294248682201244, -0.06285817289532547, -0.08875280643106592, -0.13869283578934097, -0.28064527852761195, -0.4582839048928851, -0.6391108837852353, -0.6996497305092562]","[17.143083991596534, 1.1658991854009215, 1.253228681661074, 1.503864342951145, 1.0657012917775148, 1.8121398431842168, -35.54113108721989, 0.05240764295976259, 0.708238707292566, 0.6399235110158941, 0.4941926567123606, 0.6123830130870672, 0.7170647793988834, 0.9134726362576366]"
1,150,2,ok,15,-0.5210522707918924,"[7.8087725491735664, 0.5255451454268822, 0.43816752761891603, 0.3034539094428602, 0.3008117606835963, 0.13005353306730943, 0.08627555178575891, 0.04900851639087708, -0.08876598234170277, -0.16780067231490253, -0.19453100627181213, -0.2133447039982241, -0.26950081117287517, -0.39410519704292024, -0.5210522707918924]","[14.858423899683764, 1.1994160048390452, 1.4439343636184794, 1.008783395812915, 2.312984150364532, 1.5074204728387115, 1.7604195788677062, -0.5521092100599961, 0.5289965833695851, 0.8625908821981821, 0.9118154921409787, 0.7916291719855756, 0.6838296302485071, 0.7563640331975932]"
1,150,3,ok,15,-0.5362018237244066,"[4.970944454424439, 0.7873013859091709, 0.4430508756119094, 0.37620431466420406, 0.3072047227365687, 0.29343878515972244, 0.14151864084464125, 0.12175586500621133, 0.06470607476007571, -0.03289510762794574, -0.1038637048893635, -0.17401300315799417, -0.24309856828834725, -0.4490695157215412, -0.5362018237244066]","[6.313902837455344, 1.7769999547383986, 1.1776868535050478, 1.224604593682641, 1.0469124678571486, 2.073499175856689, 1.1623147750412002, 1.8816759548105968, -1.9670425004204959, 0.3167141752066892, 0.5968732393812031, 0.7158125380302183, 0.5413383892196497, 0.8375009107621963]"
1,150,4,ok,15,-0.6384284365326562,"[7.11364165059798, 0.6502329316634672, 0.5876453208696706, 0.33635366909491826, 0.287696055815623, 0.25420591190321773, 0.1910351883089625, 0.1415621442146707, 0.03068599496865911, -0.018468169999016213, -0.06733329804989827, -0.2563347264235842, -0.307141498997366, -0.4589452459335452, -0.6384284365326562]","[10.940143607306092, 1.1065057587817966, 1.7471054276022728, 1.1691285378986171, 1.1317441583544123, 1.3306758516765447, 1.349479335515495, 4.613249280632877, -1.661561214256406, 0.2742798961864325, 0.26267723842704144, 0.8345818694652607, 0.6692334253786775, 0.7188671739405983]"
3,50,1,ok,15,-1.3623895243925552,"[2.592466850444336, 2.124032147494153, 1.5420209463199577, 0.8873218704540965, 0.5935270057981346, 0.4325504833079837, 0.36236259061017584, 0.1217662407716366, -0.11520345166494449, -0.17266337297977938, -0.32256210839535665, -0.5567771156857717, -0.6486694742486734, -0.6832521005339861, -1.3623895243925552]","[1.2205403075009118, 1.3774340436575576, 1.7378371903882093, 1.494998309741419, 1.372156612238791, 1.1936951951348502, 2.975887145023714, -1.056966948575284, 0.6672141849009052, 0.5352872159681881, 0.5793379420741154, 0.8583371621281597, 0.9493852616650792, 0.5015100955349945]"
3,50,2,ok,15,-1.0746119537951673,"[3.831069855361685, 3.164339588686912, 1.6652437157282538, 1.1768853480034491, 0.3947029849697791, 0.3748449543941328, 0.19672325881419997, 0.01338872583945386, -0.11196577740123244, -0.4109368203880525, -0.4488810701931854, -0.5760874179890318, -0.7987485556963912, -0.9831569021127502, -1.0746119537951673]","[1.2107012373319395, 1.9002261103282803, 1.4149583207517114, 2.9816986261037743, 1.052976651660533, 1.9054429895763578, 14.693202413219668, -0.11957873334344826, 0.27246469979375865, 0.9154692582852675, 0.7791891580623476, 0.7212375082002725, 0.8124324347211768, 0.9148948126256844]"
3,50,3,ok,15,-0.9933637642730343,"[4.298690410023051, 2.905257796941385, 2.0385924239413833, 0.7383813439887971, 0.6256307337677118, 0.46556484674558407, 0.3355044516129977, 0.11655188586275296, -0.005201827515543581, -0.0811045963840336, -0.2383900206954735, -0.32145546205786085, -0.4938839104923269, -0.6247259103528351, -0.9933637642730343]","[1.4796244293875236, 1.425129301385514, 2.76089373131875, 1.1802191039146552, 1.343810079607661, 1.3876562427332864, 2.878584495904896, -22.405949738718608, 0.0641372714674852, 0.34021808525130764, 0.7415958004551315, 0.6508725132135178, 0.7905609521036021, 0.6288994352537345]"
3,50,4,ok,15,-1.3100044008199259,"[3.794928053936884, 2.97867069427511, 2.020605206140191, 0.8909961140340052, 0.6062050595616796, 0.5396055482476741, 0.12018294873608634, 0.0011149041685806344, -0.15643701583315453, -0.23128241929916396, -0.2539562297767738, -0.5375984138470504, -0.7380907291750035, -0.8194740162685987, -1.3100044008199259]","[1.2740341056265767, 1.4741477876150972, 2.2678047348510364, 1.4697932654640753, 1.123422584386469, 4.4898677717802675, 107.79666281909164, -0.007126856534835196, 0.6763895686805452, 0.9107176441486, 0.4723902140251211, 0.7283635908121321, 0.9006883861136114, 0.6255505826970457]"
3,75,1,ok,15,-0.5692815062785248,"[2.4782728994748657, 2.05869558904764, 1.9505210790750727, 0.5914762293724083, 0.48504729301729244, 0.3285135816103575, 0.2570151609485684, -0.0008891182199949181, -0.07051242701007474, -0.1116751344568073, -0.15533410535900666, -0.2752963346874136, -0.4519828615553847, -0.5237743934412998, -0.5692815062785248]","[1.203807358727243, 1.0554592878452067, 3.2977167673241787, 1.2194197099690267, 1.476490836815983, 1.2781875606011301, -289.0674773822962, 0.01260938330583745, 0.6314066900662376, 0.7189350606468864, 0.5642432745622329, 0.6090857820140589, 0.8629342465288714, 0.9200621971110364]"
3,75,2,ok,15,-0.8316573232687691,"[3.154364630153816, 2.863012656468839, 1.5203434406105176, 0.5928697176341223, 0.45362217197898547, 0.35183451815416245, 0.15785016672908997, 0.011851769045197537, -0.03005210447251896, -0.19877053256591545, -0.36385013193976606, -0.5559481586588576, -0.6101798300893676, -0.7425139360685906, -0.8316573232687691]","[1.1017641235454132, 1.8831354679434482, 2.56438032739727, 1.3069681207328367, 1.289305479061105, 2.228914453780703, 13.31870087301883, -0.394374013175528, 0.15118993788756493, 0.5462978163735313, 0.6544677345770881, 0.9111218221969626, 0.8217755929539907, 0.8928123582802027]"
3,75,3,ok,15,-0.6953055262230998,"[3.4648350832911903, 2.395811642954857, 1.381808821547442, 0.6545560408015946, 0.4193476724574124, 0.370571260441577, 0.22225737201599818, 0.13276037792657644, 0.027999008850957924, 0.001557587764913381, -0.14525444552390065, -0.15673981278619303, -0.422931838134369, -0.520460135078789, -0.6953055262230998]","[1.446205127802894, 1.733822802109388, 2.1110626675375657, 1.5608910786742693, 1.13162491866669, 1.6673069472579884, 1.6741242793005482, 4.741609913167849, 17.975878779784185, -0.0107231676063029, 0.9267233572751588, 0.3706030112975214, 0.8126113983164998, 0.7485344434207633]"
3,75,4,ok,15,-1.0260801011249514,"[3.238657860977672, 2.6516656447769686, 2.2017456834774456, 0.8390523674702497, 0.40771388129196356, 0.3357728436921324, 0.12994176858336687, 0.11991635479411339, -0.03348248297421406, -0.18205402973566928, -0.3037513857490495, -0.3745827518650299, -0.582495656425131, -0.685531054205233, -1.0260801011249514]","[1.2213673572899026, 1.2043469255672243, 2.624086134356224, 2.05794407787015, 1.2142550803357801, 2.584025501212955, 1.0836033901002602, -3.5814654154073593, 0.18391508840989934, 0.5993520960792489, 0.8109059593285747, 0.643065313420368, 0.8496998828163145, 0.6681067622826379]"
3,100,1,ok,15,-0.6555472977036095,"[3.1576549013833994, 2.964635605565101, 1.9711301895595383, 0.6005919114919004, 0.43565411960172934, 0.34078679030893566, 0.25517380818924157, 0.23644242701938964, 0.005921907566255544, -0.09671181663967991, -0.1660328335786107, -0.34581979537965135, -0.36479199910961013, -0.5392997235431102, -0.6555472977036095]","[1.0651072581925314, 1.5040283088696276, 3.2819792472115585, 1.3785980310273562, 1.2783773667013119, 1.3355085019392035, 1.0792217429248256, 39.926733805622966, -0.06123251296497561, 0.5824860935947965, 0.4801137349478068, 0.9479917219229961, 0.6764179234377998, 0.8226709581936863]"
3,100,2,ok,15,-0.7294947544400057,"[2.3647459915647677, 1.900740065521654, 1.295174807745445, 0.5675098566062645, 0.5040225283290183, 0.3801074042725848, 0.14824849530823425, 0.06874850027097713, 0.024687777210311755, -0.060736223981518886, -0.1768857491197216, -0.23439096788698205, -0.26017439309288787, -0.5768199815446904, -0.7294947544400057]","[1.2441185591127992, 1.4675548459982302, 2.2822067188236184, 1.1259612908330214, 1.326000290085301, 2.563988278479831, 2.156388789921267, 2.7847181090998263, -0.4064753386352084, 0.34336414484363453, 0.7546611147790125, 0.9008994509436578, 0.4510495499759838, 0.7907116233995191]"
3,100,3,ok,15,-0.8581238091946294,"[3.2040630174518308, 2.6389556075940517, 1.7374216524362964, 0.558669009566676, 0.38572765605255643, 0.23012325542421713, 0.1187093967269319, 0.0718401182925837, -0.008490660968625859, -0.10033968016894516, -0.12747702640811215, -0.31460588467861117, -0.45830789886823087, -0.5830610034019684, -0.8581238091946294]","[1.2141405517514523, 1.5188918613357794, 3.109930249726764, 1.4483509305087416, 1.6761785128647375, 1.9385428767157444, 1.6524109306649997, -8.461074886636348, 0.08461917512921965, 0.7871197108701928, 0.4051959375722981, 0.6864509327801575, 0.7860376464797948, 0.6794602330742759]"
3,100,4,ok,15,-0.7397743479187558,"[2.886952604211532, 2.267439291246244, 1.5632500743302697, 0.5488134698174072, 0.4810522732475229, 0.32381899060053104, 0.1400490681164412, 0.02480601100301252, -0.08964101905719456, -0.21743301499947515, -0.32662925629544376, -0.34789773487264813, -0.41380740830354534, -0.46885476933406905, -0.7397743479187558]","[1.273221565559441, 1.450464854266944, 2.8484178328392167, 1.1408603603771312, 1.485559177228607, 2.312182401180262, 5.645771426104471, -0.2767261156099229, 0.4122695859109112, 0.6656875059679342, 0.9388657170044814, 0.8407237953977139, 0.882591871447294, 0.6337807882270068]"
3,150,1,ok,15,-0.42530851285680704,"[2.6990244434010657, 2.357000208321271, 2.1620393659373685, 0.5362946224783934, 0.4193544390558017, 0.34834461329760963, 0.2979207266418482, 0.12467460230956572, 0.07879143494947972, -0.017285287769726126, -0.07918070142773317, -0.1578980949481947, -0.23183951143098186, -0.354641712065948, -0.42530851285680704]","[1.1451099723590585, 1.0901745109064542, 4.031439576898748, 1.2788576262263698, 1.203849357927417, 1.1692526976022706, 2.3895863401441955, 1.5823369937291512, -4.558294660704288, 0.21830177629206912, 0.5014671105038463, 0.6810663720502217, 0.653728829810831, 0.8338457880464502]"
3,150,2,ok,15,-0.5015838419052603,"[3.2072898570885515, 2.7397093029850974, 1.8130763621880581, 0.5025653340773031, 0.34445910255187845, 0.30577231436638974, 0.039892189169371095, 0.004146122758603278, -0.049111263050805994, -0.10144239622937577, -0.22676378608363656, -0.2644796646059625, -0.39186826125253277, -0.4810202328561676, -0.5015838419052603]","[1.1706679440749403, 1.5110832395822311, 3.60764310478521, 1.4589985584765104, 1.1265215533514015, 7.66496702069084, 9.621564891341942, -0.08442305290161405, 0.4841295639326027, 0.4473483089224886, 0.8573959227507442, 0.6749198410726178, 0.8146606618306373, 0.9590026485482824]"
3,150,3,ok,15,-0.7449341884138542,"[3.2926537171439683, 2.8053616474822847, 2.2735469260072696, 0.5944308436251097, 0.3327132267443253, 0.21908610532796854, 0.16987305810534542, 0.07774732385121255, 0.009215115932627494, -0.1675766461015652, -0.28124103280402585, -0.31569429266077254, -0.384669373554519, -0.6229001706183132, -0.7449341884138542]","[1.173700267877766, 1.233914116920811, 3.824745889937585, 1.7866162083237593, 1.5186413864368928, 1.2897048406116527, 2.184937689050709, 8.436933883374873, -0.054990454499503336, 0.595847072636573, 0.8908651164822665, 0.8206899596492813, 0.6175457829344987, 0.8361814779163498]"
3,150,4,ok,15,-0.6520385205006782,"[2.8963532982887457, 2.5931357903188013, 2.114634425357654, 0.5551351020943056, 0.514373962141785, 0.34596219273118256, 0.2217931647010244, 0.16203661403506567, 0.12401849304988968, 0.022729207153052204, -0.08832697079970793, -0.2532688620279184, -0.3104987965408335, -0.3701751599802204, -0.6520385205006782]","[1.1169308252587369, 1.2262808924432491, 3.809224848834046, 1.0792441743800496, 1.4867924095436078, 1.559841545151029, 1.3687842468309481, 1.3065520314771297, 5.456349278476077, -0.2573303142546734, 0.3487478487978181, 0.8156838765544495, 0.8387888494663565, 0.5677197716723476]"
5,50,1,ok,15,-1.3540410980701605,"[2.8686523118124425, 1.878868583584323, 1.5138413319638908, 1.0894036923354864, 0.7747256710355562, 0.43712453945240703, 0.16488043354149917, 0.06471999536419655, 0.024827156485581384, -0.1666969524159281, -0.37043475003469956, -0.5217455196623212, -0.7952348635559404, -0.8593446799321348, -1.3540410980701605]","[1.5267977424689843, 1.2411264931886132, 1.3896054718875481, 1.4061799331875862, 1.7723225330842043, 2.6511607839894844, 2.5475964980169317, 2.6068227105179496, -0.14893587510607134, 0.450003549613834, 0.7099912429999371, 0.6560898466263222, 0.9253968542852242, 0.6346518441404113]"
5,50,2,ok,15,-0.8948707874480066,"[2.2366450832505893, 1.377502717847983, 1.2315921244089116, 0.7608949541183143, 0.5531643611500211, 0.33559891679309034, 0.1768615612072699, 0.08191808301095868, -0.039603637163756596, -0.16017824134441283, -0.250530492444768, -0.36026218933190096, -0.5101816025480789, -0.6562133672184047, -0.8948707874480066]","[1.6236955864194662, 1.1184731458956831, 1.6186099247247825, 1.3755314108385872, 1.6482900673099259, 1.8975232068645538, 2.1590051269096477, -2.0684484779071326, 0.2472472967074314, 0.6393562706931802, 0.6954115637540864, 0.7061450031372903, 0.7774629838929771, 0.7333051613963113]"
5,50,3,ok,15,-0.9306290152997138,"[2.7147861384181087, 2.0133081806133712, 1.5775838763475232, 1.3933136291486483, 1.0157502171745247, 0.48579950210159684, 0.19392487912519268, 0.03671778294282929, -0.10786791302246942, -0.266561364348741, -0.3783127147089899, -0.5978870607993055, -0.6880946322475834, -0.7262907936446908, -0.9306290152997138]","[1.3484205570510452, 1.276197234770586, 1.1322532438812565, 1.3717089158241855, 2.0908836109965745, 2.5050911687714796, 5.281497508363717, -0.3403957851226879, 0.4046644692339822, 0.704605882870705, 0.6327494597445039, 0.8689023758932328, 0.9474092722483366, 0.7804299905809247]"
5,50,4,ok,15,-1.2357621186218115,"[2.781860747819099, 2.239737455121238, 1.543095713609135, 1.356530643424499, 0.8195677990567861, 0.4159283123924295, 0.1835238861572595, 0.14240777906121574, 0.011684598347397003, -0.17988198205961123, -0.34029183960569515, -0.5529953877087257, -0.673984537323167, -1.0100047637649858, -1.2357621186218115]","[1.242047696911206, 1.4514572462149693, 1.1375310400019134, 1.6551780645673073, 1.9704544620745166, 2.2663442950201333, 1.2887209348189435, 12.187648631751228, -0.06495702467590575, 0.5286109189924891, 0.6153610810673416, 0.8204867576117276, 0.6673082756667016, 0.8173132583894039]"
5,50,5,ok,15,-0.6613085621581075,"[3.5742629165653854, 1.7703498995054283, 1.5952098470552505, 1.2912903150665314, 0.9551486371509639, 0.4521226944078089, 0.41639314568012853, 0.23486385988246752, 0.1685568800844304, 0.08874791932475179, -0.08894113763838181, -0.284330231805255, -0.3487114678961896, -0.4728062476399123, -0.6613085621581075]","[2.0189584655349235, 1.1097912307734845, 1.2353611178235007, 1.3519260404519002, 2.112587244491275, 1.0858072451440584, 1.7729128095250728, 1.393380440862597, 1.8992769787383612, -0.9978275709220674, 0.3128092889513763, 0.8153739064581016, 0.7375356599808874, 0.71495558154723]"
5,50,6,ok,15,-1.0176486544381718,"[4.108785559879626, 2.1666500685283343, 1.6083006821645573, 1.4319921451019866, 0.6493778092591675, 0.35755311559593306, 0.15913530810019297, 0.04874723735940122, -0.15471147238925503, -0.19931712606830926, -0.39015655834484764, -0.46452695996767557, -0.707638043442049, -0.8292777966945554, -1.0176486544381718]","[1.8963770936349031, 1.347167288154298, 1.1231211621276136, 2.2051756692081184, 1.8161715866378367, 2.2468496769479627, 3.264499010003952, -0.31508482600923654, 0.7762076216984629, 0.5108644768496724, 0.8399007850308559, 0.656447126143971, 0.8533184492128523, 0.8148959791553864]"
5,50,7,ok,15,-0.7842850723161943,"[3.1267189284872177, 2.1928759367837167, 1.5743916375265676, 1.2241099659591494, 0.9315414869676018, 0.6313602582225314, 0.42385755830093813, 0.32610943663813785, 0.16593775117970305, 0.002590138188724605, -0.04631143171977898, -0.27098052964099206, -0.32298007581407373, -0.5894057623644612, -0.7842850723161943]","[1.4258530891050614, 1.3928401831635824, 1.2861521279201051, 1.3140691886347762, 1.475451574335975, 1.4895576258056644, 1.2997402426329199, 1.9652516339393808, 64.06521161769037, -0.05592870037784629, 0.17090317072276218, 0.8390007617590144, 0.5479757688801791, 0.7515198021349498]"
5,50,8,ok,15,-1.588745125541896,"[2.773738795383584, 2.316838691130155, 1.7959300433578185, 1.5061654289159374, 0.929561456166765, 0.6809312009566852, 0.40993663986641676, 0.2609792001836759, 0.18363414909289338, -0.012996044573864033, -0.07345818744390063, -0.19809846598810935, -0.31358269668841604, -0.887236014375441, -1.588745125541896]","[1.197208422840415, 1.2900495204136142, 1.1923856495965646, 1.6202967742734469, 1.365132710706695, 1.661064502988988, 1.570763645447244, 1.4211910010901982, -14.130003021241915, 0.17691757755102516, 0.37081653852034313, 0.6317263933250282, 0.3534377455463852, 0.5584508176368558]"
5,75,1,ok,15,-0.8458750220370429,"[3.0442929308950815, 2.4104184613749164, 1.7697282839775652, 1.3515802839595739, 0.7231916279523097, 0.3957806766129247, 0.27269656380427726, 0.19031557154506945, 0.1048070226428437, -0.22913517393124955, -0.26101648372171177, -0.4212913020611192, -0.4979183691208075, -0.6400879036122598, -0.8458750220370429]","[1.2629727906907082, 1.362027427146818, 1.3093771083971348, 1.8689103022203442, 1.8272535034841897, 1.4513592364038321, 1.432865222695132, 1.815866596970488, -0.4574025927345853, 0.8778571018355563, 0.6195629542901044, 0.8461051613842014, 0.7778906089474033, 0.7567168753497355]"
5,75,2,ok,15,-0.774181984127121,"[2.288154919090604, 2.2659478414367835, 1.8717657352500758, 1.2279474102073271, 1.018564241876814, 0.39908913502756593, 0.25411905526353384, 0.15478382560053627, 0.06377787554765257, -0.06195419413396047, -0.11745388177859543, -0.1844693666502356, -0.47991340377880753, -0.6466861056066391, -0.774181984127121]","[1.0098003481138116, 1.2105937184142561, 1.5243044772854288, 1.2055669733159906, 2.552222429724777, 1.5704809488359346, 1.6417675056007492, 2.4269203743684953, -1.0294359637662116, 0.5274767695694063, 0.6367121214293247, 0.3843805261485418, 0.7421118215128706, 0.8353153636554438]"
5,75,3,ok,15,-0.7481361405877168,"[2.8220400810752624, 2.19123295365224, 1.458255670175008, 1.0764161887651056, 0.906852866367159, 0.5191011392535541, 0.48281352082927936, 0.31435282589113045, 0.15496951082481394, -0.04296932868762665, -0.09705924690088104, -0.2008128634406934, -0.3970052871558638, -0.6019103267962905, -0.7481361405877168]","[1.2878777112089446, 1.5026397623328056, 1.354732198749221, 1.1869799707169864, 1.7469675903065363, 1.0751586624209428, 1.5358968683058436, 2.0284817588828306, -3.6065145897761863, 0.4427123644541343, 0.4833318206706703, 0.5058191161113038, 0.6595754707664712, 0.8045465178616354]"
5,75,4,ok,15,-0.6468988892843109,"[2.1739709481907705, 1.7030380545906967, 1.5650688747697936, 1.2208174245338301, 0.6456434901299388, 0.6304913141772863, 0.19795191599180326, 0.14905241187077076, 0.008253423572378054, -0.012485516292576848, -0.19405497649890932, -0.3678509779096744, -0.41920250993886304, -0.5345191194284296, -0.6468988892843109]","[1.276525173545377, 1.0881553406658842, 1.281984384657203, 1.8908537655791045, 1.0240323309963821, 3.1850730568497934, 1.3280691906108077, 18.05946472559682, -0.6610398303901179, 0.06434009844961137, 0.5275369324872623, 0.8775018497940821, 0.7842610202365137, 0.826279235105487]"
5,75,5,ok,15,-0.7606043172890096,"[2.734619985626341, 2.039627568443002, 1.6867801186847498, 1.0311115947411171, 0.5589999055038394, 0.35732691221741, 0.2510111422816198, 0.004658308152986798, -0.025055604710123195, -0.08411061688296878, -0.3631427426278427, -0.4440034939741177, -0.5052652069456062, -0.5669884192033259, -0.7606043172890096]","[1.3407447653366826, 1.2091840221791217, 1.6358851236739824, 1.8445648820132674, 1.5643935186267879, 1.4235500024796115, 53.88461519461253, -0.1859188076632094, 0.29788872842278014, 0.23161860890929972, 0.8178826237998285, 0.8787533514491855, 0.8911384956601991, 0.7454446501490015]"
5,75,6,ok,15,-0.6241910570743683,"[2.2038542125222023, 1.9045609058843853, 1.712930005832206, 1.5359894341116616, 1.0125877737500955, 0.6796469530243279, 0.4135187012368884, 0.29108932070464766, 0.18889543629998456, 0.03543172362497477, -0.1211492640855783, -0.2814670353266629, -0.3748346064909467, -0.5226410053549616, -0.6241910570743683]","[1.1571455686783825, 1.1118731643439674, 1.115196477131288, 1.5168951017679781, 1.4898731896674156, 1.6435700513457194, 1.4205904230216095, 1.5410076940258586, 5.331251685617625, -0.29246338302101654, 0.4304207913547524, 0.7509099492217273, 0.7171932600970921, 0.8373093453222806]"
5,75,7,ok,15,-0.30321302368761976,"[2.279325984163577, 1.7786126398050397, 1.3681847778083238, 1.2237778933554841, 0.8993909698442432, 0.6875733295789916, 0.5163408804136678, 0.27691074146770256, 0.25738256015510985, 0.18176939767965744, 0.04532409793031642, 0.008415741785050312, -0.12081046069783445, -0.1987514627299168, -0.30321302368761976]","[1.281519052070507, 1.2999798482293996, 1.1180008931660708, 1.3606739831593133, 1.3080655271997674, 1.3316267521334755, 1.8646473505394556, 1.0758722009013515, 1.4159840074329222, 4.010436081025131, 5.385633148919797, -0.06966070434992692, 0.6078469010414463, 0.6554845841142933]"
5,75,8,ok,15,-1.060619658700112,"[2.933187654928098, 1.9872532584262161, 1.532811348099899, 0.9228958345928236, 0.7998337198577861, 0.4688079458961754, 0.3260504302916554, 0.21853651613478842, 0.0851878496365182, -0.26203556862219135, -0.314177450048203, -0.391495134916439, -0.6752670166735482, -0.8930044139976655, -1.060619658700112]","[1.476000928664223, 1.2964760868254606, 1.660871455526903, 1.1538596231688238, 1.7061010310497624, 1.4378387584915069, 1.4919723076877223, 2.5653484278244596, -0.32510032925852106, 0.8340368431343124, 0.802506652133139, 0.5797634494943855, 0.756174332499227, 0.8419647954594067]"
5,100,1,ok,15,-0.7797712650164723,"[2.241433135777279, 1.719835498774678, 1.5837636164330517, 1.3754965381315785, 0.9995787754818118, 0.6032726580969113, 0.4427237980511101, 0.29581634599992407, 0.23112294641339606, 0.142922136305833, 0.10127346857050694, -0.10654587437765459, -0.2938548315338704, -0.5666510259347473, -0.7797712650164723]","[1.3032834462215839, 1.0859167876631028, 1.1514122882376536, 1.3760761751554484, 1.6569270330186867, 1.362638874965711, 1.4966170870463789, 1.27990902933028, 1.6171249072209912, 1.4112495436682917, -0.9505151575512021, 0.3625799644726068, 0.5185816632893722, 0.7266887757434572]"
5,100,2,ok,15,-0.69823252572311,"[1.9586581078642598, 1.7639969071072763, 1.4599333830387249, 1.0617656797554782, 0.8596545535828706, 0.3055301892591076, 0.14946898820489565, 0.011407723294747997, -0.08491382150690911, -0.1460597112791975, -0.2854305443835813, -0.32490484577131334, -0.5175973679035829, -0.5675499357067801, -0.69823252572311]","[1.1103523481093867, 1.2082721907733005, 1.375005249157181, 1.2351073757828053, 2.813648483207114, 2.0441042180621407, 13.102438088913823, -0.13434471670574613, 0.5813637502308477, 0.5117171730678983, 0.878505039547744, 0.6277173454093685, 0.9119855986927558, 0.8128380085402193]"
5,100,3,ok,15,-0.673678412260297,"[2.458508235753242, 2.171999111928162, 1.7108661574346706, 1.4503222835804184, 1.0323243075980986, 0.3935490124007366, 0.35614394437674846, 0.07117564447892795, -0.012320509965456422, -0.020124617269511057, -0.18899110413828543, -0.250711419766919, -0.27730584284111315, -0.47921816618162416, -0.673678412260297]","[1.1319103319387345, 1.2695318698599598, 1.1796455014198957, 1.404909554977808, 2.623114974423873, 1.105027948992498, 5.003733327376999, -5.77700474075232, 0.6122108957630754, 0.10648446846887463, 0.7538192887822436, 0.904097141258463, 0.5786630441217747, 0.7113455878358517]"
5,100,4,ok,15,-0.8568777080557038,"[2.3870195481895795, 1.8912736635320955, 1.6191016563231018, 1.496214600639344, 0.8618139995170339, 0.2963319878816605, 0.2251919252895607, 0.1391795715291281, -0.04178316549632022, -0.14491109569675223, -0.21492790801617234, -0.40572446681730534, -0.4942311305965415, -0.6446394886017744, -0.8568777080557038]","[1.2621227663751429, 1.1681006292261369, 1.0821319719987008, 1.736122413279237, 2.9082719205501277, 1.3159085855348724, 1.6179955349440889, -3.3309963444819766, 0.28833655073423525, 0.6742311737657091, 0.5297385925531396, 0.8209204999442107, 0.7666783362411302, 0.752312124053842]"
5,100,5,ok,15,-0.6910336236792138,"[2.3812523343109695, 1.9717528002426608, 1.4613272704105975, 1.2208361954332452, 0.6487116833905587, 0.4001136507204838, 0.304683219705335, 0.2395644286853174, -0.021552520445984817, -0.11473857057950439, -0.19824404038587914, -0.2899992232566182, -0.4398319887011108, -0.531135173968313, -0.6910336236792138]","[1.2076829986080975, 1.349288992388848, 1.1969888146148941, 1.8819395837799906, 1.6213185484234915, 1.3132119685076238, 1.271821619667731, -11.115378792272422, 0.1878402383534201, 0.5787743750388028, 0.6836019702385701, 0.6593409090435396, 0.828098025244607, 0.7686097402040054]"
5,100,6,ok,15,-0.7182708635869463,"[2.2676720958901044, 1.612634195663155, 1.335653815327919, 1.1423337967463567, 0.9270927210252699, 0.47131836712194597, 0.3636354614342327, 0.1362071345834263, 0.08221145858003061, -0.17628706165448163, -0.22682368829804117, -0.3519282563951635, -0.4967561196923322, -0.5494614246689641, -0.7182708635869463]","[1.40619125030868, 1.2073743788672022, 1.1692325125389658, 1.2321677981497388, 1.9670201411552453, 1.2961287253531208, 2.669724038658985, 1.6567901474565419, -0.4663499283978258, 0.7771986381900484, 0.644516841646701, 0.7084527848658042, 0.9040782435120256, 0.7649780222533725]"
5,100,7,ok,15,-0.6600000670859104,"[2.2130932182780505, 1.8462091122703317, 1.2692777897842762, 1.0934286104491315, 0.919476774778884, 0.40261258939812644, 0.37854379954368034, 0.28095476699235716, -0.008503889164895752, -0.0229882752644336, -0.14617460369299812, -0.2339081905729833, -0.342196944289652, -0.60323666497458, -0.6600000670859104]","[1.1987229418213368, 1.4545351121160874, 1.1608236492576445, 1.1891856765083375, 2.283775517684204, 1.0635825758695825, 1.3473478439110373, -33.038385325169195, 0.36992288751877694, 0.15726586345131824, 0.6249229808281945, 0.6835484491497741, 0.5672681455860645, 0.9139948540278834]"
5,100,8,ok,15,-0.42985436598296944,"[2.107861746937041, 1.864252800107458, 1.6639857271460283, 1.5892097936820588, 1.1413091141429603, 0.6677285917960182, 0.5519620818746426, 0.380763172549501, 0.26505758050560324, 0.1765502483435604, 0.12489449000469213, -0.011682660080108938, -0.01797221184460946, -0.18092897398923358, -0.42985436598296944]","[1.1306737727927998, 1.1203538405974889, 1.047052273250041, 1.392444670763397, 1.7092410421922062, 1.2097363455261183, 1.4496204508929627, 1.4365300242429844, 1.5013152515640238, 1.4135951741099837, -10.690586659911407, 0.6500401943355127, 0.09933296723209695, 0.42090761036123076]"
5,150,1,ok,15,-0.35659505228507454,"[2.4528307293827445, 2.155242010326496, 1.4936958000884943, 1.2742358633777342, 0.8876816168878772, 0.6164220505734456, 0.3294887444168738, 0.17889693043030883, 0.15210418172338105, 0.024681108805869913, -0.04184430043830441, -0.11658231639904269, -0.19031751463839736, -0.2971070313707134, -0.35659505228507454]","[1.1380767067597977, 1.442892194112622, 1.1722286611279464, 1.4354649675466724, 1.4400549364872397, 1.8708440303913376, 1.8417797534275169, 1.1761473511336689, 6.162777487825267, -0.5898320332122639, 0.35892493588031, 0.6125674592827082, 0.6405688675907837, 0.833177660393324]"
5,150,2,ok,15,-0.521590260723261,"[2.387154142671341, 1.7564594525408574, 1.6868833623831525, 1.5313816738197967, 1.1026335973383985, 0.4886962543613445, 0.3567682755874163, 0.2098684682644657, 0.10790326194807393, 0.015233159338989149, -0.08684607564298742, -0.1533528284115583, -0.2771258126985729, -0.3963953165555978, -0.521590260723261]","[1.3590715909884137, 1.0412453473128165, 1.1015433913189523, 1.388840025840257, 2.256275933154801, 1.3697861828008944, 1.6999613068973984, 1.94496871063509, 7.083446023694926, -0.17540411844987244, 0.5663154474719931, 0.553368980385666, 0.6991147501605349, 0.7599745363457091]"
5,150,3,ok,15,-0.4451262456097151,"[2.331365053201811, 1.6766637491519605, 1.519864424315892, 1.372967661666928, 1.0556068594063837, 0.45057762197489476, 0.2953730045035348, 0.22302430504612117, 0.10921853856919443, 0.06385831604051286, -0.10004407363297818, -0.1448281340236686, -0.2591187823102392, -0.3554832884748631, -0.4451262456097151]","[1.3904785943997369, 1.1031666524510209, 1.1069921504710576, 1.3006429897954725, 2.3427858107547115, 1.5254529530626166, 1.324398273284394, 2.042000451277107, 1.7103260051502804, -0.6383018375959335, 0.6907778955201372, 0.5589256507475708, 0.7289197290312621, 0.7986122857975655]"
5,150,4,ok,15,-0.5840836244657258,"[2.5425593098702115, 1.559997281623223, 1.4705562950458404, 1.3500516995390255, 0.9418957004473895, 0.4331631182766014, 0.34859494190032514, 0.0765705291002318, -0.059602514479325144, -0.12505209981527166, -0.21395313114437722, -0.2913836965083793, -0.42487004235638515, -0.5162320529531054, -0.5840836244657258]","[1.6298485515465795, 1.060821191870519, 1.0892592450703638, 1.4333346026505553, 2.174459598949352, 1.2425972560452616, 4.552599361616138, -1.2846862211961292, 0.47662146071413947, 0.584483616324762, 0.7342659651454609, 0.6858184090653391, 0.8230214298510062, 0.8838324365373438]"
5,150,5,ok,15,-0.5083297228335847,"[1.9867177496361825, 1.7336608435898775, 1.4061720177725483, 1.2624043869160613, 1.2425336560258393, 0.32890761591795986, 0.2195973634301696, 0.11744082669876599, 0.08106933523411797, -0.05602210165545436, -0.18063341534949873, -0.22930603606591646, -0.30191472480055526, -0.43750984540147936, -0.5083297228335847]","[1.1459667887072433, 1.2328938577060358, 1.1138839759640715, 1.0159921067681799, 3.7777588474441623, 1.49777579648651, 1.8698553952913977, 1.44864672147134, -1.4470955718996126, 0.3101425145898944, 0.7877394701357697, 0.759505970493476, 0.6900752702456427, 0.8606812188015807]"
5,150,6,ok,15,-0.485329965759826,"[2.1100684538643724, 1.7979707178033357, 1.3486904479726505, 1.2168896661417021, 0.9384951161429144, 0.29566632597482484, 0.23940782669278685, 0.10390517194025657, 0.05595834011263667, -0.05067500912379118, -0.15363734386671057, -0.2556244404775288, -0.3581601107746719, -0.4075979137875569, -0.485329965759826]","[1.1735833253404377, 1.333123342354832, 1.1083095579641489, 1.2966393167211685, 3.174169777530988, 1.234990225922021, 2.3040992303101295, 1.8568308447160748, -1.1042591028634872, 0.32983523307819435, 0.6010275996289814, 0.7137155500779621, 0.8787093816219768, 0.8398366936799938]"
5,150,7,ok,15,-0.6576089986040333,"[2.143204760160537, 1.8330491904303303, 1.3386648878957665, 1.0702891926721645, 0.7439261937202458, 0.3821126142481713, 0.1623451872511707, 0.12321320028327276, 0.07316283326861481, -0.016472045219670144, -0.07551858272554719, -0.1627227394568518, -0.28925414598388327, -0.3704584565107617, -0.6576089986040333]","[1.16920198942255, 1.3693114736965137, 1.2507506354927822, 1.4387034650841288, 1.9468768263093428, 2.3537046013996687, 1.3175957355050572, 1.6840955274503895, -4.441636256634797, 0.2181190989710909, 0.46409360472678124, 0.5625597479453879, 0.7808004943611823, 0.5633415255830861]"
5,150,8,ok,15,-0.6857156632319604,"[2.3180363250794396, 1.6165279318835277, 1.587089459545147, 1.0736335922877653, 0.784536136241018, 0.33495726649844726, 0.27392437195870034, 0.20681802099586474, 0.02190041032625551, -0.16140989013410761, -0.1949676444863318, -0.24849217785197067, -0.3733664020645809, -0.48846883616252046, -0.6857156632319604]","[1.4339599578576636, 1.018548716432669, 1.4782412463113024, 1.3684947610340965, 2.342197691193109, 1.2228092889410689, 1.324470520700792, 9.443568312869418, -0.1356819604304267, 0.8278803929716823, 0.7846027435216735, 0.6655450958573106, 0.7643607420235845, 0.7123489550468146]"
