sample_id,orig_node_id,label,label_name,z_pc1,z_pc2,k,pca_used,note,z_1,z_2,z_3
0,35,5,Genetic_Algorithms,2.781689674829084,-0.9206389400525954,3,True,cora_subset_pilot k=3 best,-4.311447338157086,2.6330813813255896,4.601603892295434
1,594649,5,Genetic_Algorithms,1.131792228746086,0.8609169680137447,3,True,cora_subset_pilot k=3 best,0.13834280101971838,0.46850656544196373,1.6121496694039872
2,263498,5,Genetic_Algorithms,1.1124975456573647,0.4482565822464424,3,True,cora_subset_pilot k=3 best,-0.35670209578408,0.45813608369688974,1.5978050916121174
3,594047,5,Genetic_Algorithms,-0.17493893127297683,-1.1526270049490828,3,True,cora_subset_pilot k=3 best,-1.4874167229280943,-0.08359859766467956,-0.06718606715544753
4,1137466,5,Genetic_Algorithms,0.10382138193971946,-0.30734158252013544,3,True,cora_subset_pilot k=3 best,-1.1549982302838968,0.699571006688991,0.6133451713343877
5,1128453,5,Genetic_Algorithms,0.8866384028469274,-0.03431927132014312,3,True,cora_subset_pilot k=3 best,-0.7151454066677031,0.25088724112817035,1.255336827471609
6,1131360,5,Genetic_Algorithms,-0.1657813364158245,-1.0530499029280336,3,True,cora_subset_pilot k=3 best,-1.4272939942694471,-0.008117091991160999,-0.021961754284210534
7,249421,0,Neural_Networks,-0.49910826852814955,-0.8031339390171424,3,True,cora_subset_pilot k=3 best,-1.6242898049047363,0.7652299037085949,-0.013358579633985021
8,206371,5,Genetic_Algorithms,0.051482580942921546,-0.714686810832647,3,True,cora_subset_pilot k=3 best,-1.0958864202955072,0.012212292171986057,0.2211811581252078
9,1154459,5,Genetic_Algorithms,1.1741520626688575,-0.6625228257657323,3,True,cora_subset_pilot k=3 best,-1.3264206884585215,-0.07356222152503722,1.4327913632675198
10,148170,5,Genetic_Algorithms,-1.2467267256408563,0.4357688754018105,3,True,cora_subset_pilot k=3 best,-0.1429154971624783,1.130886167717892,-0.7034170108361067
11,593813,5,Genetic_Algorithms,1.3443569067688306,0.9987976489344883,3,True,cora_subset_pilot k=3 best,0.30075422616006126,0.391724051137335,1.8072207743290385
12,561238,5,Genetic_Algorithms,-0.10029662017056992,-0.2599324288962804,3,True,cora_subset_pilot k=3 best,-0.9718571668344927,0.6256666547594014,0.34629899266013764
13,1123756,5,Genetic_Algorithms,0.1934564865816456,-0.22428782978455486,3,True,cora_subset_pilot k=3 best,-1.005181508528357,0.6034267775895448,0.6627619093897259
14,486840,5,Genetic_Algorithms,-0.8350730016036316,-1.1288650648896286,3,True,cora_subset_pilot k=3 best,-1.8992382617927863,0.7417663037492935,-0.391295329171397
15,85352,5,Genetic_Algorithms,2.953638915761264,0.5581713343871615,3,True,cora_subset_pilot k=3 best,-0.063106561049801,-0.49149389446592734,3.1769768618537477
16,1103960,5,Genetic_Algorithms,-0.16984323918333522,-0.422604398306834,3,True,cora_subset_pilot k=3 best,-1.3038480832718535,0.8193734334847165,0.37086429190583126
17,190697,5,Genetic_Algorithms,-0.033318431590771774,-0.997080059469543,3,True,cora_subset_pilot k=3 best,-1.1222387588178142,-0.35962451707974014,-0.05230548442563464
18,575331,5,Genetic_Algorithms,0.2974084652081919,0.20949900906192093,3,True,cora_subset_pilot k=3 best,-0.7101645779854839,0.864390452187563,0.8973117861179072
19,579008,5,Genetic_Algorithms,1.392107544649136,1.1665543192524428,3,True,cora_subset_pilot k=3 best,0.3871384531336597,0.5245028188675027,1.922407517570797
20,56119,5,Genetic_Algorithms,-1.4571266308765691,-1.6521990594863947,3,True,cora_subset_pilot k=3 best,-2.3338089553128856,0.7285645863223964,-1.0782531462645961
21,1113831,5,Genetic_Algorithms,0.2937638369960478,-0.36783324772457154,3,True,cora_subset_pilot k=3 best,-1.095700923911199,0.45319765542332163,0.7037500813296224
22,1120431,0,Neural_Networks,-1.15107348047675,0.46746503155875613,3,True,cora_subset_pilot k=3 best,-0.1477314956483699,1.1473100006066,-0.5890665293670853
23,82098,5,Genetic_Algorithms,0.5501049368642885,0.1440860670599462,3,True,cora_subset_pilot k=3 best,-0.47294462592677994,0.36043165176094794,0.9284673119863253
24,503893,5,Genetic_Algorithms,1.9951239467044655,-0.6496629292507581,3,True,cora_subset_pilot k=3 best,-0.6374861976242421,-1.256890743672026,1.7556460714369342
25,574462,5,Genetic_Algorithms,1.6174445800635777,-0.5164983465885493,3,True,cora_subset_pilot k=3 best,-0.940685634011706,-0.5133118280924316,1.7031624481105794
26,28290,2,Reinforcement_Learning,-1.420188497701109,-1.4533206485106853,3,True,cora_subset_pilot k=3 best,-1.9424711147679683,0.5296873489888743,-1.1430054639354148
27,1128985,5,Genetic_Algorithms,-0.146046861390293,1.2555058529866274,3,True,cora_subset_pilot k=3 best,0.36475696864134993,1.3182436128648964,0.5978449680865234
28,387795,5,Genetic_Algorithms,-0.1425437640119401,-1.0546130136099392,3,True,cora_subset_pilot k=3 best,-1.4498979489816195,0.00847770202670754,0.012441010992566521
29,78511,5,Genetic_Algorithms,0.5303964193993116,-0.3555129830699756,3,True,cora_subset_pilot k=3 best,-0.8577699552170209,0.07590711446285534,0.778323762799778
30,66563,5,Genetic_Algorithms,0.8412037928829608,1.9196460361561074,3,True,cora_subset_pilot k=3 best,0.9607217802900732,1.1982784040196823,1.6222181429312141
31,84021,5,Genetic_Algorithms,0.10586825265608546,-1.8821428136604677,3,True,cora_subset_pilot k=3 best,-1.9281654860376833,-0.7780546524250431,-0.08037398103017676
32,18582,5,Genetic_Algorithms,-0.4484781010005174,-0.10541928570987277,3,True,cora_subset_pilot k=3 best,-0.7561148735341912,0.7361251119132066,0.00757623568867683
33,1136814,5,Genetic_Algorithms,1.6130426167016734,-0.041884728764482376,3,True,cora_subset_pilot k=3 best,-0.32008263241131835,-0.5551471547989826,1.6628456660611541
34,103515,5,Genetic_Algorithms,1.2418553910829744,1.1576271573633032,3,True,cora_subset_pilot k=3 best,0.12108155634980214,0.9073260813422663,1.9471816528334318
35,98698,5,Genetic_Algorithms,0.39596937245588665,-1.6347046085345167,3,True,cora_subset_pilot k=3 best,-1.7772998922971965,-0.701326534033242,0.27540743705263443
36,574264,5,Genetic_Algorithms,0.5581002024186059,-0.983462900319487,3,True,cora_subset_pilot k=3 best,-1.260828044996629,-0.40477432267311875,0.5864037004496842
37,198653,5,Genetic_Algorithms,-0.9785847240881738,0.3850446949563268,3,True,cora_subset_pilot k=3 best,-0.422726738935259,1.295420798588811,-0.31901531376808256
38,634902,5,Genetic_Algorithms,0.2817783748604424,-0.10630697945653175,3,True,cora_subset_pilot k=3 best,-0.9133684484586406,0.6353294669336645,0.7740908370005204
39,1154176,5,Genetic_Algorithms,-0.3413738507152825,0.26929610137892646,3,True,cora_subset_pilot k=3 best,-0.633618728291238,1.1213710713592018,0.3099807048925705
40,1129573,5,Genetic_Algorithms,-0.7593897876620559,-0.7236452346021658,3,True,cora_subset_pilot k=3 best,-1.4583633595276033,0.7858687460883463,-0.2966481357279224
41,801170,5,Genetic_Algorithms,1.487029768673722,-0.8330281155717372,3,True,cora_subset_pilot k=3 best,-1.0204141899311716,-0.85239628949152,1.3961437680793312
42,265203,5,Genetic_Algorithms,-0.8381218436837545,-0.17953123258336157,3,True,cora_subset_pilot k=3 best,-1.08370395304546,1.192642956757592,-0.19649208833361903
43,593105,5,Genetic_Algorithms,1.0580675322744564,1.1783556088026628,3,True,cora_subset_pilot k=3 best,0.00930083380992302,1.1554625958536635,1.8657526993976365
44,1153280,5,Genetic_Algorithms,1.0434258650633592,-0.5873740215788736,3,True,cora_subset_pilot k=3 best,-1.5360595431766622,0.3610546350418324,1.5029406171688606
45,178727,5,Genetic_Algorithms,0.995889550845009,0.07392851957429017,3,True,cora_subset_pilot k=3 best,-0.78769354495809,0.4663476720316558,1.4827527412853718
46,503883,5,Genetic_Algorithms,0.8685766805975867,-1.6211559019561006,3,True,cora_subset_pilot k=3 best,-1.8597067390627706,-0.7689888464889317,0.7698310746891591
47,190706,5,Genetic_Algorithms,-0.8863222117139766,-1.683054556160671,3,True,cora_subset_pilot k=3 best,-2.0161981126201827,0.047361990502642996,-0.781349444108558
48,307015,5,Genetic_Algorithms,1.4164930077431395,-0.4771154597278054,3,True,cora_subset_pilot k=3 best,-0.8696063485862279,-0.4597042359338833,1.5040699064373941
49,12576,5,Genetic_Algorithms,-2.584791144099778,-1.5967592875629475,3,True,cora_subset_pilot k=3 best,-2.3494292359758977,1.2942696268700142,-2.0571889169780144
50,86359,2,Reinforcement_Learning,-0.2688284611903076,0.5287667401274508,3,True,cora_subset_pilot k=3 best,-0.3555329375885641,1.1451081685225304,0.39527104263304264
51,263279,5,Genetic_Algorithms,-1.279816311014856,-0.31759614826634547,3,True,cora_subset_pilot k=3 best,-1.179317637259077,1.2783199929713454,-0.6434948467845287
52,1033,5,Genetic_Algorithms,-0.8927256353737163,-1.3908937810283117,3,True,cora_subset_pilot k=3 best,-1.9415960482739592,0.4107472800468503,-0.6144754414029795
53,887,5,Genetic_Algorithms,-2.2176554611049144,2.56661664197713,3,True,cora_subset_pilot k=3 best,0.6066298301324791,3.8989294253359055,-0.4613709339087684
54,573978,5,Genetic_Algorithms,1.2934200260866766,-1.6378938801634089,3,True,cora_subset_pilot k=3 best,-1.8585624487309962,-0.969679863115932,1.1447743617361454
55,38205,5,Genetic_Algorithms,-0.6906568826331851,1.7986514415247208,3,True,cora_subset_pilot k=3 best,0.493668522275606,2.223290793594291,0.4274236971911059
56,1128945,5,Genetic_Algorithms,0.3393343775586652,-0.40796601436372176,3,True,cora_subset_pilot k=3 best,-1.0594217251379163,0.32639695093645604,0.6921495068685559
57,576795,5,Genetic_Algorithms,0.3395924076069518,-0.4967733421131147,3,True,cora_subset_pilot k=3 best,-1.4925935177102592,0.734219473562745,0.9003491845306174
58,335733,5,Genetic_Algorithms,-0.03320478809884514,-0.9237922609562095,3,True,cora_subset_pilot k=3 best,-1.370523847666385,0.06748621208363072,0.1605421594974813
59,103482,0,Neural_Networks,-0.49719479101339126,0.19454361318152952,3,True,cora_subset_pilot k=3 best,-0.570890040504587,0.9894224198372423,0.07146340567094299
60,15670,5,Genetic_Algorithms,0.08913802709331861,0.3454839024263983,3,True,cora_subset_pilot k=3 best,-0.40227342336751537,0.7727781035273279,0.6140317057184702
61,248425,5,Genetic_Algorithms,1.3703842013683665,0.48502957736368624,3,True,cora_subset_pilot k=3 best,-0.5361429105270339,0.636511690003043,1.975052216950921
62,231249,5,Genetic_Algorithms,1.0835256662029575,-0.23424851853254186,3,True,cora_subset_pilot k=3 best,-0.661750799607079,-0.2079530453150483,1.2508063486840906
63,646809,5,Genetic_Algorithms,0.6504172503780057,-1.3405172803549226,3,True,cora_subset_pilot k=3 best,-1.6458530942798875,-0.5127993251964976,0.6461384973867952
64,1128959,5,Genetic_Algorithms,0.605418513274208,-0.6535337420750864,3,True,cora_subset_pilot k=3 best,-0.9506034085326559,-0.3015860756502023,0.6813166574554778
65,135130,2,Reinforcement_Learning,-1.11005083441933,-1.3777944980989725,3,True,cora_subset_pilot k=3 best,-1.857765755140804,0.41403329560723096,-0.8564205373935587
66,45599,5,Genetic_Algorithms,-0.9965247813683751,0.07457452996776709,3,True,cora_subset_pilot k=3 best,-0.43359394276299335,0.8330919712850705,-0.5623696026275131
67,41714,5,Genetic_Algorithms,-1.3019901330018375,-1.244090833225585,3,True,cora_subset_pilot k=3 best,-1.860523668160909,0.7039079576342386,-0.9293806550474222
68,593260,5,Genetic_Algorithms,0.6573745172224874,1.408752931973921,3,True,cora_subset_pilot k=3 best,0.5476532413739351,0.9986877770155809,1.3314937019926782
69,1127913,5,Genetic_Algorithms,0.07933156058536467,-0.1928644531033849,3,True,cora_subset_pilot k=3 best,-0.791062613240695,0.4288894407783569,0.44626614358909983
70,46431,0,Neural_Networks,0.31757431020254423,0.1903660896742911,3,True,cora_subset_pilot k=3 best,-0.5668938307725493,0.6457338763121208,0.8104225479415671
71,1119505,5,Genetic_Algorithms,0.8359180338812484,-0.6199997809147482,3,True,cora_subset_pilot k=3 best,-0.9063460785017962,-0.3991484434539562,0.8891534344231325
72,1688,5,Genetic_Algorithms,1.09580817112657,-2.152999254914307,3,True,cora_subset_pilot k=3 best,-2.330580298586806,-1.0958807437842077,0.8756852874787344
73,66556,5,Genetic_Algorithms,1.0195072779355876,1.187951605051514,3,True,cora_subset_pilot k=3 best,0.15697861240612848,0.9999149121005901,1.7440349362993302
74,427606,5,Genetic_Algorithms,0.4086627411536253,1.3047658090801266,3,True,cora_subset_pilot k=3 best,0.3450771390161566,1.1936153539256196,1.1544014165360361
75,1152421,5,Genetic_Algorithms,0.9662365164864362,-0.07393749575811076,3,True,cora_subset_pilot k=3 best,-0.9257437726033299,0.4223027842727961,1.4318711204491663
76,634904,5,Genetic_Algorithms,0.21479618256746424,-0.9969919402213081,3,True,cora_subset_pilot k=3 best,-1.461259164391225,-0.0331636765705123,0.38963501153670793
77,1128314,5,Genetic_Algorithms,0.239674491147791,0.06286236770645816,3,True,cora_subset_pilot k=3 best,-0.6201762642651646,0.5461741232454796,0.6769973795787656
78,259702,5,Genetic_Algorithms,0.785564109196978,-0.44185881075822026,3,True,cora_subset_pilot k=3 best,-0.803886755188719,-0.23047927019729916,0.912301291777309
79,28851,5,Genetic_Algorithms,0.7356169316733943,1.0200191221979091,3,True,cora_subset_pilot k=3 best,0.4127900388672444,0.5316534754483593,1.195771107610032
80,1153943,5,Genetic_Algorithms,1.0989990843825148,0.1455912902030489,3,True,cora_subset_pilot k=3 best,-0.6448841175796576,0.3558123139224363,1.5403504484031172
81,1050679,5,Genetic_Algorithms,0.3293842684297888,1.4105187107202573,3,True,cora_subset_pilot k=3 best,0.4430541412603188,1.2670327186460035,1.0994339175049763
82,1114331,5,Genetic_Algorithms,1.3086237092566861,-1.0482832803111224,3,True,cora_subset_pilot k=3 best,-1.4249713833979485,-0.6046760554769276,1.3276569456609872
83,1129018,5,Genetic_Algorithms,0.5875708877711003,1.5629841538101674,3,True,cora_subset_pilot k=3 best,0.8650121883287532,0.8670967647096095,1.1824985983622813
84,33904,5,Genetic_Algorithms,0.6110797477735812,-1.4919246147098582,3,True,cora_subset_pilot k=3 best,-1.9635534186597876,-0.33188948388788786,0.6977299450593393
85,1113438,5,Genetic_Algorithms,-0.37590694893975146,-0.047777451729661774,3,True,cora_subset_pilot k=3 best,-0.6087303311075484,0.6104421844997423,0.02380010559620556
86,1130856,5,Genetic_Algorithms,2.136860746355662,0.26167341836909797,3,True,cora_subset_pilot k=3 best,-0.8290792974609609,0.34569026450816365,2.693193986078668
87,576725,5,Genetic_Algorithms,-0.262072527214463,-0.9714214763090898,3,True,cora_subset_pilot k=3 best,-1.2933499185740462,-0.010672438652410476,-0.13347061735547355
88,1153577,5,Genetic_Algorithms,0.8864397674419568,-0.6295219526212963,3,True,cora_subset_pilot k=3 best,-1.053411248044245,-0.24913444198359383,1.0214700393112859
89,1129683,5,Genetic_Algorithms,-0.2469405204124594,-0.19181226989988226,3,True,cora_subset_pilot k=3 best,-0.7148404338578844,0.46742631553071134,0.10050461012786674
90,254923,5,Genetic_Algorithms,0.35032636246886656,-0.22965419721276276,3,True,cora_subset_pilot k=3 best,-0.8328996406083616,0.3138938713028307,0.6927717024084075
91,1129027,5,Genetic_Algorithms,0.8716717606538871,1.330010675234788,3,True,cora_subset_pilot k=3 best,0.3336299759840802,1.0586018712213645,1.6038374654433616
92,33907,5,Genetic_Algorithms,1.696788864142314,-0.051798008975137005,3,True,cora_subset_pilot k=3 best,-0.5648380583095378,-0.2961090451105854,1.8872188606322073
93,1130847,5,Genetic_Algorithms,0.8914241981070137,-1.228395990183399,3,True,cora_subset_pilot k=3 best,-1.6552743537937713,-0.4246160982874805,0.9568323207995333
94,1117476,5,Genetic_Algorithms,0.5266310792764779,0.8050774451065588,3,True,cora_subset_pilot k=3 best,0.19463693407909477,0.5572917642453076,0.9812957066297718
95,594900,5,Genetic_Algorithms,0.6558483352773763,0.5677424878225348,3,True,cora_subset_pilot k=3 best,-0.08426291290664512,0.4867923675330113,1.0975918560217817
96,66805,5,Genetic_Algorithms,-0.2750732142126184,0.16870318094337278,3,True,cora_subset_pilot k=3 best,-0.4637624716591672,0.7235676383386763,0.1870287148527815
97,593091,5,Genetic_Algorithms,1.1392537019808735,-0.3078900505050649,3,True,cora_subset_pilot k=3 best,-0.9834752311775824,0.06034363711549427,1.4504094797637168
98,48766,5,Genetic_Algorithms,0.24461048320082507,1.7795790750158766,3,True,cora_subset_pilot k=3 best,0.8269397696538938,1.392110446554253,1.0563593179008879
99,289781,5,Genetic_Algorithms,2.0505498246893277,-0.4476247074974347,3,True,cora_subset_pilot k=3 best,-0.7309290229171327,-0.8471277132736392,2.0177728319510426
100,568857,5,Genetic_Algorithms,-0.568726683229249,-0.8896187555166952,3,True,cora_subset_pilot k=3 best,-1.37870177103083,0.3493086505951849,-0.2979576637031917
101,578780,5,Genetic_Algorithms,0.9179084028374469,1.5456279587660442,3,True,cora_subset_pilot k=3 best,0.8099459248642473,0.7748448620048729,1.5062712370545779
102,1129778,5,Genetic_Algorithms,-0.04225224791352612,0.09507570443221507,3,True,cora_subset_pilot k=3 best,-0.6279438403378246,0.7210477638353867,0.4485288018742541
103,573964,5,Genetic_Algorithms,0.9272166420018018,-1.0478171507914025,3,True,cora_subset_pilot k=3 best,-1.299973781733141,-0.6060761119975754,0.9001155662102224
104,1956,6,Case_Based,-0.36792475739555275,-0.6698207064513555,3,True,cora_subset_pilot k=3 best,-1.276141541853181,0.4803175851582465,-0.013957980073868415
105,1153065,5,Genetic_Algorithms,-0.09284794377298458,-1.343547743916654,3,True,cora_subset_pilot k=3 best,-1.869237908711898,0.0671447349861423,0.10630587887296664
106,735303,5,Genetic_Algorithms,0.1761051710163134,-0.9787178822009188,3,True,cora_subset_pilot k=3 best,-1.2695172335759783,-0.23070820328458877,0.2463747346082943
107,513189,5,Genetic_Algorithms,1.29661827349937,-1.0113676489642243,3,True,cora_subset_pilot k=3 best,-1.688497416525712,-0.21003240300438633,1.5117028614779089
108,1112911,5,Genetic_Algorithms,0.45891827665567014,1.535600974850461,3,True,cora_subset_pilot k=3 best,0.5421295658117722,1.2840335160490544,1.2491686647006348
109,259701,5,Genetic_Algorithms,0.5586932248744241,0.23546642106249832,3,True,cora_subset_pilot k=3 best,-0.31177254888087913,0.2959717666219903,0.902879595442571
110,141347,5,Genetic_Algorithms,0.6874762159367824,-0.8583466554926031,3,True,cora_subset_pilot k=3 best,-1.2908786531940768,-0.22484180357265557,0.8179525663394766
111,273152,5,Genetic_Algorithms,0.16239009909011975,0.041137285835954995,3,True,cora_subset_pilot k=3 best,-0.8630933593363367,0.8501507242255684,0.7441365438153354
112,574009,5,Genetic_Algorithms,1.19480404577672,0.855289947805965,3,True,cora_subset_pilot k=3 best,0.25658302347150885,0.2849705993406762,1.5904739440951052
113,1153853,5,Genetic_Algorithms,0.8015503336576553,-0.30022812066344423,3,True,cora_subset_pilot k=3 best,-0.997732684622894,0.22791605304368504,1.1565902261913532
114,81722,6,Case_Based,-0.05735545786734276,0.2889812697713616,3,True,cora_subset_pilot k=3 best,-0.5224168402442042,0.8960212852596838,0.5138211063957298
115,69296,5,Genetic_Algorithms,1.3250203440101864,-1.0324185896250195,3,True,cora_subset_pilot k=3 best,-1.2292098236583318,-0.833496702751081,1.2303775618592119
116,640617,5,Genetic_Algorithms,1.431483249403575,-0.06363456677369148,3,True,cora_subset_pilot k=3 best,-0.5164078352508432,-0.26744819841410655,1.6051027786311831
117,128540,5,Genetic_Algorithms,0.31637263620089606,-1.237913162368515,3,True,cora_subset_pilot k=3 best,-1.5761053673232177,-0.30483273975052955,0.3738730039284937
118,197054,2,Reinforcement_Learning,-1.3758526187406168,-0.8045840232072432,3,True,cora_subset_pilot k=3 best,-1.5151354339374823,0.9827508910675717,-0.8849937683064183
119,69284,5,Genetic_Algorithms,0.5513081020493884,-0.22486554701537875,3,True,cora_subset_pilot k=3 best,-1.3742463511614282,0.9219988969778649,1.2235565172580303
120,1109199,5,Genetic_Algorithms,0.24363513827008398,-0.3676696316267644,3,True,cora_subset_pilot k=3 best,-1.110636367469625,0.49271970809625554,0.6675360525328408
121,116552,5,Genetic_Algorithms,0.249882860619341,-0.9874881073103441,3,True,cora_subset_pilot k=3 best,-1.3414817540970936,-0.18369806518424495,0.35285923813043674
122,1128227,5,Genetic_Algorithms,-0.4728464045933312,-0.4847299325977667,3,True,cora_subset_pilot k=3 best,-1.1136166612869625,0.6063148357617105,-0.07355914095827837
123,54131,5,Genetic_Algorithms,1.1406811543192825,1.9841624748226074,3,True,cora_subset_pilot k=3 best,0.7448204766599344,1.4488635493763562,2.0815081554236508
124,210872,5,Genetic_Algorithms,0.6498148044218706,0.6210633766912397,3,True,cora_subset_pilot k=3 best,-0.1958023025362222,0.7129022343358229,1.2030141048778045
125,634975,5,Genetic_Algorithms,1.2554076806361079,-0.5225601398643942,3,True,cora_subset_pilot k=3 best,-1.1468064676943555,-0.11526534151804528,1.4985079762038858
126,289779,5,Genetic_Algorithms,1.1264232729444852,0.3842594425144294,3,True,cora_subset_pilot k=3 best,-0.3485633664968096,0.3425653724289954,1.5571638197290096
127,35061,5,Genetic_Algorithms,-0.17088631191796416,0.8885497934336537,3,True,cora_subset_pilot k=3 best,-0.3710020577970187,1.6848019981953801,0.7655961767194399
128,132806,5,Genetic_Algorithms,0.38074530561726444,0.07317807347529394,3,True,cora_subset_pilot k=3 best,-0.7359457175550115,0.6506984653702197,0.8871541033747756
129,577227,5,Genetic_Algorithms,1.287855242639029,-0.5342277150137791,3,True,cora_subset_pilot k=3 best,-0.9145836097895751,-0.43946578340068965,1.3720246384301367
130,286500,5,Genetic_Algorithms,0.06824439853334627,0.1498806977096531,3,True,cora_subset_pilot k=3 best,-0.47653706746382285,0.5704162054308096,0.4947249356812238
131,575077,5,Genetic_Algorithms,0.8055236019572887,0.8798280971061672,3,True,cora_subset_pilot k=3 best,0.07779577951757928,0.707296754919282,1.3666257465457536
132,289780,5,Genetic_Algorithms,1.235636589866423,-0.09712320709255173,3,True,cora_subset_pilot k=3 best,-0.6833165575437304,-0.02929117813473904,1.506795043865342
133,97645,5,Genetic_Algorithms,0.8509519147978521,0.6530856818753936,3,True,cora_subset_pilot k=3 best,-0.3015140008931498,0.8140515304342324,1.478035291706679
134,1131557,5,Genetic_Algorithms,-0.9441256149386976,0.3124878747254689,3,True,cora_subset_pilot k=3 best,-0.4104810463049038,1.1529752257818342,-0.3499438333288312
135,787016,5,Genetic_Algorithms,1.080477881565144,-1.496527056568426,3,True,cora_subset_pilot k=3 best,-1.6411494570665122,-0.9369255956688509,0.9186885866028447
136,27510,4,Theory,0.1241608241921171,-0.0462025555568894,3,True,cora_subset_pilot k=3 best,-0.5201220473206484,0.297312240124522,0.4257893521860286
137,1125386,4,Theory,0.2434322243558134,1.0792914698998486,3,True,cora_subset_pilot k=3 best,0.42038552339206137,0.8149948559786463,0.7857749546018242
138,1131752,5,Genetic_Algorithms,-0.5198376701678273,-0.4488831502232054,3,True,cora_subset_pilot k=3 best,-1.1326925520914028,0.7053306528667314,-0.07740114352213398
139,1133338,5,Genetic_Algorithms,0.7834272674519223,-1.003544722654264,3,True,cora_subset_pilot k=3 best,-1.3786999132263806,-0.3792700118054135,0.8520025417052166
140,1128204,5,Genetic_Algorithms,0.994930314679503,0.28502662165902337,3,True,cora_subset_pilot k=3 best,-0.3450521773885616,0.23725497330763134,1.3600160148764537
141,46079,5,Genetic_Algorithms,0.04061569983574967,0.19533962984413233,3,True,cora_subset_pilot k=3 best,-0.3598536879612667,0.5053248502623683,0.42967722567385114
142,1119708,5,Genetic_Algorithms,1.7048263591539907,0.4531978782355765,3,True,cora_subset_pilot k=3 best,-0.09848623481020845,-0.10122123614718403,1.9790308416892464
143,694759,5,Genetic_Algorithms,-0.313687425106605,-0.5079446526496079,3,True,cora_subset_pilot k=3 best,-1.077973433144544,0.46034920095834214,0.03179872284413025
144,608326,5,Genetic_Algorithms,1.749122132905048,0.04691600847080639,3,True,cora_subset_pilot k=3 best,-0.42110298912659616,-0.34499846683143587,1.9181989765038145
145,141342,5,Genetic_Algorithms,0.7418387763319592,0.0114819700363223,3,True,cora_subset_pilot k=3 best,-0.5515710822676225,0.1749697420193854,1.0537078038293652
146,1103985,5,Genetic_Algorithms,0.5716506923486071,-0.1479804793509522,3,True,cora_subset_pilot k=3 best,-0.666012484673813,0.140393153004717,0.8506721027099337
147,54129,5,Genetic_Algorithms,0.4203266550851434,1.5352621703238194,3,True,cora_subset_pilot k=3 best,0.8255693045378732,0.9418503498812599,1.0337955555133826
148,647408,5,Genetic_Algorithms,0.2369097401686387,-0.9286596548614057,3,True,cora_subset_pilot k=3 best,-1.7105797338331659,0.3785694547757832,0.6195134408170639
149,1127430,5,Genetic_Algorithms,1.508791509969113,-0.526551121847513,3,True,cora_subset_pilot k=3 best,-1.0625248086754355,-0.33104253706226905,1.6735984854872585
150,594543,5,Genetic_Algorithms,0.8179094617194012,1.336682931683825,3,True,cora_subset_pilot k=3 best,0.6721782465910273,0.6640319681095462,1.3449129226439624
151,634938,5,Genetic_Algorithms,0.3192068939930726,-1.3598659443195948,3,True,cora_subset_pilot k=3 best,-1.6285996010954218,-0.4296563333296328,0.31791405843241327
152,1131116,5,Genetic_Algorithms,1.1432085063058917,0.3042428265149323,3,True,cora_subset_pilot k=3 best,-0.2451230287569324,0.08072424924081553,1.4465989894792284
153,647447,5,Genetic_Algorithms,1.5919359213424193,0.16944208884290354,3,True,cora_subset_pilot k=3 best,-0.3058123808963359,-0.23553939611507083,1.793677465724897
154,8865,5,Genetic_Algorithms,0.1905246335108276,-0.44611145505864275,3,True,cora_subset_pilot k=3 best,-0.8794705873272143,0.10077529930028685,0.4132334072275097
155,210871,5,Genetic_Algorithms,0.18585375836832335,0.5740971807449713,3,True,cora_subset_pilot k=3 best,-1.0830504435779444,1.9476484416639985,1.3065861639615437
156,1152508,5,Genetic_Algorithms,0.623955768952785,0.45018517049709555,3,True,cora_subset_pilot k=3 best,-0.22832417419159315,0.498424760920532,1.0713068354193387
157,82920,5,Genetic_Algorithms,1.113513500816652,-1.7205877569186612,3,True,cora_subset_pilot k=3 best,-2.4047955191895545,-0.33633609612733467,1.2646606871678001
158,593240,5,Genetic_Algorithms,0.6789648837517039,0.24656327295364658,3,True,cora_subset_pilot k=3 best,-0.38009618274289064,0.3503669121647197,1.0645104648895605
159,1133196,5,Genetic_Algorithms,0.6181694905394783,-0.21143656728124255,3,True,cora_subset_pilot k=3 best,-0.9024470306928707,0.320759276622013,0.995412516876504
160,44368,5,Genetic_Algorithms,-0.1409883060278895,-2.048106852179464,3,True,cora_subset_pilot k=3 best,-2.165510104920789,-0.636530500778495,-0.28039198727427
161,229635,5,Genetic_Algorithms,-0.4962647244985396,0.05188522994472433,3,True,cora_subset_pilot k=3 best,-0.46344454866520063,0.6314730373337926,-0.10331659889111097
162,415693,5,Genetic_Algorithms,0.03940931853806143,-0.7466288005704114,3,True,cora_subset_pilot k=3 best,-1.2551394992637814,0.1682077336776581,0.28713665628955315
163,287787,5,Genetic_Algorithms,1.5335195182351768,-1.059557361223968,3,True,cora_subset_pilot k=3 best,-1.354228351887132,-0.8031075633106365,1.479816122269378
164,592973,5,Genetic_Algorithms,-0.18734323385971066,-0.8024769112947985,3,True,cora_subset_pilot k=3 best,-1.165478735063767,0.06064692084739855,-0.01905679806190529
165,575292,5,Genetic_Algorithms,1.4789605881456611,0.39013284907363033,3,True,cora_subset_pilot k=3 best,-0.11661070388766295,-0.08447306055716924,1.7366036589576448
166,175291,0,Neural_Networks,0.34444388032720497,0.5524800092018733,3,True,cora_subset_pilot k=3 best,-0.1500777413241599,0.6729632443502215,0.8432548554567784
167,198443,5,Genetic_Algorithms,0.15353180137832378,-1.0300580983846854,3,True,cora_subset_pilot k=3 best,-1.320596592452656,-0.23702751197164548,0.21948437390791864
168,646837,5,Genetic_Algorithms,0.4339092901547386,-0.38181572835615046,3,True,cora_subset_pilot k=3 best,-1.1533711094740857,0.4470143498451297,0.8578940080188728
169,576257,5,Genetic_Algorithms,-0.0035943398645481572,0.7405076418043095,3,True,cora_subset_pilot k=3 best,0.18487022561329847,0.6852332832714083,0.45426870575441863
170,593201,5,Genetic_Algorithms,0.9373320724420158,0.36486461844812346,3,True,cora_subset_pilot k=3 best,-0.2539956177782395,0.27021548657688926,1.3097341220130256
171,1153860,5,Genetic_Algorithms,0.014087140216662075,1.240489454545305,3,True,cora_subset_pilot k=3 best,0.6012346220903344,0.9314125838792964,0.58283585515959
172,1152761,5,Genetic_Algorithms,-0.19246381956316264,1.1877150528317877,3,True,cora_subset_pilot k=3 best,0.5640587342760363,0.9803293951274078,0.3779006875495554
173,1129629,5,Genetic_Algorithms,-0.20365748909710957,0.8056949199767867,3,True,cora_subset_pilot k=3 best,0.1817037695825271,0.8722674771075156,0.32253495713933183
174,650834,5,Genetic_Algorithms,-0.8097340084596201,0.40161720243092947,3,True,cora_subset_pilot k=3 best,-0.31357096307336935,1.114753987541172,-0.2214762731525538
175,87417,5,Genetic_Algorithms,1.3011169475690185,0.5158953959293007,3,True,cora_subset_pilot k=3 best,0.04428691716597951,-0.019059939904901974,1.5667019875117645
176,646900,5,Genetic_Algorithms,-0.13192776007224416,0.13792402232145753,3,True,cora_subset_pilot k=3 best,-0.6642820576919197,0.8701301842038627,0.42190341521247493
177,307656,5,Genetic_Algorithms,-0.045510994607444843,-1.131023316926078,3,True,cora_subset_pilot k=3 best,-1.3145115521255726,-0.32074314468640314,-0.042337255036175504
178,219446,0,Neural_Networks,-0.8564228352118612,0.013213469140389553,3,True,cora_subset_pilot k=3 best,-0.8025044849922115,1.1456082299575412,-0.24646423805573692
179,567018,0,Neural_Networks,-0.9984509140863003,0.04144352146180817,3,True,cora_subset_pilot k=3 best,-0.5934509574090939,0.9838612844441478,-0.4876527340513522
180,18313,2,Reinforcement_Learning,-0.7618461175726576,-0.3665901634275961,3,True,cora_subset_pilot k=3 best,-1.00894107700958,0.776064326816676,-0.3151173281716227
181,1127812,0,Neural_Networks,-0.5491793736739835,-0.018029895528221096,3,True,cora_subset_pilot k=3 best,-0.661891934299088,0.7944205151780187,-0.07842001558317951
182,14062,5,Genetic_Algorithms,1.5315026321498568,-0.8114384453482726,3,True,cora_subset_pilot k=3 best,-1.6271799880726758,-0.07184666379795626,1.8380551175446893
183,1128997,5,Genetic_Algorithms,-0.6924743882057709,1.7024653956375535,3,True,cora_subset_pilot k=3 best,0.6279874073568831,1.9049257743957932,0.26808503886427276
184,33895,5,Genetic_Algorithms,0.6795741969338107,0.12444535215274523,3,True,cora_subset_pilot k=3 best,-0.6616710831800143,0.5150399857275113,1.1517497232099079
185,94639,5,Genetic_Algorithms,0.3900799845019059,0.5634805949778794,3,True,cora_subset_pilot k=3 best,-0.11730496137737897,0.6301622111077978,0.87245399380419
186,124952,3,Probabilistic_Methods,0.03730319151512185,-0.2674060147227411,3,True,cora_subset_pilot k=3 best,-0.6992651221163376,0.21422813655195905,0.29346138692041535
187,28230,3,Probabilistic_Methods,-0.06834706212218587,0.6196122713960184,3,True,cora_subset_pilot k=3 best,-0.22168394793958768,1.0360406980390613,0.561994255950878
188,1128975,5,Genetic_Algorithms,-1.4831802610398457,0.19006266100243796,3,True,cora_subset_pilot k=3 best,-0.47443737881170667,1.262773310350009,-0.8942339017671296
189,35852,2,Reinforcement_Learning,-1.515539683882455,1.02894667657466,3,True,cora_subset_pilot k=3 best,0.2562563053036841,1.6606238321471334,-0.7555790026181592
190,595063,5,Genetic_Algorithms,0.28138014635578334,-0.14578807441855812,3,True,cora_subset_pilot k=3 best,-0.6113288195662432,0.19318668613043724,0.552338869569928
191,152483,5,Genetic_Algorithms,1.3111219349600833,-0.6281880153077586,3,True,cora_subset_pilot k=3 best,-0.8977126087977781,-0.6165019813149549,1.3118105648082654
192,682815,5,Genetic_Algorithms,1.061125050020813,0.8175668587199607,3,True,cora_subset_pilot k=3 best,0.24279983679742875,0.29811702576050714,1.4486325131328264
193,577086,5,Genetic_Algorithms,0.7258555735604539,0.20014061080814566,3,True,cora_subset_pilot k=3 best,-0.4764725943778841,0.3805006765309048,1.1335512127427658
194,576691,5,Genetic_Algorithms,0.9029329130578403,-1.2506230483046843,3,True,cora_subset_pilot k=3 best,-1.3528504465848878,-0.84523601562328,0.7587147934053831
195,3229,0,Neural_Networks,0.09775141512534108,1.3739478248522572,3,True,cora_subset_pilot k=3 best,0.4521503838402359,1.2930558962696004,0.8544200129488104
196,190698,0,Neural_Networks,-0.38561552829976775,-0.9844220718444516,3,True,cora_subset_pilot k=3 best,-1.7312429503304394,0.5715884563791828,0.02167887700319089
197,22229,5,Genetic_Algorithms,-0.9391409945918239,0.7880987538492985,3,True,cora_subset_pilot k=3 best,-0.09448908075826144,1.4929485810195,-0.18764929256312796
198,98693,5,Genetic_Algorithms,1.1616429618228334,0.5376196300627335,3,True,cora_subset_pilot k=3 best,0.0027006554121346625,0.12405410714406478,1.4819831149093308
199,1128978,5,Genetic_Algorithms,0.6755252617093008,1.3138710835793996,3,True,cora_subset_pilot k=3 best,0.5625843753457649,0.8247484190258393,1.267140762976961
200,594387,5,Genetic_Algorithms,1.2742511340590037,2.2164153371951802,3,True,cora_subset_pilot k=3 best,1.219839052309517,1.157038888111756,2.0771119673719984
201,1128943,5,Genetic_Algorithms,0.758124233861734,1.647121331673177,3,True,cora_subset_pilot k=3 best,0.7072535236928137,1.1274727323124563,1.5018473807981283
202,54132,5,Genetic_Algorithms,0.2770571929038067,2.42793782843723,3,True,cora_subset_pilot k=3 best,1.560901238516056,1.4628093859201694,1.1086606452424403
203,593921,5,Genetic_Algorithms,-0.45891808523902483,1.3323876614945536,3,True,cora_subset_pilot k=3 best,0.4683548440203425,1.4348523509301305,0.3040772180976403
204,56115,5,Genetic_Algorithms,-1.4148076424421807,-1.6366846575679428,3,True,cora_subset_pilot k=3 best,-2.345711216103945,0.7504735249523952,-1.020338538133667
205,63832,5,Genetic_Algorithms,-1.2387666913748787,-1.994775397007264,3,True,cora_subset_pilot k=3 best,-2.1065236309966706,-0.1803623095703292,-1.2809413860057886
206,127033,5,Genetic_Algorithms,-1.3008666203234716,-1.815764334209334,3,True,cora_subset_pilot k=3 best,-2.093487916355696,0.10720358580222088,-1.211132194241788
207,83725,5,Genetic_Algorithms,-1.2996625578612837,-1.093973655325183,3,True,cora_subset_pilot k=3 best,-1.4840624072570001,0.46198553669024073,-1.053053270770477
208,1105221,5,Genetic_Algorithms,-1.649459892869434,-0.6783440932532949,3,True,cora_subset_pilot k=3 best,-1.296460847876222,1.0150951931952716,-1.178717643499086
209,56112,5,Genetic_Algorithms,-1.9510383766729573,-1.129687328130315,3,True,cora_subset_pilot k=3 best,-1.612105354318051,0.833372447084025,-1.5940195135853568
210,1104999,5,Genetic_Algorithms,-1.1259613400827757,-1.8582718535265015,3,True,cora_subset_pilot k=3 best,-2.058055060770595,-0.07495119660394549,-1.1057816505651612
211,248431,5,Genetic_Algorithms,0.36970970173288104,-0.3115421947948211,3,True,cora_subset_pilot k=3 best,-0.9140945909791118,0.28088599139145054,0.7003263828354891
212,13686,0,Neural_Networks,-0.17953548768787625,0.7468770693996354,3,True,cora_subset_pilot k=3 best,0.11018827700852521,0.8610390180676468,0.34565564448064423
213,13656,0,Neural_Networks,-1.2072082346540518,-0.10205675909633441,3,True,cora_subset_pilot k=3 best,-0.5089765858789363,0.7390458771592017,-0.8401307300487627
214,13658,0,Neural_Networks,-0.3748899070478375,-0.21403934594667456,3,True,cora_subset_pilot k=3 best,-0.716070927810605,0.4865338225070539,-0.03239330509933398
215,82087,5,Genetic_Algorithms,0.3712194121825487,-0.4670460814416964,3,True,cora_subset_pilot k=3 best,-0.920806326512383,0.046642555914380227,0.588835510080127
216,134219,5,Genetic_Algorithms,0.4027981641399551,-0.9680498095546508,3,True,cora_subset_pilot k=3 best,-1.2641450831181131,-0.3132866318741317,0.4581828474802264
217,1107674,5,Genetic_Algorithms,-0.85183791942949,-1.4868900400976717,3,True,cora_subset_pilot k=3 best,-1.827377369543382,0.1006129091717005,-0.7218876280088373
218,56709,5,Genetic_Algorithms,-1.0510463604813838,-1.3125932688096815,3,True,cora_subset_pilot k=3 best,-1.9495644948939441,0.6072345810228952,-0.6951353961165431
219,308529,2,Reinforcement_Learning,-1.5401927832136828,0.07114051842412808,3,True,cora_subset_pilot k=3 best,-0.6273517606949254,1.2936841008754094,-0.9388873352183116
220,28287,2,Reinforcement_Learning,-1.766739779522107,-1.0566195945444896,3,True,cora_subset_pilot k=3 best,-1.6116853942062535,0.8714653031490193,-1.3708136617287745
221,227178,5,Genetic_Algorithms,-1.374308577738113,0.6741466217648837,3,True,cora_subset_pilot k=3 best,-0.20794240305961573,1.635997949317533,-0.5992050069430985
222,44455,5,Genetic_Algorithms,-1.409792414943012,-0.5939280054646225,3,True,cora_subset_pilot k=3 best,-1.181401344032538,0.9037353746007093,-0.9691016510523998
223,78552,0,Neural_Networks,-0.8297497828000682,-1.0982200422529864,3,True,cora_subset_pilot k=3 best,-1.4564934329700039,0.2290499999422462,-0.6442776963641941
224,78557,0,Neural_Networks,-0.9065234523923873,-0.5561908770855903,3,True,cora_subset_pilot k=3 best,-1.3062245842386513,0.9147131635334081,-0.40152210304415425
225,575402,5,Genetic_Algorithms,0.3991712261871792,0.718951918412049,3,True,cora_subset_pilot k=3 best,-0.3267581416917328,1.1325947363419118,1.1307696044605056
226,9586,5,Genetic_Algorithms,-0.9627459688568931,-0.6888465438344265,3,True,cora_subset_pilot k=3 best,-1.171956434523207,0.5618142314412631,-0.6380207256687926
227,96845,5,Genetic_Algorithms,-1.4913934828921391,0.2637782476383763,3,True,cora_subset_pilot k=3 best,-0.5123360707875949,1.4286693026681987,-0.822168367826204
228,66564,5,Genetic_Algorithms,0.6765478297499925,1.5476144844178854,3,True,cora_subset_pilot k=3 best,0.5499947411650675,1.2041010127686336,1.4521249780224705
229,1123530,5,Genetic_Algorithms,-0.06289225797642548,1.208542177719171,3,True,cora_subset_pilot k=3 best,0.23693972314586512,1.372395492096889,0.7195706739937704
230,143323,6,Case_Based,-1.4302073893682232,-0.4743653283618166,3,True,cora_subset_pilot k=3 best,-0.9753074206903867,0.8383317823669963,-1.0284724446844102
231,1133047,5,Genetic_Algorithms,-0.6228938366765644,-0.08715953415916877,3,True,cora_subset_pilot k=3 best,-0.6967504905681678,0.7608016429490279,-0.17574156377531092
232,509233,4,Theory,-0.5992921176745221,-1.677951085955943,3,True,cora_subset_pilot k=3 best,-1.9736251219101673,-0.11538268620175053,-0.5421935168415521
233,1106298,4,Theory,-1.285701107873464,-0.30081785150059537,3,True,cora_subset_pilot k=3 best,-0.951138802399642,1.0191300459900194,-0.7810191117211995
234,8875,5,Genetic_Algorithms,-1.2603984335810787,-0.2735519208650431,3,True,cora_subset_pilot k=3 best,-1.0153890866188087,1.1322761347589694,-0.6965888568920398
235,1113742,5,Genetic_Algorithms,0.849467791349382,-0.11853582724990797,3,True,cora_subset_pilot k=3 best,-0.5481110766903716,-0.07568231642751037,1.0519450708920914
236,459214,5,Genetic_Algorithms,0.27786200377488246,1.2928151995700043,3,True,cora_subset_pilot k=3 best,0.4504468501742348,1.0954720893585939,0.958998202027729
237,246618,5,Genetic_Algorithms,0.19244285914578846,0.4797691272098889,3,True,cora_subset_pilot k=3 best,-0.43039658159451155,0.9751828084126387,0.8274366510376222
238,815096,0,Neural_Networks,-0.09892234750471454,-0.2905595792880335,3,True,cora_subset_pilot k=3 best,-1.1079770975619485,0.7490586009861178,0.41085653597589217
239,1113551,6,Case_Based,-0.6605387743453837,-1.06398826611189,3,True,cora_subset_pilot k=3 best,-1.5460365525127784,0.3262670384252049,-0.4070297545752372
240,1130539,6,Case_Based,-1.540774678911475,0.17852971567645365,3,True,cora_subset_pilot k=3 best,-0.6566665932752945,1.498069366534647,-0.8399301352456366
241,3084,6,Case_Based,-1.143117392083411,-0.05381668970860101,3,True,cora_subset_pilot k=3 best,-0.7796851835730193,1.1293548869207892,-0.5734508692481534
242,1152896,6,Case_Based,-1.5608272736726643,0.2709757825327116,3,True,cora_subset_pilot k=3 best,-0.4672316861200095,1.4113077772203007,-0.9088241774189061
243,592993,5,Genetic_Algorithms,1.0191245276224468,1.6132460744348616,3,True,cora_subset_pilot k=3 best,0.835646137531015,0.8064470477077821,1.6333999887163702
244,1110546,5,Genetic_Algorithms,0.5950122103430762,-1.0890029870413451,3,True,cora_subset_pilot k=3 best,-1.249345462311767,-0.5986064794050605,0.5333573545951117
245,1131374,5,Genetic_Algorithms,1.155407763263761,-0.5375660147031927,3,True,cora_subset_pilot k=3 best,-0.9045788713147014,-0.403284719876735,1.2421143082578012
246,577331,5,Genetic_Algorithms,0.04917941500941181,-0.14873394886961494,3,True,cora_subset_pilot k=3 best,-0.6466022873613009,0.3277348470676514,0.3602865767381897
247,646836,5,Genetic_Algorithms,1.2307565382030319,-0.8636754962825426,3,True,cora_subset_pilot k=3 best,-1.0763383193435265,-0.7251226105758315,1.174328689565998
248,646913,5,Genetic_Algorithms,-0.49147818830455975,-1.2225414285244547,3,True,cora_subset_pilot k=3 best,-1.6319639626286158,0.11885587666492334,-0.3174238980431535
249,1154076,5,Genetic_Algorithms,-0.37506577115164663,-0.021751473710781177,3,True,cora_subset_pilot k=3 best,-0.6923305537712828,0.7560280372818259,0.09721822031014392
250,647413,5,Genetic_Algorithms,0.17204808937340532,-0.5595656943412037,3,True,cora_subset_pilot k=3 best,-1.0501437919593917,0.14688116972261625,0.4191860065878143
251,144212,5,Genetic_Algorithms,-1.123285853479855,-1.2786162745126866,3,True,cora_subset_pilot k=3 best,-1.5868030410170904,0.23217516688444217,-0.9657439117342058
252,45605,5,Genetic_Algorithms,-1.2875126379592947,-0.013584898605506712,3,True,cora_subset_pilot k=3 best,-0.6407103352565725,1.0756193001198757,-0.7632965302550236
253,182094,5,Genetic_Algorithms,-0.6921426663830066,-0.938956186056878,3,True,cora_subset_pilot k=3 best,-1.4785403327717976,0.448696730541463,-0.3845638649587513
254,643199,5,Genetic_Algorithms,0.0005822189060392668,1.2787644639685347,3,True,cora_subset_pilot k=3 best,0.4599186898693357,1.1746896657248092,0.6889906346469984
255,39474,5,Genetic_Algorithms,0.22091792389030895,-1.308295041121447,3,True,cora_subset_pilot k=3 best,-1.4840006125656189,-0.4916260059144128,0.17517855319724399
256,1131198,5,Genetic_Algorithms,-0.15306097729343876,0.5967401622968915,3,True,cora_subset_pilot k=3 best,0.0715931314855766,0.6651755511704469,0.2812540065714547
257,575795,5,Genetic_Algorithms,-0.8382254433233067,0.65053340352269,3,True,cora_subset_pilot k=3 best,-0.2519600198654205,1.4362002448110438,-0.09911892041131783
258,574710,5,Genetic_Algorithms,-0.5622715245550952,-1.2830025306256303,3,True,cora_subset_pilot k=3 best,-1.4442499285583854,-0.18309924564917876,-0.546772921739097
259,416455,5,Genetic_Algorithms,-1.6636366750387774,-1.1041856664746468,3,True,cora_subset_pilot k=3 best,-1.3977730371864108,0.4856619594907711,-1.4481440959536562
260,62718,6,Case_Based,-1.317819598298827,-1.165626054154874,3,True,cora_subset_pilot k=3 best,-1.680265782330856,0.605229765589451,-0.9991231118141254
261,6213,2,Reinforcement_Learning,-2.9034766726764545,1.7453028173753058,3,True,cora_subset_pilot k=3 best,0.4440421262972405,3.104881431212038,-1.6036319517424893
262,1071981,2,Reinforcement_Learning,-0.8572827703239343,0.6528045990597235,3,True,cora_subset_pilot k=3 best,0.0060355995531648126,1.1221994506240451,-0.27852837040361333
263,1152944,2,Reinforcement_Learning,-0.7770748552494755,1.2468424999027963,3,True,cora_subset_pilot k=3 best,0.2992297338182223,1.6446221697311632,0.056182762445810296
264,1152740,2,Reinforcement_Learning,-0.8515735288976285,0.36627699865776314,3,True,cora_subset_pilot k=3 best,-0.43280161873260103,1.2271293669854184,-0.21067963921690763
265,168332,2,Reinforcement_Learning,-1.6082650180579912,0.2545780048907611,3,True,cora_subset_pilot k=3 best,-0.36785066772061487,1.2798087238595786,-1.027589280179319
266,18834,2,Reinforcement_Learning,-2.446517614632099,0.46765009904599814,3,True,cora_subset_pilot k=3 best,-0.21780190380142517,1.7640460907559803,-1.7284105938065395
267,1133469,2,Reinforcement_Learning,-1.0420533930604916,0.5122582423090878,3,True,cora_subset_pilot k=3 best,-0.25555697275390166,1.308558612827021,-0.3872732030675992
268,8224,4,Theory,-0.302520023770416,0.7486985022080492,3,True,cora_subset_pilot k=3 best,0.03714146057802599,1.0061145163618097,0.280978002703454
269,1114502,5,Genetic_Algorithms,-0.7998965084196747,0.3332169820095302,3,True,cora_subset_pilot k=3 best,-0.4226660071196418,1.1418146054452265,-0.19478334991231075
270,3231,4,Theory,-0.4811243780763821,0.5762012672321442,3,True,cora_subset_pilot k=3 best,-0.32831463325515386,1.2711793801537397,0.21970589052755918
271,1034,5,Genetic_Algorithms,-0.16931358969775118,0.29316013711088357,3,True,cora_subset_pilot k=3 best,-0.4983948646858123,0.9178782980522767,0.3994045057484811
272,1107062,5,Genetic_Algorithms,-0.5081444324949497,-0.8941928415704112,3,True,cora_subset_pilot k=3 best,-1.2557451402783517,0.1624554400405549,-0.3240533956839987
273,1111304,2,Reinforcement_Learning,-1.5806744440949108,1.7493621397605799,3,True,cora_subset_pilot k=3 best,0.7681027360584294,2.1633452990501207,-0.5972491472150381
274,17476,2,Reinforcement_Learning,-1.71293385730603,0.8556496688557702,3,True,cora_subset_pilot k=3 best,-0.0036615073188120766,1.7990306674536045,-0.9015921346419798
275,134128,2,Reinforcement_Learning,-0.9896087616651774,1.728516809643814,3,True,cora_subset_pilot k=3 best,1.0630517505132235,1.5180412341127612,-0.25990881628619766
276,299197,0,Neural_Networks,-1.6524618253606738,0.28873925061263556,3,True,cora_subset_pilot k=3 best,-0.6834419715113542,1.7489361936876795,-0.8420022732840865
277,19045,5,Genetic_Algorithms,0.6417608567994244,0.5611257607103577,3,True,cora_subset_pilot k=3 best,-0.011675688424558253,0.39070930997808845,1.0336750410567555
278,10796,6,Case_Based,-1.2838918681091465,0.6980092098981938,3,True,cora_subset_pilot k=3 best,-0.13478430046611287,1.5440438943716175,-0.5450168336526519
279,114308,2,Reinforcement_Learning,-0.83995929951369,0.9978851567837577,3,True,cora_subset_pilot k=3 best,0.3241310043376132,1.2512790075087958,-0.2046103231750664
280,334153,4,Theory,-1.3640134979650982,1.279096450849955,3,True,cora_subset_pilot k=3 best,0.31697534202408423,1.911729740253747,-0.4672031663006513
281,20972,2,Reinforcement_Learning,0.041727230536718424,1.575963585083354,3,True,cora_subset_pilot k=3 best,0.6799897777595784,1.3431140749303685,0.8108126987336358
282,1113614,2,Reinforcement_Learning,-1.271743422613895,1.758467468220847,3,True,cora_subset_pilot k=3 best,1.0514965528990996,1.6942528584468057,-0.48786840715033547
283,6215,2,Reinforcement_Learning,-0.32383260700936656,2.3539195957780845,3,True,cora_subset_pilot k=3 best,1.4203537369443517,1.7697491507694647,0.5929174963050142
284,1105033,2,Reinforcement_Learning,-1.7205472670234145,0.612018407776699,3,True,cora_subset_pilot k=3 best,-0.17430718305111378,1.6380118528991208,-0.983781410574176
285,161221,0,Neural_Networks,-1.5826371782971522,1.3394192453521985,3,True,cora_subset_pilot k=3 best,0.49919054891705283,1.8650102841363059,-0.737192164038699
286,64519,2,Reinforcement_Learning,-0.6321501682199884,-0.22772537665359505,3,True,cora_subset_pilot k=3 best,-0.870428745682088,0.7647301344104582,-0.17987670819366647
287,87363,5,Genetic_Algorithms,0.28069157730980554,1.5096131119017955,3,True,cora_subset_pilot k=3 best,0.6009969922883934,1.2420048709316571,1.0293548466273623
288,976334,2,Reinforcement_Learning,-0.15818508681854798,1.2265049194479654,3,True,cora_subset_pilot k=3 best,0.35005972292764453,1.2965744415551552,0.5742329497461364
289,28456,4,Theory,-1.102381437774673,1.0973157894576024,3,True,cora_subset_pilot k=3 best,0.2966048061192378,1.5477599173391456,-0.3520861258779714
290,299195,0,Neural_Networks,-1.9742658622923495,0.9731042626612272,3,True,cora_subset_pilot k=3 best,0.01557559304157537,2.064163525627854,-1.0641677410463233
291,595056,5,Genetic_Algorithms,-0.7295259901643241,1.7984877135700204,3,True,cora_subset_pilot k=3 best,0.6850511209759571,1.9975677267766228,0.2703408607351587
292,170798,6,Case_Based,-1.1757274851335076,-0.09410033728259759,3,True,cora_subset_pilot k=3 best,-0.7578951922889564,1.0524595245508956,-0.6474229924089664
293,6151,2,Reinforcement_Learning,-1.9538481090697541,0.4555289093429661,3,True,cora_subset_pilot k=3 best,-0.1898964116758037,1.5091496945107516,-1.3049819973456134
294,35490,6,Case_Based,-0.7228222079394606,0.3190007353075053,3,True,cora_subset_pilot k=3 best,-0.41031357920352496,1.07268756264036,-0.14288875947071372
295,606647,5,Genetic_Algorithms,-1.2749767191796266,0.6375684604107918,3,True,cora_subset_pilot k=3 best,0.009477819015923032,1.2644150730922585,-0.6739315352179498
296,117316,5,Genetic_Algorithms,-1.3934486682959053,1.1852330749631135,3,True,cora_subset_pilot k=3 best,0.4901185115777292,1.559285856398579,-0.674667673431997
297,593060,5,Genetic_Algorithms,-1.3531111417340598,1.2490474075949347,3,True,cora_subset_pilot k=3 best,0.35176515243260714,1.8166382094897786,-0.5019476587838718
298,108047,5,Genetic_Algorithms,-0.2664202158265197,0.8537141097349443,3,True,cora_subset_pilot k=3 best,-0.3678134188425672,1.6654937814207584,0.6500225856282872
299,592975,5,Genetic_Algorithms,0.41479386606907603,1.283412334030149,3,True,cora_subset_pilot k=3 best,0.4446061184217845,1.0323769227674744,1.0807678401182996
