trial,y_obs_rate,condition,block,t_block,t_block_share,fnorm_mean,eta_min,eta_max,eta_var,to_dim1,to_dim1_share,to_dim2,to_dim2_share,to_dim3,to_dim3_share,t_total
0,1.0,y_only,bern,0.0,,0.0,,,,0.0,,0.0,,0.0,,0.0
0,1.0,y_only,gauss,0.0,,0.0,,,,0.0,,0.0,,0.0,,0.0
0,1.0,y_only,pois,0.0,,0.0,,,,0.0,,0.0,,0.0,,0.0
0,1.0,single_bernoulli,bern,0.5748022104530262,1.0,0.9361829062635264,-3.0703717421635206,3.1168925382025234,0.8788617854632924,0.525390471991002,0.9140369720863101,0.02020543348829899,0.035151975968175604,0.029206304973724975,0.05081105194551399,0.5748022104530262
0,1.0,single_bernoulli,gauss,,,,,,,,,,,,,0.5748022104530262
0,1.0,single_bernoulli,pois,,,,,,,,,,,,,0.5748022104530262
0,1.0,single_gaussian,bern,,,,,,,,,,,,,40.8788854210474
0,1.0,single_gaussian,gauss,40.8788854210474,1.0,0.9788333691093319,-2.714661717840535,2.425604463665929,0.9152652727146692,0.23705871611611853,0.005799050381986775,39.180983418954355,0.95846506125094,1.4608432859769815,0.03573588836707456,40.8788854210474
0,1.0,single_gaussian,pois,,,,,,,,,,,,,40.8788854210474
0,1.0,single_poisson,bern,,,,,,,,,,,,,5.36579185034102
0,1.0,single_poisson,gauss,,,,,,,,,,,,,5.36579185034102
0,1.0,single_poisson,pois,5.36579185034102,1.0,1.0081345298383477,-2.584146823731626,2.5732672196949857,1.0899934688111987,0.15684188004004612,0.029229959792435506,0.10999902743789257,0.020500054885822985,5.098950942863072,0.9502699853217399,5.36579185034102
0,1.0,per_column_all,bern,0.5708137702239289,0.012763687804486537,0.9426026269774179,-2.880433957360398,3.3705673084338375,0.897805934509474,0.5241505179992915,0.011720273622127844,0.023328122146769152,0.0005216287407178036,0.02333513007786846,0.0005217854416408943,44.721696344161856
0,1.0,per_column_all,gauss,38.60189650225175,0.8631581459966464,0.9687302956260521,-2.973719922329725,2.3820302920433316,0.9496320965816835,0.1535096041791089,0.0034325532510608497,37.01137241527173,0.827593214050865,1.4370144828009537,0.03213237869472156,44.721696344161856
0,1.0,per_column_all,pois,5.5489860716861745,0.12407816619886694,1.0284235219104247,-2.446990888894699,2.6295747051549605,1.09937740079011,0.1995182005641481,0.004461328994068758,0.15320519811697225,0.0034257465758445508,5.196262673005053,0.11619109062895361,44.721696344161856
0,1.0,all_gaussian,bern,0.4079185641274712,0.010368797894944399,0.23886429943388265,-0.6880461945902802,0.7291779314233602,0.05364793277956278,0.37657219156238664,0.009572010912321504,0.015604713714362558,0.00039665300121553344,0.015741658850721985,0.00040013398140736103,39.34096973057633
0,1.0,all_gaussian,gauss,37.20135514368248,0.945613577866869,0.9613800345618033,-2.935068953949901,2.34615640070671,0.9479181978754657,0.16506684884660697,0.004195800204648102,35.68038768215645,0.9069524194881544,1.3559006126794686,0.03446535817406769,39.34096973057633
0,1.0,all_gaussian,pois,1.7316960227663845,0.044017624238186656,1.9685427534045352,-4.385806747050706,5.838305437535047,4.124266460188449,0.021042356156521558,0.0005348713135601015,0.06688498890761309,0.001700135745653193,1.643768677702252,0.04178261717897342,39.34096973057633
0,0.1,y_only,bern,0.0,,0.0,,,,0.0,,0.0,,0.0,,0.0
0,0.1,y_only,gauss,0.0,,0.0,,,,0.0,,0.0,,0.0,,0.0
0,0.1,y_only,pois,0.0,,0.0,,,,0.0,,0.0,,0.0,,0.0
0,0.1,single_bernoulli,bern,0.8079472680574281,1.0,1.0787139741103053,-3.7337644001395027,5.049933747854295,1.2144324295764384,0.4558302156005942,0.5641831263277374,0.3097012737851437,0.3833186719348254,0.0424157786716899,0.05249820173743694,0.8079472680574281
0,0.1,single_bernoulli,gauss,,,,,,,,,,,,,0.8079472680574281
0,0.1,single_bernoulli,pois,,,,,,,,,,,,,0.8079472680574281
0,0.1,single_gaussian,bern,,,,,,,,,,,,,32.79346478639873
0,0.1,single_gaussian,gauss,32.79346478639873,1.0,0.972404506357568,-3.068946940269771,2.7591181361575035,0.9134891141118011,0.08787745614746797,0.002679724656112447,31.41457216463636,0.9579522130173244,1.2910151656148963,0.039368062326563064,32.79346478639873
0,0.1,single_gaussian,pois,,,,,,,,,,,,,32.79346478639873
0,0.1,single_poisson,bern,,,,,,,,,,,,,4.955059898871486
0,0.1,single_poisson,gauss,,,,,,,,,,,,,4.955059898871486
0,0.1,single_poisson,pois,4.955059898871486,1.0,0.9770566350336054,-2.627710112383733,2.527399833692127,1.0444306400707601,0.11970950175707448,0.024159042312351924,0.40198489729450393,0.08112614287186637,4.433365499819912,0.8947148148157825,4.955059898871486
0,0.1,per_column_all,bern,0.06731076463140856,0.001035893567529071,0.3013408147312111,-0.8333105500055679,0.7499069699249471,0.06933029199303259,0.024690536729053733,0.00037998035405665853,0.03465634927809526,0.0005333513812806674,0.007963878624259544,0.00012256183219174483,64.97845603189303
0,0.1,per_column_all,gauss,61.082157193780205,0.9400370664978492,1.2686109295213048,-2.599303917023812,2.27220849524799,0.9272249914867269,4.3724422378587064,0.06729064531346518,56.08170384667026,0.8630815084178666,0.6280111092512027,0.009664912766516941,64.97845603189303
0,0.1,per_column_all,pois,3.82898807348142,0.058927039934621686,0.8451504625562557,-2.17296968959127,2.8280435661793915,0.9553651490215457,0.14172361997710453,0.002181086295856939,0.19948715012097612,0.003070050633752561,3.48777730338334,0.053675903005012196,64.97845603189303
0,0.1,all_gaussian,bern,2.9342332845619326,0.04799501843786475,0.4805999520709036,-0.29676479323118243,1.2039643422613109,0.09275454457161891,2.6346204644298146,0.04309427557528472,0.15225918729938898,0.002490491311722503,0.14735363283272812,0.002410251550857515,61.13620496595175
0,0.1,all_gaussian,gauss,46.56707366403885,0.7616938880974571,1.185688425300043,-2.578143675038204,2.437255122976659,0.9138093883263119,0.3687388825579955,0.006031432320068856,45.91883141760313,0.7510906416774881,0.27950336387764113,0.004571814099898798,61.13620496595175
0,0.1,all_gaussian,pois,11.63489801735096,0.1903110934646781,2.6023784005228268,-1.893607889887521,15.022235145519776,5.8029016954701484,1.6551835166430577,0.027073703995281848,0.11848317846970709,0.0019380198449624618,9.861231322238183,0.1612993696244336,61.13620496595175
1,1.0,y_only,bern,0.0,,0.0,,,,0.0,,0.0,,0.0,,0.0
1,1.0,y_only,gauss,0.0,,0.0,,,,0.0,,0.0,,0.0,,0.0
1,1.0,y_only,pois,0.0,,0.0,,,,0.0,,0.0,,0.0,,0.0
1,1.0,single_bernoulli,bern,1.0349920114824511,1.0,1.3661948902549632,-4.456338888774168,4.556890767214811,1.9847073973103753,0.80610059205531,0.7788471631783005,0.09405683657885269,0.0908768720293137,0.13483458284828864,0.13027596479238607,1.0349920114824511
1,1.0,single_bernoulli,gauss,,,,,,,,,,,,,1.0349920114824511
1,1.0,single_bernoulli,pois,,,,,,,,,,,,,1.0349920114824511
1,1.0,single_gaussian,bern,,,,,,,,,,,,,29.109335186622953
1,1.0,single_gaussian,gauss,29.109335186622953,1.0,0.996575442243211,-2.8229686999398726,2.2569760180904965,0.9331442640256505,0.7669560764299558,0.026347426745163407,27.33124882888705,0.9389169712624349,1.011130281305944,0.03473560199240152,29.109335186622953
1,1.0,single_gaussian,pois,,,,,,,,,,,,,29.109335186622953
1,1.0,single_poisson,bern,,,,,,,,,,,,,4.084873514695595
1,1.0,single_poisson,gauss,,,,,,,,,,,,,4.084873514695595
1,1.0,single_poisson,pois,4.084873514695595,1.0,0.9340426889145953,-2.5264634895401112,2.83116987841379,0.8857233118567739,0.14450047507621522,0.035374528625272114,0.26987510859292063,0.06606694371858213,3.6704979310264583,0.8985585276561456,4.084873514695595
1,1.0,per_column_all,bern,1.0865334571228864,0.030215549066342728,1.393196820023448,-3.8711231366188366,4.771608701635953,2.0152794583998945,0.8888103262235274,0.024717041013898287,0.06633385717558866,0.0018446867909214166,0.13138927372377018,0.0036538212615230205,35.95941462911168
1,1.0,per_column_all,gauss,30.779807441421234,0.8559596355749021,1.010953379634605,-2.5879403192060098,2.522964401527301,0.9281281564874136,0.6276144933489274,0.01745341240457316,29.49273158032595,0.8201671769275551,0.6594613677463685,0.018339046242774156,35.95941462911168
1,1.0,per_column_all,pois,4.093073730567549,0.11382481535875497,0.9212819422258108,-2.7160284350207986,2.6854562543696106,0.8405634350919854,0.10459023858028679,0.0029085634362805684,0.28207657610505255,0.007844303891328968,3.7064069158822104,0.10307194803114546,35.95941462911168
1,1.0,all_gaussian,bern,0.5545338875131832,0.017191984459602388,0.27894655893466996,-0.8734213572476823,0.9111487733228246,0.0819223173797057,0.43016948478901584,0.013336366386287097,0.017562181058951035,0.0005444730261593467,0.10680222166521665,0.003311145047155955,32.255373939885956
1,1.0,all_gaussian,gauss,30.304460992154944,0.9395166538336555,1.0018270094254544,-2.5816710290894447,2.454869521017246,0.9168968629009461,0.7070119129496923,0.021919197534877255,28.810515031163533,0.8932004659086398,0.7869340480417251,0.024396990390138613,32.255373939885956
1,1.0,all_gaussian,pois,1.3963790602178254,0.04329136170674208,1.4260618011094657,-4.360943048685473,5.306457721699755,2.2061980380377073,0.05612063488084903,0.0017398848013804008,0.09672741501475132,0.00299879998895754,1.2435310103222252,0.03855267691640415,32.255373939885956
1,0.1,y_only,bern,0.0,,0.0,,,,0.0,,0.0,,0.0,,0.0
1,0.1,y_only,gauss,0.0,,0.0,,,,0.0,,0.0,,0.0,,0.0
1,0.1,y_only,pois,0.0,,0.0,,,,0.0,,0.0,,0.0,,0.0
1,0.1,single_bernoulli,bern,1.0002983422868872,1.0,1.2362453391455943,-4.693277358144006,5.441582676389483,1.7801043421473115,0.14324059537758194,0.14319787339655543,0.7344808021725652,0.7342617408456276,0.12257694473674112,0.12254038575781809,1.0002983422868872
1,0.1,single_bernoulli,gauss,,,,,,,,,,,,,1.0002983422868872
1,0.1,single_bernoulli,pois,,,,,,,,,,,,,1.0002983422868872
1,0.1,single_gaussian,bern,,,,,,,,,,,,,24.139602551258772
1,0.1,single_gaussian,gauss,24.139602551258772,1.0,0.9779764703523357,-2.687365076627398,2.35477487273969,0.9068793731975935,0.31701693335535897,0.013132649250632669,23.448066458194322,0.9713526313618454,0.374519159709068,0.01551471938752109,24.139602551258772
1,0.1,single_gaussian,pois,,,,,,,,,,,,,24.139602551258772
1,0.1,single_poisson,bern,,,,,,,,,,,,,2.4652906624671003
1,0.1,single_poisson,gauss,,,,,,,,,,,,,2.4652906624671003
1,0.1,single_poisson,pois,2.4652906624671003,1.0,0.7299924915024928,-1.5658955191626545,2.68076350247743,0.5306979934146159,0.025603493236781804,0.010385588047114702,0.21390095892755107,0.08676500592165189,2.225786210302767,0.9028494060312332,2.4652906624671003
1,0.1,per_column_all,bern,0.9682184258707579,0.031831331951761764,1.2902236896195938,-5.263456127766401,5.98370225781122,2.1428633945944435,0.6175961312111766,0.020304207128703143,0.08415519235850866,0.0027667020084015926,0.2664671023010735,0.00876042281465706,30.41715085432264
1,0.1,per_column_all,gauss,26.530738871242896,0.8722295851543427,0.9799985529971623,-2.262079588681837,2.4902434423820403,0.9277612020301229,0.7411856800067794,0.024367360491998485,25.47981758824351,0.8376792984416725,0.30973560299262926,0.01018292622067238,30.41715085432264
1,0.1,per_column_all,pois,2.918193557208988,0.09593908289389563,0.7681631695383829,-1.5144556118260066,2.7626527399211764,0.6300144107506666,0.09401174984070162,0.0030907480549691732,0.2821207653180672,0.009275055598377139,2.542061042050222,0.08357327924054941,30.41715085432264
1,0.1,all_gaussian,bern,3.3735417941375667,0.08934575536092865,0.5098620072859343,-0.3439262993889991,1.7754339404478723,0.12059511729843637,2.0649517470366434,0.05468871734254697,0.024894856720022018,0.0006593218385845072,1.2836951903809006,0.033997716179797154,37.75827716167962
1,0.1,all_gaussian,gauss,21.90059250430997,0.5800209689264263,0.9429353521711037,-2.1655187274413867,2.626175886316086,0.8808590216555108,0.2499128370352047,0.006618756358111539,21.249781310975294,0.5627847165797442,0.4008983562994538,0.010617495988570164,37.75827716167962
1,0.1,all_gaussian,pois,12.484142863232087,0.33063327571264506,2.4464898656516985,-1.252196669820226,11.725970769063178,2.935125030016047,1.3800147933120406,0.036548669511664036,0.23110093481112867,0.006120537063212989,10.873027135108913,0.2879640691377679,37.75827716167962
2,1.0,y_only,bern,0.0,,0.0,,,,0.0,,0.0,,0.0,,0.0
2,1.0,y_only,gauss,0.0,,0.0,,,,0.0,,0.0,,0.0,,0.0
2,1.0,y_only,pois,0.0,,0.0,,,,0.0,,0.0,,0.0,,0.0
2,1.0,single_bernoulli,bern,0.7774533957351524,1.0,1.1359197666046497,-3.210357993591178,3.1708936614922227,1.408699795701107,0.7313117761762082,0.9406503080286721,0.01985046097679278,0.0255326699782723,0.026291158582151603,0.033817021993055855,0.7774533957351524
2,1.0,single_bernoulli,gauss,,,,,,,,,,,,,0.7774533957351524
2,1.0,single_bernoulli,pois,,,,,,,,,,,,,0.7774533957351524
2,1.0,single_gaussian,bern,,,,,,,,,,,,,43.33995771682446
2,1.0,single_gaussian,gauss,43.33995771682446,1.0,0.9895938768012043,-2.927107156455207,2.507628918255294,0.9920937078442421,0.6349193060399856,0.014649744473412617,39.62632742223379,0.914313938217133,3.0787109885506476,0.07103631730945367,43.33995771682446
2,1.0,single_gaussian,pois,,,,,,,,,,,,,43.33995771682446
2,1.0,single_poisson,bern,,,,,,,,,,,,,4.435004048804653
2,1.0,single_poisson,gauss,,,,,,,,,,,,,4.435004048804653
2,1.0,single_poisson,pois,4.435004048804653,1.0,0.9628731688418187,-2.2722916009520535,2.366433656947135,0.8731250321724496,0.12545278026264342,0.028286959579316765,0.0709952574888904,0.016007935214405373,4.23855601105312,0.9557051052062782,4.435004048804653
2,1.0,per_column_all,bern,0.747417218226762,0.015251103248463453,1.1202510279822215,-3.103550834690085,2.7763283879833094,1.289537215548131,0.7081832171834465,0.014450530574767851,0.016995646506872904,0.0003467974155929405,0.022238354536441674,0.00045377525810264197,49.00741972893431
2,1.0,per_column_all,gauss,43.64103141746706,0.8904984522517333,0.9900145837316306,-2.908877608244982,2.560935724142166,1.009242141557321,0.38846070615972184,0.007926569248255525,40.650043798167715,0.8294671301408603,2.6025269131395494,0.053104752862616025,49.00741972893431
2,1.0,per_column_all,pois,4.618971093240491,0.09425044449980335,0.9766952561895499,-2.4637633535840284,2.5466365223774843,0.9559865492255223,0.11371183537308463,0.0023202983548621394,0.04104713252397804,0.0008375697547639615,4.4642121253434235,0.09109257639017715,49.00741972893431
2,1.0,all_gaussian,bern,0.3861754184668681,0.00822503314178094,0.24872749364911453,-0.5727598982326613,0.5915800925701782,0.06375611157907483,0.3377619618853121,0.007193889609983009,0.005382008349307342,0.00011462976389884466,0.04303144823224883,0.0009165137678990911,46.95122947349617
2,1.0,all_gaussian,gauss,44.82117510618056,0.9546326179058204,0.9811159517667153,-3.0097780691334197,2.4550805929850306,1.0080808112646154,0.45942469067234415,0.009785147179834515,41.999473523446696,0.8945340514917778,2.3622768920614816,0.05031341923420727,46.95122947349617
2,1.0,all_gaussian,pois,1.7438789488487392,0.03714234895239865,1.6411073144200035,-3.8401849916116886,5.131255587020419,2.5364709773581144,0.07446362650454205,0.0015859782020527608,0.01243156971502916,0.00026477623385872664,1.6569837526291666,0.03529159451648713,46.95122947349617
2,0.1,y_only,bern,0.0,,0.0,,,,0.0,,0.0,,0.0,,0.0
2,0.1,y_only,gauss,0.0,,0.0,,,,0.0,,0.0,,0.0,,0.0
2,0.1,y_only,pois,0.0,,0.0,,,,0.0,,0.0,,0.0,,0.0
2,0.1,single_bernoulli,bern,1.287108691356753,1.0,1.4989935285990688,-5.500372873495925,5.569968895578892,2.2074515785388047,0.7715598545013937,0.5994519807710144,0.0384619299946651,0.02988242582226838,0.4770869068606943,0.3706655934067174,1.287108691356753
2,0.1,single_bernoulli,gauss,,,,,,,,,,,,,1.287108691356753
2,0.1,single_bernoulli,pois,,,,,,,,,,,,,1.287108691356753
2,0.1,single_gaussian,bern,,,,,,,,,,,,,34.5886371939134
2,0.1,single_gaussian,gauss,34.5886371939134,1.0,0.9628324650763181,-2.4453235148547283,2.4500871046558936,0.9703844263098171,0.22517049335341177,0.006509955627654369,30.607330578617564,0.8848955339588681,3.7561361219424882,0.10859451041347937,34.5886371939134
2,0.1,single_gaussian,pois,,,,,,,,,,,,,34.5886371939134
2,0.1,single_poisson,bern,,,,,,,,,,,,,4.477113699184141
2,0.1,single_poisson,gauss,,,,,,,,,,,,,4.477113699184141
2,0.1,single_poisson,pois,4.477113699184141,1.0,0.9234278253708365,-2.293303616553158,2.5311058083196203,0.7972855263586264,0.40167739891076976,0.08971793568342187,0.052827146877302916,0.011799375764553298,4.022609153396068,0.8984826885520248,4.477113699184141
2,0.1,per_column_all,bern,0.7375473021387082,0.012400480204417263,1.0877670521204486,-3.4962024887209657,4.19183579351517,1.1484602343860832,0.6899203809679612,0.01159972248831878,0.021960164437170172,0.00036921914513038644,0.025666756733576736,0.0004315385709680948,59.4773178119329
2,0.1,per_column_all,gauss,54.77754171550441,0.9209820437550805,1.074561407654732,-2.7065692493082483,2.366772484073631,1.0212670677538145,0.24162073361604114,0.0040624013069998416,50.350428280729986,0.8465484008532108,4.185492701158333,0.07037124159486896,59.4773178119329
2,0.1,per_column_all,pois,3.962228794289775,0.06661747604050221,0.89774811316481,-2.5332460761137736,2.5320653068694816,0.8341241978410442,0.34666543973164826,0.005828531824985843,0.0442347502083967,0.0007437246976783123,3.5713286043497305,0.06004521951783806,59.4773178119329
2,0.1,all_gaussian,bern,6.096334032284531,0.119316412266615,0.6607009896503349,-0.3292086647547889,1.563502913904704,0.10110761666691982,5.778087804280072,0.11308775124807734,0.01834162690542556,0.000358979200598051,0.2999046010990335,0.005869681817939613,51.09384297159511
2,0.1,all_gaussian,gauss,32.62406463270776,0.6385126413537662,0.9398794868400081,-2.7727674546365786,2.3759349304871304,0.9996046853252001,0.23756833991392512,0.004649647121787215,30.330220275039103,0.5936179099290056,2.056276017754733,0.04024508430297345,51.09384297159511
2,0.1,all_gaussian,pois,12.37344430660282,0.24217094637961878,2.58465053426965,-1.7137556992095915,10.698259643596415,3.1156705903925395,6.105995670838056,0.11950550821226341,0.012152265793660138,0.0002378420781622556,6.255296369971105,0.12242759608919312,51.09384297159511
3,1.0,y_only,bern,0.0,,0.0,,,,0.0,,0.0,,0.0,,0.0
3,1.0,y_only,gauss,0.0,,0.0,,,,0.0,,0.0,,0.0,,0.0
3,1.0,y_only,pois,0.0,,0.0,,,,0.0,,0.0,,0.0,,0.0
3,1.0,single_bernoulli,bern,0.7092244913577497,1.0,1.0862354613861545,-3.1979097619941115,2.7895947689590033,1.2081532640738406,0.64008767013346,0.9025177189074038,0.025486469769587843,0.035935687613940365,0.043650351454701,0.0615465934786546,0.7092244913577497
3,1.0,single_bernoulli,gauss,,,,,,,,,,,,,0.7092244913577497
3,1.0,single_bernoulli,pois,,,,,,,,,,,,,0.7092244913577497
3,1.0,single_gaussian,bern,,,,,,,,,,,,,38.208442333736734
3,1.0,single_gaussian,gauss,38.208442333736734,1.0,1.0128613653546672,-2.6431501031021143,3.1660330547156024,1.0061076356271892,0.7932730570533931,0.02076172198082413,37.036183216316104,0.9693193690760441,0.3789860603672213,0.009918908943131391,38.208442333736734
3,1.0,single_gaussian,pois,,,,,,,,,,,,,38.208442333736734
3,1.0,single_poisson,bern,,,,,,,,,,,,,5.8915920353614215
3,1.0,single_poisson,gauss,,,,,,,,,,,,,5.8915920353614215
3,1.0,single_poisson,pois,5.8915920353614215,1.0,1.0585959967379366,-2.8842896410729875,2.199821720618998,1.170828667428888,0.03677396800325905,0.006241770947910371,0.09733609475089151,0.016521187170917277,5.757481972607266,0.9772370418811716,5.8915920353614215
3,1.0,per_column_all,bern,0.7044323731272457,0.015183139397147398,1.075673052894544,-2.9380254903476084,2.887452047123295,1.1532370789176885,0.6165339312938574,0.013288600835235913,0.017924715431722707,0.00038634432975567453,0.06997372640166617,0.0015081942321558232,46.39569951255233
3,1.0,per_column_all,gauss,40.08002702046234,0.8638737521269338,1.0083751350346537,-2.706585895655205,3.7647098582395193,1.0439527727921887,0.9247536501541314,0.01993188290875838,38.96341209304844,0.8398065446239669,0.19186127725978397,0.00413532459420891,46.39569951255233
3,1.0,per_column_all,pois,5.611240118962749,0.12094310847591878,1.0424184045081255,-2.5546897421632955,2.344265770161894,1.1555137658879624,0.03663770906787695,0.000789678988630501,0.08452287334458486,0.0018217824977876933,5.490079536550291,0.11833164698950067,46.39569951255233
3,1.0,all_gaussian,bern,0.42200219029573827,0.009705191183525492,0.2518618518860413,-0.6470275651014397,0.5932538798876744,0.06420653124039391,0.332136992524941,0.007638474599662008,0.008655950946870689,0.00019906924832718557,0.08120924682392636,0.001867647335536294,43.48210996730128
3,1.0,all_gaussian,gauss,41.36672406393839,0.9513504311323976,1.0137506771898526,-2.7218177858206687,3.3051982982075705,0.9909390330361063,0.8763760617703938,0.020154865125667366,40.33300945757727,0.9275770998212335,0.1573385445907216,0.0036184661854965373,43.48210996730128
3,1.0,all_gaussian,pois,1.6933837130671474,0.03894437768407694,1.6244807033825481,-3.6887399295355876,4.054682636919833,2.760490016869436,0.04728798835741213,0.0010875274542328532,0.11347787279507987,0.002609760034193734,1.5326178519146552,0.03524709019565035,43.48210996730128
3,0.1,y_only,bern,0.0,,0.0,,,,0.0,,0.0,,0.0,,0.0
3,0.1,y_only,gauss,0.0,,0.0,,,,0.0,,0.0,,0.0,,0.0
3,0.1,y_only,pois,0.0,,0.0,,,,0.0,,0.0,,0.0,,0.0
3,0.1,single_bernoulli,bern,0.8773711975275038,1.0,1.2350255682642348,-3.2901348403390673,3.5938247515215496,1.570251256796351,0.5974142873324506,0.680913949552946,0.10631861216489918,0.12117859859602505,0.17363829803015424,0.19790745185102915,0.8773711975275038
3,0.1,single_bernoulli,gauss,,,,,,,,,,,,,0.8773711975275038
3,0.1,single_bernoulli,pois,,,,,,,,,,,,,0.8773711975275038
3,0.1,single_gaussian,bern,,,,,,,,,,,,,33.8674882436991
3,0.1,single_gaussian,gauss,33.8674882436991,1.0,0.9981968663126471,-2.671139057818914,3.1342766561230953,0.9813388939059544,0.5250419924363257,0.015502832352322657,33.07150564648123,0.9764971470133761,0.2709406047815316,0.008000020634300772,33.8674882436991
3,0.1,single_gaussian,pois,,,,,,,,,,,,,33.8674882436991
3,0.1,single_poisson,bern,,,,,,,,,,,,,4.918556237203131
3,0.1,single_poisson,gauss,,,,,,,,,,,,,4.918556237203131
3,0.1,single_poisson,pois,4.918556237203131,1.0,1.006011937030084,-2.634170025102378,2.1613077497062085,0.9372106263921168,0.0382706398709044,0.007780868617793109,0.06647089465880185,0.01351431018639722,4.813814702673426,0.97870482119581,4.918556237203131
3,0.1,per_column_all,bern,0.15362039199305344,0.0026187667187689305,0.44775749356528466,-1.4035114640329123,1.392293049417688,0.2578453764025437,0.09176215780163552,0.0015642694421988726,0.01722517690539523,0.00029363757909689486,0.044633057286022626,0.0007608596974731618,58.66135035703739
3,0.1,per_column_all,gauss,54.10405307498975,0.9223117563044486,1.2222717652688002,-3.213745195207487,3.1747145427908885,1.0155361374657739,0.21167338427458576,0.003608396039065815,53.70147173555725,0.9154489524824734,0.19090795515789588,0.0032544077829090297,58.66135035703739
3,0.1,per_column_all,pois,4.403676890054589,0.07506947697678247,0.9310824536356082,-2.3132149288656345,2.115315209727244,0.9693967720843212,0.03659928277871163,0.0006239079488616126,0.1970017161683582,0.0033582881227473245,4.170075891107517,0.07108728090517351,58.66135035703739
3,0.1,all_gaussian,bern,4.2902044306725875,0.0903935572422034,0.5626148857655773,-0.330876672352362,1.5805175821511497,0.12613374863751348,3.71401751597863,0.0782534399827022,0.08208337408082897,0.0017294766003599004,0.49410354061312556,0.01041064065914124,47.46139616098165
3,0.1,all_gaussian,gauss,29.741760564606928,0.6266516152143421,0.9878178283980056,-2.9128880730633187,3.0351655742591532,0.9920183476154191,0.8330916045218009,0.017553036191689013,28.271722967098853,0.5956782828555144,0.6369459929862678,0.01342029616713858,47.46139616098165
3,0.1,all_gaussian,pois,13.429431165702127,0.2829548275434543,2.6622624329345683,-2.001064750286333,9.802694094822614,3.9196394240438766,3.662141680515097,0.07716042882711843,0.4869396119353098,0.010259698435412364,9.280349873251708,0.19553470028092326,47.46139616098165
4,1.0,y_only,bern,0.0,,0.0,,,,0.0,,0.0,,0.0,,0.0
4,1.0,y_only,gauss,0.0,,0.0,,,,0.0,,0.0,,0.0,,0.0
4,1.0,y_only,pois,0.0,,0.0,,,,0.0,,0.0,,0.0,,0.0
4,1.0,single_bernoulli,bern,0.8499539355455437,1.0,1.2210718063880697,-3.9136013501736864,3.219301858340737,1.6363859790612563,0.7766099449353544,0.9137082757748356,0.034571175443799736,0.04067417538529332,0.03877281516638903,0.045617548839870556,0.8499539355455437
4,1.0,single_bernoulli,gauss,,,,,,,,,,,,,0.8499539355455437
4,1.0,single_bernoulli,pois,,,,,,,,,,,,,0.8499539355455437
4,1.0,single_gaussian,bern,,,,,,,,,,,,,48.73136328442483
4,1.0,single_gaussian,gauss,48.73136328442483,1.0,1.0748013604252045,-2.337541282308393,2.4997546789290275,1.0517900885589173,1.085319855714661,0.022271485601174288,47.17619746035763,0.9680869624970198,0.469845968352555,0.009641551901806199,48.73136328442483
4,1.0,single_gaussian,pois,,,,,,,,,,,,,48.73136328442483
4,1.0,single_poisson,bern,,,,,,,,,,,,,4.563017344638321
4,1.0,single_poisson,gauss,,,,,,,,,,,,,4.563017344638321
4,1.0,single_poisson,pois,4.563017344638321,1.0,0.9965923986805437,-2.5503163568834037,2.2184681717647132,0.97707112347659,0.3506753190816661,0.07685162965547783,0.021567624952485764,0.004726614720811517,4.190774400604168,0.9184217556237104,4.563017344638321
4,1.0,per_column_all,bern,0.8467098726313618,0.015890399792649574,1.220779551253098,-4.003438721229488,2.9696264694884835,1.6034259443361967,0.7755638415383413,0.014555185790461386,0.05140989037218928,0.0009648212896958199,0.019736140720829996,0.00037039271249234706,53.28436563459055
4,1.0,per_column_all,gauss,47.9826503632389,0.9005014846623239,1.0775066585364212,-2.411696957695665,2.6504761292247028,1.0761794982472352,1.126594841843668,0.021143065670886352,46.43927032635604,0.8715365149474372,0.4167851950391578,0.007821904043999612,53.28436563459055
4,1.0,per_column_all,pois,4.455005398720277,0.08360811554502634,0.9847656689266412,-2.912594377572546,2.124112909271811,0.981665002452093,0.30559392641752137,0.005735151817574409,0.019921834112352023,0.00037387766327125774,4.1294896381904,0.07749908606418059,53.28436563459055
4,1.0,all_gaussian,bern,0.49178041067418543,0.010049808126603691,0.26501967091117823,-0.6070321592239059,0.7065388459389865,0.0720174929447796,0.4190461126865565,0.00856344201048125,0.01952016423468916,0.00039890548891421187,0.05321413375293984,0.00108746062720823,48.93430844439231
4,1.0,all_gaussian,gauss,47.17867205379736,0.9641225870681301,1.070054705689983,-2.5303689813985706,2.658904016453249,1.0835016624299765,1.0492145633887497,0.021441287242897285,45.754323757766045,0.9350152318952272,0.37513373264258026,0.0076660679300060534,48.93430844439231
4,1.0,all_gaussian,pois,1.2638559799207667,0.025827604805266233,1.3870328675026073,-3.509158080548649,3.874559267448839,1.9777848594405423,0.07554328509258318,0.0015437693408588502,0.010605224080118289,0.00021672369381023937,1.1777074707480661,0.02406711177059716,48.93430844439231
4,0.1,y_only,bern,0.0,,0.0,,,,0.0,,0.0,,0.0,,0.0
4,0.1,y_only,gauss,0.0,,0.0,,,,0.0,,0.0,,0.0,,0.0
4,0.1,y_only,pois,0.0,,0.0,,,,0.0,,0.0,,0.0,,0.0
4,0.1,single_bernoulli,bern,1.0430512610005747,1.0,1.3612926893892423,-4.83879675049113,2.773881892062772,1.7920588400200574,0.8594968683611597,0.8240216952872138,0.10254676897215469,0.09831421791656143,0.08100762366726191,0.07766408679622629,1.0430512610005747
4,0.1,single_bernoulli,gauss,,,,,,,,,,,,,1.0430512610005747
4,0.1,single_bernoulli,pois,,,,,,,,,,,,,1.0430512610005747
4,0.1,single_gaussian,bern,,,,,,,,,,,,,50.062189780587495
4,0.1,single_gaussian,gauss,50.062189780587495,1.0,1.0896856643236592,-2.2999362349147527,2.7083572797536815,1.0755720113035756,0.8855982395494961,0.017689962093765676,48.74407568415881,0.973670466629492,0.4325158568791705,0.008639571276741998,50.062189780587495
4,0.1,single_gaussian,pois,,,,,,,,,,,,,50.062189780587495
4,0.1,single_poisson,bern,,,,,,,,,,,,,3.904089097615592
4,0.1,single_poisson,gauss,,,,,,,,,,,,,3.904089097615592
4,0.1,single_poisson,pois,3.904089097615592,1.0,0.862562627457177,-2.1565107481007773,2.3822012201419014,0.8362406084206149,0.2012469919075337,0.05154774567784443,0.5303794239110831,0.13585228478392317,3.1724626817969757,0.8125999695382325,3.904089097615592
4,0.1,per_column_all,bern,1.1449481664998218,0.022173455031075266,1.4414963132745922,-4.134537910544427,4.77974000845833,2.082794873353448,0.9786376140615601,0.018952628391423493,0.09203487420385928,0.0017823786300200694,0.07427567823440209,0.001438448009631698,51.635983877804335
4,0.1,per_column_all,gauss,46.517198153641225,0.900867857262551,1.085282940050508,-2.6303687377761715,2.8200118225917254,1.0555890578651634,1.0237439574611065,0.019826173156374416,45.266049210756215,0.8766376819288956,0.22740498542394227,0.004404002177281879,51.635983877804335
4,0.1,per_column_all,pois,3.9738375576632965,0.0769586877063738,0.8758900654170777,-2.0302800629934485,2.3810333780981408,0.7814293359700469,0.18336815249375835,0.0035511699152996853,0.04431977937297777,0.0008583118988854703,3.746149625796561,0.07254920589218866,51.635983877804335
4,0.1,all_gaussian,bern,5.758302650834274,0.0870001813177168,0.6154900655989695,-0.5026731425796201,1.4580808376222374,0.1337043988954284,2.923363754401132,0.044168080789169964,0.03469717801490425,0.0005242275304984911,2.800241718418241,0.04230787299804839,66.18724884957967
4,0.1,all_gaussian,gauss,49.58800172687967,0.7492077792744604,1.106827801515233,-2.3564724512568187,2.7130102875609636,1.0852813520340423,1.5460219570010167,0.023358305170148114,47.033196198084966,0.7106081158468283,1.0087835717936746,0.015241358257483774,66.18724884957967
4,0.1,all_gaussian,pois,10.840944471865743,0.16379203940782303,2.3990727162191225,-1.6412763324270867,7.9511488678155064,2.174471836989943,0.6114559136293497,0.009238273598876632,0.0804106687013098,0.0012148966772142918,10.14907788953509,0.1533388691317322,66.18724884957967
5,1.0,y_only,bern,0.0,,0.0,,,,0.0,,0.0,,0.0,,0.0
5,1.0,y_only,gauss,0.0,,0.0,,,,0.0,,0.0,,0.0,,0.0
5,1.0,y_only,pois,0.0,,0.0,,,,0.0,,0.0,,0.0,,0.0
5,1.0,single_bernoulli,bern,0.7094944492922355,1.0,1.0694323478113665,-3.909491731951507,3.5860345806353138,1.1211231538788524,0.4366335776866056,0.6154150721294219,0.13265796594576074,0.18697534008630406,0.14020290565986876,0.19760958778427345,0.7094944492922355
5,1.0,single_bernoulli,gauss,,,,,,,,,,,,,0.7094944492922355
5,1.0,single_bernoulli,pois,,,,,,,,,,,,,0.7094944492922355
5,1.0,single_gaussian,bern,,,,,,,,,,,,,35.00387248774063
5,1.0,single_gaussian,gauss,35.00387248774063,1.0,1.0070034710026323,-2.1371823984764666,2.6934261115988294,1.0188712657223655,4.512437833793687,0.12891253204553504,29.1268303536336,0.832103086989437,1.3646043003133368,0.03898438096502782,35.00387248774063
5,1.0,single_gaussian,pois,,,,,,,,,,,,,35.00387248774063
5,1.0,single_poisson,bern,,,,,,,,,,,,,5.573888265746163
5,1.0,single_poisson,gauss,,,,,,,,,,,,,5.573888265746163
5,1.0,single_poisson,pois,5.573888265746163,1.0,1.034440085698382,-2.9760962090323746,2.960315399192816,1.1378349375669954,0.14104009240697285,0.025303717204688558,0.10244212422959315,0.018378933940807918,5.330406049109596,0.9563173488545034,5.573888265746163
5,1.0,per_column_all,bern,0.7073129750673446,0.01685381840989052,1.053851718899996,-4.690876724415499,4.048066561999708,1.209613394879369,0.43012226478156934,0.010248931944149912,0.13322137629376893,0.0031743923319900885,0.14396933399200665,0.0034304941337505277,41.96752082319007
5,1.0,per_column_all,gauss,35.57361341694413,0.8476462921604639,1.0075402417074963,-2.630724517906639,3.1325031684924394,1.0327410379708548,5.271888685566719,0.12561830153792694,28.816058831352485,0.6866276174081158,1.4856659000248882,0.0354003732144204,41.96752082319007
5,1.0,per_column_all,pois,5.686594431178599,0.13549988942964547,1.0454016686161784,-2.288103758387515,2.642390336056296,1.07922867637895,0.143531355879133,0.0034200580130485476,0.04534715335318097,0.0010805297159255452,5.49771592194629,0.1309993017006715,41.96752082319007
5,1.0,all_gaussian,bern,0.4206928497551201,0.011468212343988623,0.230445405552432,-0.8178385898483214,0.6874159785727447,0.0523693273500325,0.30158044147879637,0.008221172629118537,0.06013129732621018,0.0016391970689730048,0.05898111095011364,0.0016078426458970816,36.683385094071596
5,1.0,all_gaussian,gauss,34.74890496838793,0.9472654957899103,1.0002448287678507,-2.4899432358027793,3.044093735045746,1.036406261630342,5.185179439936345,0.14134953539972847,28.14134185796402,0.7671413580234705,1.422383670487586,0.03877460236671172,36.683385094071596
5,1.0,all_gaussian,pois,1.5137872759285527,0.041266291866101416,1.7781874575143106,-3.8426290855483405,5.78309916419497,3.1531094736260474,0.03827905209114669,0.0010434983574439255,0.00704680178425466,0.0001920979147966771,1.4684614220531516,0.04003069559386082,36.683385094071596
5,0.1,y_only,bern,0.0,,0.0,,,,0.0,,0.0,,0.0,,0.0
5,0.1,y_only,gauss,0.0,,0.0,,,,0.0,,0.0,,0.0,,0.0
5,0.1,y_only,pois,0.0,,0.0,,,,0.0,,0.0,,0.0,,0.0
5,0.1,single_bernoulli,bern,1.280456675698307,1.0,1.5760038529862053,-3.914453794243086,4.1750165966062385,2.545809943137627,0.8029996575335169,0.6271197399908863,0.22259214775298197,0.17383809384381524,0.25486487041180794,0.19904216616529835,1.280456675698307
5,0.1,single_bernoulli,gauss,,,,,,,,,,,,,1.280456675698307
5,0.1,single_bernoulli,pois,,,,,,,,,,,,,1.280456675698307
5,0.1,single_gaussian,bern,,,,,,,,,,,,,27.91594322132326
5,0.1,single_gaussian,gauss,27.91594322132326,1.0,0.9750164716484869,-2.131753499886443,2.6563346509376866,0.9833542112402375,4.820416300187504,0.1726761034714201,22.0829007149858,0.7910497789706794,1.0126262061499374,0.03627411755789985,27.91594322132326
5,0.1,single_gaussian,pois,,,,,,,,,,,,,27.91594322132326
5,0.1,single_poisson,bern,,,,,,,,,,,,,5.11053322257826
5,0.1,single_poisson,gauss,,,,,,,,,,,,,5.11053322257826
5,0.1,single_poisson,pois,5.11053322257826,1.0,0.9751087900225238,-2.7317214286506935,3.0010916655311326,1.039004585668303,0.05535027485026374,0.010830626167486212,0.6555592339405594,0.1282760928046233,4.399623713787442,0.8608932810278914,5.11053322257826
5,0.1,per_column_all,bern,0.7430212239902251,0.01891673711780476,1.1023280628351135,-3.91946241463049,3.1171423293536376,1.2318090432772988,0.4779239506483631,0.012167568630363534,0.10857942274315745,0.002764346872091936,0.15651785059870485,0.003984821615349295,39.27850872817177
5,0.1,per_column_all,gauss,33.7077876564356,0.8581738143296495,1.0114200428126654,-2.4522490302900857,3.026143750556813,1.0233086581101876,4.467591872678184,0.11374138217915303,28.38784586193332,0.7227322722049443,0.8523499218241009,0.021700159945552334,39.27850872817177
5,0.1,per_column_all,pois,4.827699847745951,0.12290944855254583,0.9520291569883556,-2.707090410401913,2.8115074491589476,1.064577874167643,0.18796612630883658,0.00478547002916181,0.14196414702319804,0.003614295746451721,4.497769574413918,0.11450968277693235,39.27850872817177
5,0.1,all_gaussian,bern,2.0265109024132197,0.049018589250841696,0.4195631952578815,-0.6831704604536094,1.5656020559962092,0.11565123236598934,1.432965972550229,0.03466153097682657,0.09361944393407062,0.0022645291780229774,0.49992548592891906,0.012092529095992127,41.34168145972138
5,0.1,all_gaussian,gauss,23.350077979598794,0.5648071668867278,0.9942502583386662,-2.1832727715175873,2.862256616224611,1.032985691036312,2.728195247736551,0.06599139540065863,20.317203227386166,0.49144598163432063,0.30467950447608333,0.007369789851748732,41.34168145972138
5,0.1,all_gaussian,pois,15.965092577709374,0.3861742438624307,2.7446927865169886,-0.9049889152354306,13.66255192346566,5.140437554988441,0.13912969561618013,0.0033653613182553365,0.01774371657964486,0.0004291967804195945,15.808219165513552,0.38237968576375586,41.34168145972138
6,1.0,y_only,bern,0.0,,0.0,,,,0.0,,0.0,,0.0,,0.0
6,1.0,y_only,gauss,0.0,,0.0,,,,0.0,,0.0,,0.0,,0.0
6,1.0,y_only,pois,0.0,,0.0,,,,0.0,,0.0,,0.0,,0.0
6,1.0,single_bernoulli,bern,0.9266605241913137,1.0,1.2999948786393032,-3.9819965518587153,4.366818626885685,2.021434246365577,0.7630980883974231,0.8234926043314192,0.13931745299397566,0.15034357173632323,0.0242449827999151,0.02616382393225764,0.9266605241913137
6,1.0,single_bernoulli,gauss,,,,,,,,,,,,,0.9266605241913137
6,1.0,single_bernoulli,pois,,,,,,,,,,,,,0.9266605241913137
6,1.0,single_gaussian,bern,,,,,,,,,,,,,31.892445140592123
6,1.0,single_gaussian,gauss,31.892445140592123,1.0,0.9841541348581199,-2.7257515412530786,2.9616780223989,0.9786624257671391,1.5547761493567096,0.048750609823196615,29.939845785485645,0.9387754891009832,0.39782320574981833,0.012473901075821752,31.892445140592123
6,1.0,single_gaussian,pois,,,,,,,,,,,,,31.892445140592123
6,1.0,single_poisson,bern,,,,,,,,,,,,,5.173341777174168
6,1.0,single_poisson,gauss,,,,,,,,,,,,,5.173341777174168
6,1.0,single_poisson,pois,5.173341777174168,1.0,0.9943803864085319,-3.382064960377132,3.121657203980016,1.0261885874653722,0.1513159789320881,0.02924917499163207,0.0670111827303263,0.012953171396097047,4.955014615511754,0.9577976536122709,5.173341777174168
6,1.0,per_column_all,bern,0.9266544064288389,0.02396797760026298,1.2959892114252283,-4.0493771440088695,4.205884818248076,1.9930121202526252,0.7638942397812687,0.01975817510932365,0.1414498110889287,0.003658608732900062,0.021310355558641674,0.0005511937580392727,38.662185933396046
6,1.0,per_column_all,gauss,32.71870187775852,0.8462713912276854,0.9883069600495604,-2.744835174119402,3.0577350061810376,0.9821913426053783,1.6650269636414214,0.04306603269949065,30.60840759491745,0.7916884898243217,0.4452673191996803,0.01151686870387384,38.662185933396046
6,1.0,per_column_all,pois,5.016829649208686,0.1297606311720516,0.9938175387449336,-2.4695153055228096,3.195823234394431,0.9600981977294257,0.1518374907410823,0.003927286755142483,0.04912030742395653,0.0012705000050586084,4.815871851043649,0.12456284441185057,38.662185933396046
6,1.0,all_gaussian,bern,1.0045740463296617,0.0242646828078684,0.35364734293505723,-0.5931412569701983,1.4494668257229202,0.09088574269576745,0.021574529928817747,0.0005211155189249577,0.08513832494476031,0.0020564481604175414,0.8978611914560838,0.021687119128525903,41.40066673378911
6,1.0,all_gaussian,gauss,27.29079314638237,0.6591872860856374,0.9369362939713991,-2.8390886544014644,2.9486964369815665,0.9963135103391878,0.9898248340128664,0.02390842737817606,25.53027953117543,0.6166634874587399,0.7706887811940629,0.018615371248721126,41.40066673378911
6,1.0,all_gaussian,pois,13.105299541077077,0.31654803110649427,3.317697571507111,-3.496100868948977,14.26207131600936,5.662473271178559,1.4685158607905784,0.03547082635729754,0.09073678088096436,0.0021916743868984514,11.546046899405532,0.2788855303622982,41.40066673378911
6,0.1,y_only,bern,0.0,,0.0,,,,0.0,,0.0,,0.0,,0.0
6,0.1,y_only,gauss,0.0,,0.0,,,,0.0,,0.0,,0.0,,0.0
6,0.1,y_only,pois,0.0,,0.0,,,,0.0,,0.0,,0.0,,0.0
6,0.1,single_bernoulli,bern,1.1822592245347872,1.0,1.5016155604894916,-5.452037671749049,5.507359415788703,2.867473560655746,0.9953696544685048,0.8419216647348872,0.05306845521581895,0.04488732598952747,0.13382111485046494,0.11319100927558662,1.1822592245347872
6,0.1,single_bernoulli,gauss,,,,,,,,,,,,,1.1822592245347872
6,0.1,single_bernoulli,pois,,,,,,,,,,,,,1.1822592245347872
6,0.1,single_gaussian,bern,,,,,,,,,,,,,30.595311473124717
6,0.1,single_gaussian,gauss,30.595311473124717,1.0,1.081093395722641,-2.637108963424163,2.5965192826703443,0.9316630003326591,0.7189630536323726,0.0234991251605305,29.647918868975818,0.969034712884649,0.22842955051657338,0.007466161954822019,30.595311473124717
6,0.1,single_gaussian,pois,,,,,,,,,,,,,30.595311473124717
6,0.1,single_poisson,bern,,,,,,,,,,,,,4.9242017905828215
6,0.1,single_poisson,gauss,,,,,,,,,,,,,4.9242017905828215
6,0.1,single_poisson,pois,4.9242017905828215,1.0,0.9699713896785583,-2.6048428182056007,3.255320094148086,0.970054427666947,0.08381890956970794,0.017021826711083515,0.2663701436078436,0.054094075534690145,4.574012737405269,0.9288840977542262,4.9242017905828215
6,0.1,per_column_all,bern,0.8826529351726307,0.02499926500063323,1.2606305253336414,-4.720498714990992,4.2697376356613175,2.0103228186300046,0.6529294552569,0.018492836570575627,0.18049071491085583,0.005112015190124233,0.049232765004875896,0.0013944132399334014,35.307155436380754
6,0.1,per_column_all,gauss,30.40302599762217,0.8611009757612664,1.0399149257606874,-2.6544447533516116,2.7092498302981034,0.9518108567037352,0.9023082671011204,0.02555596042640624,29.04536172277691,0.8226480259819616,0.45535600774416973,0.012896989352899485,35.307155436380754
6,0.1,per_column_all,pois,4.021476503585958,0.11389975923810046,0.9323774708838255,-2.35033719441206,3.076393653889052,0.8611551408715645,0.1150141642973468,0.003257531309895199,0.09577376088753077,0.0027125878509273726,3.810688578401082,0.10792964007727794,35.307155436380754
6,0.1,all_gaussian,bern,4.743861313460664,0.12978300694424108,0.5709306828794483,-0.5231164725326921,1.7562220459364728,0.11207210510464834,4.298332637224975,0.11759419123883978,0.12749959237668862,0.003488145919413564,0.31802908385900114,0.008700669785987752,36.55225306575597
6,0.1,all_gaussian,gauss,18.41260215145182,0.5037337128939309,0.9322216973501174,-2.7536919169021026,2.633781734964965,0.8970351409341252,0.3781805175061873,0.010346298402614373,17.8039375066489,0.48708180791537975,0.2304841272967278,0.006305606575936551,36.55225306575597
6,0.1,all_gaussian,pois,13.395789600843486,0.36648328016182813,3.0097202986049822,-3.6926904422045785,18.441056106854177,5.460397962422496,4.439153868483929,0.12144679181603601,0.10176987650687377,0.0027842299166564105,8.854865855852681,0.24225225842913567,36.55225306575597
7,1.0,y_only,bern,0.0,,0.0,,,,0.0,,0.0,,0.0,,0.0
7,1.0,y_only,gauss,0.0,,0.0,,,,0.0,,0.0,,0.0,,0.0
7,1.0,y_only,pois,0.0,,0.0,,,,0.0,,0.0,,0.0,,0.0
7,1.0,single_bernoulli,bern,0.599526836174149,1.0,0.9705014347226038,-3.0177916682264296,3.140142541376394,1.0637199287535897,0.5560874892822099,0.9275439492097715,0.019687331543537988,0.03283811558657111,0.023752015348401132,0.03961793520365735,0.599526836174149
7,1.0,single_bernoulli,gauss,,,,,,,,,,,,,0.599526836174149
7,1.0,single_bernoulli,pois,,,,,,,,,,,,,0.599526836174149
7,1.0,single_gaussian,bern,,,,,,,,,,,,,36.534110662528796
7,1.0,single_gaussian,gauss,36.534110662528796,1.0,0.9766461920370162,-2.618387039892596,2.6956518555614006,0.9546091429376307,0.09111807418450482,0.002494054803363807,34.66843980922824,0.9489334537103135,1.7745527791160736,0.04857249148632331,36.534110662528796
7,1.0,single_gaussian,pois,,,,,,,,,,,,,36.534110662528796
7,1.0,single_poisson,bern,,,,,,,,,,,,,4.931150475097672
7,1.0,single_poisson,gauss,,,,,,,,,,,,,4.931150475097672
7,1.0,single_poisson,pois,4.931150475097672,1.0,0.9837057536888958,-2.4737168998696424,3.0012183825081094,0.9349315563295999,0.051881147638639186,0.010521104131913876,0.06200675845233217,0.01257450137964082,4.8172625690067035,0.9769043944884459,4.931150475097672
7,1.0,per_column_all,bern,0.6239370354447262,0.015533293809588043,0.9958915546924237,-2.9491920077972313,3.2982279266864305,1.0924483608903381,0.5697347718481818,0.014183895332240484,0.018258457896720245,0.0004545554677926688,0.035943805699824236,0.0008948430095548904,40.167722512246335
7,1.0,per_column_all,gauss,34.48351046954107,0.8584880673537749,0.9786012779044464,-2.736093400449645,2.7360228276647844,0.9750091931287818,0.0866685838625238,0.0021576673618002684,33.079503119072896,0.8235344463203662,1.3173387666056926,0.032795953671609396,40.167722512246335
7,1.0,per_column_all,pois,5.060275007260535,0.125978638836637,0.9841945791543104,-2.0694983975961576,2.790412727545039,0.9877229539452576,0.05180561628279416,0.0012897324777873494,0.05904240881756802,0.0014698968506259515,4.949426982160176,0.1232190095082238,40.167722512246335
7,1.0,all_gaussian,bern,0.27564306632032104,0.007700570657606378,0.18921901787084108,-0.621011458567271,0.6622210222458411,0.04275954637271259,0.21676404457881593,0.006055682312603315,0.015474180823204469,0.0004322982775818834,0.0434048409183005,0.001212590067421175,35.79514799309706
7,1.0,all_gaussian,gauss,33.2394508525419,0.9286021350980861,0.9793242693896294,-2.601984951459201,2.8105826211181646,0.9599649147603625,0.10447057875281537,0.0029185681470841264,31.777524275902664,0.8877606619207391,1.3574559978863943,0.03792290503026203,35.79514799309706
7,1.0,all_gaussian,pois,2.2800540742348403,0.0636972942443076,2.0708763976363023,-4.954438938439808,7.3547881629611345,4.249243121479468,0.0412897501328713,0.0011535013108713462,0.019263930459704932,0.0005381715550783558,2.2195003936422624,0.062005621378357856,35.79514799309706
7,0.1,y_only,bern,0.0,,0.0,,,,0.0,,0.0,,0.0,,0.0
7,0.1,y_only,gauss,0.0,,0.0,,,,0.0,,0.0,,0.0,,0.0
7,0.1,y_only,pois,0.0,,0.0,,,,0.0,,0.0,,0.0,,0.0
7,0.1,single_bernoulli,bern,0.766435424801631,1.0,1.111328040868217,-4.087325557462227,3.741153020068946,1.2212483273478165,0.4670065159359539,0.6093227176403343,0.26358934857754956,0.3439159256577576,0.03583956028812741,0.046761356701907945,0.766435424801631
7,0.1,single_bernoulli,gauss,,,,,,,,,,,,,0.766435424801631
7,0.1,single_bernoulli,pois,,,,,,,,,,,,,0.766435424801631
7,0.1,single_gaussian,bern,,,,,,,,,,,,,36.964171043722146
7,0.1,single_gaussian,gauss,36.964171043722146,1.0,1.0429370626285515,-2.609730622111953,2.6388618923049325,0.95361795187502,0.236773072203766,0.0064054749644920994,35.66535065445044,0.9648627210458629,1.0620473170679592,0.028731803989645623,36.964171043722146
7,0.1,single_gaussian,pois,,,,,,,,,,,,,36.964171043722146
7,0.1,single_poisson,bern,,,,,,,,,,,,,5.581346823886685
7,0.1,single_poisson,gauss,,,,,,,,,,,,,5.581346823886685
7,0.1,single_poisson,pois,5.581346823886685,1.0,1.0329699624810713,-2.6891680709733827,2.831933394348585,1.015973688394969,0.5258367290579943,0.0942132330511253,0.1415909351281282,0.025368596433061018,4.913919159700567,0.8804181705158145,5.581346823886685
7,0.1,per_column_all,bern,0.11509695807959387,0.0014282963696601405,0.3760778060433103,-1.42106953599,1.653676313301161,0.1795715501574266,0.03479586902014616,0.00043179953866613846,0.04263987306181585,0.0005291397523716007,0.03766121599763193,0.0004673570786224023,80.5833862806645
7,0.1,per_column_all,gauss,76.29036194812765,0.9467256896156655,1.389446462612818,-2.904709016764016,2.6538388961919814,0.9789921449289468,1.3145458651246391,0.016312864546870705,73.50220596267,0.9121260517232249,1.4736101203330667,0.018286773345570495,80.5833862806645
7,0.1,per_column_all,pois,4.177927374457251,0.05184601401467439,0.8846218790460636,-1.757045260265064,2.8060985097155116,0.957033114176813,0.03355997610680965,0.00041646271838122255,0.09653470550465923,0.0011979479885399424,4.047832692845785,0.05023160330775325,80.5833862806645
7,0.1,all_gaussian,bern,2.757486025625081,0.04709300884628937,0.463315566395432,-0.2954926792923229,1.4674965706470726,0.09418673291988525,2.5549551575162877,0.04363413802161058,0.04297551366335055,0.0007339461474381258,0.1595553544454439,0.002724924677240686,58.554042164208695
7,0.1,all_gaussian,gauss,42.270780303091776,0.7219105417956934,1.2021280181719143,-2.46752464729215,2.5793727106336934,0.9677129714284083,0.6621140926376142,0.011307743550492797,41.0279083746299,0.7006844763948391,0.580757835824259,0.009918321850361489,58.554042164208695
7,0.1,all_gaussian,pois,13.525775835491839,0.23099644935801722,2.823841572617205,-1.8388889289773704,12.026973203750417,5.443035592954887,4.9752836018901405,0.08496908869139175,0.17936277770659087,0.003063200610533201,8.371129455895126,0.14296416005609258,58.554042164208695
8,1.0,y_only,bern,0.0,,0.0,,,,0.0,,0.0,,0.0,,0.0
8,1.0,y_only,gauss,0.0,,0.0,,,,0.0,,0.0,,0.0,,0.0
8,1.0,y_only,pois,0.0,,0.0,,,,0.0,,0.0,,0.0,,0.0
8,1.0,single_bernoulli,bern,0.5754859291298657,1.0,0.9422421338099644,-2.8556286811290965,2.8492204466390634,1.0041952939002359,0.37480234820382585,0.6512797780660367,0.1699504114431569,0.29531636281728346,0.030733169482883203,0.05340385911668028,0.5754859291298657
8,1.0,single_bernoulli,gauss,,,,,,,,,,,,,0.5754859291298657
8,1.0,single_bernoulli,pois,,,,,,,,,,,,,0.5754859291298657
8,1.0,single_gaussian,bern,,,,,,,,,,,,,37.6920553879886
8,1.0,single_gaussian,gauss,37.6920553879886,1.0,1.0466030070079835,-1.877483711148261,2.298423301509199,0.964733326047128,0.8572290267101754,0.02274296314929406,36.05404026192636,0.9565421649416277,0.7807860993520939,0.020714871909078975,37.6920553879886
8,1.0,single_gaussian,pois,,,,,,,,,,,,,37.6920553879886
8,1.0,single_poisson,bern,,,,,,,,,,,,,3.934326596524694
8,1.0,single_poisson,gauss,,,,,,,,,,,,,3.934326596524694
8,1.0,single_poisson,pois,3.934326596524694,1.0,0.9287479802987986,-2.3914074173166986,2.605482539765055,0.8519765329133385,0.1113504394962911,0.028302286748296445,0.07707006015977919,0.01958913635381908,3.745906096868621,0.9521085768978838,3.934326596524694
8,1.0,per_column_all,bern,0.5389495314735675,0.012596551831263743,0.9111770966556509,-2.9785772187904254,2.9157367424730416,0.9480752157943163,0.37240230568674726,0.008703941040340812,0.14398702116363196,0.0033653243378056696,0.022560204623188147,0.000527286453117258,42.7854811930304
8,1.0,per_column_all,gauss,38.223337563916274,0.8933716882011535,1.0244104819255349,-2.4898122539526395,2.3036858576873285,1.0117168046706642,1.2080954863124884,0.028236108432719526,36.25332743921991,0.8473277950447696,0.7619146383838961,0.01780778472366484,42.7854811930304
8,1.0,per_column_all,pois,4.0231940976405545,0.0940317599675826,0.9464780861193379,-2.1570537514885673,2.537017673380893,0.8680692046728798,0.06694260281037658,0.0015646102589885393,0.08282113830195476,0.001935729971770097,3.8734303565282246,0.090531419736824,42.7854811930304
8,1.0,all_gaussian,bern,0.2975100314885395,0.007437977004827685,0.19884390333736945,-0.5597019482738931,0.5664410578636474,0.04190283440502777,0.21361073497551591,0.005340430797518948,0.07032575482354983,0.0017581973441620341,0.01357354168947363,0.0003393488631467,39.9987834454769
8,1.0,all_gaussian,gauss,38.42525486528643,0.9606605890317795,1.0237449489138155,-2.491218937530676,2.3252940706895613,1.0042628313987099,1.2846250148966911,0.032116602162357955,36.52564686032589,0.913168944503392,0.6149829900638566,0.015375042366029745,39.9987834454769
8,1.0,all_gaussian,pois,1.2760185487019382,0.03190143396339299,1.3462809091579189,-3.429112898286143,4.330176596751535,1.823104326578004,0.09501308445110515,0.0023753993563484068,0.02011617762577945,0.0005029197363764873,1.1608892866250526,0.02902311487066807,39.9987834454769
8,0.1,y_only,bern,0.0,,0.0,,,,0.0,,0.0,,0.0,,0.0
8,0.1,y_only,gauss,0.0,,0.0,,,,0.0,,0.0,,0.0,,0.0
8,0.1,y_only,pois,0.0,,0.0,,,,0.0,,0.0,,0.0,,0.0
8,0.1,single_bernoulli,bern,1.194450050050523,1.0,1.4862986085095216,-3.5179245381309188,3.1080585924622284,1.9536624120564268,0.6948348244137588,0.5817194485314547,0.22402666875455457,0.18755633083616904,0.2755885568822096,0.23072422063237616,1.194450050050523
8,0.1,single_bernoulli,gauss,,,,,,,,,,,,,1.194450050050523
8,0.1,single_bernoulli,pois,,,,,,,,,,,,,1.194450050050523
8,0.1,single_gaussian,bern,,,,,,,,,,,,,40.06279299308036
8,0.1,single_gaussian,gauss,40.06279299308036,1.0,1.0182384151062776,-2.5233317935183255,2.411961049632181,1.021348735910072,1.4530671781442928,0.03626974231165726,38.4659932091602,0.9601425745779643,0.1437326057758552,0.0035876831103782677,40.06279299308036
8,0.1,single_gaussian,pois,,,,,,,,,,,,,40.06279299308036
8,0.1,single_poisson,bern,,,,,,,,,,,,,2.9045757425840053
8,0.1,single_poisson,gauss,,,,,,,,,,,,,2.9045757425840053
8,0.1,single_poisson,pois,2.9045757425840053,1.0,0.7878601716257694,-2.1328912685953507,2.2703290250196377,0.6867397458263079,0.14033712688161243,0.04831587788334414,0.03368752510419687,0.01159808801344163,2.7305510905981976,0.9400860341032148,2.9045757425840053
8,0.1,per_column_all,bern,0.9763105566801435,0.021619865372224545,1.2113296822334603,-4.20898995198082,3.700692381607583,1.687155795560773,0.7698205735918373,0.017047257194901844,0.15013017954571828,0.003324551033354961,0.05635980354258812,0.001248057143967745,45.15803127684728
8,0.1,per_column_all,gauss,41.33197379138711,0.9152740414655364,0.9851384284099511,-2.3087545436045964,2.502221111686686,1.0187557567513148,1.8880607740083752,0.04181007720273209,39.094238538118056,0.8657206134263395,0.3496744792606867,0.00774335083646497,45.15803127684728
8,0.1,per_column_all,pois,2.8497469287800277,0.06310609316223902,0.7735992570437378,-1.7962143872477951,2.6887362755614403,0.6642751470711964,0.11520525531799779,0.0025511576138409742,0.038447966595535794,0.0008514092733543996,2.6960937068664936,0.05970352627504363,45.15803127684728
8,0.1,all_gaussian,bern,4.186099678659879,0.0822115895479044,0.5018657366040751,-0.6060275812487246,1.2972647346403479,0.0994776131977362,3.4910622839585406,0.06856162098530108,0.3943991142248566,0.007745677500706606,0.3006382804764822,0.005904291061896735,50.9186077252606
8,0.1,all_gaussian,gauss,34.060800533319565,0.6689263916464487,0.9924856084703304,-2.4948775508290573,2.1709269634769157,1.0200089386464612,0.8581262592840709,0.01685290108312126,32.65789798804228,0.6413745278396679,0.5447762859932047,0.010698962723659517,50.9186077252606
8,0.1,all_gaussian,pois,12.67170751328116,0.24886201880564687,2.1812466599712486,-1.6807667877971217,11.181334959747296,2.86485684759962,1.0418753777971346,0.020461584170147346,0.14961116141254802,0.0029382414032174385,11.480220974071477,0.2254621932322821,50.9186077252606
9,1.0,y_only,bern,0.0,,0.0,,,,0.0,,0.0,,0.0,,0.0
9,1.0,y_only,gauss,0.0,,0.0,,,,0.0,,0.0,,0.0,,0.0
9,1.0,y_only,pois,0.0,,0.0,,,,0.0,,0.0,,0.0,,0.0
9,1.0,single_bernoulli,bern,0.7543151372748211,1.0,1.1243526129968302,-2.868204994639429,3.786236244077287,1.424870584721198,0.6663107784584059,0.883332105551592,0.0533887156056114,0.07077773329392988,0.03461564321080437,0.04589016115447884,0.7543151372748211
9,1.0,single_bernoulli,gauss,,,,,,,,,,,,,0.7543151372748211
9,1.0,single_bernoulli,pois,,,,,,,,,,,,,0.7543151372748211
9,1.0,single_gaussian,bern,,,,,,,,,,,,,41.52374232646348
9,1.0,single_gaussian,gauss,41.52374232646348,1.0,1.0249755792259665,-2.7768629859531435,2.326154617625037,1.09254993386924,0.5196480959150248,0.012514481277470218,40.89708168324508,0.9849083775182994,0.10701254730334923,0.0025771412042297813,41.52374232646348
9,1.0,single_gaussian,pois,,,,,,,,,,,,,41.52374232646348
9,1.0,single_poisson,bern,,,,,,,,,,,,,4.141628849383877
9,1.0,single_poisson,gauss,,,,,,,,,,,,,4.141628849383877
9,1.0,single_poisson,pois,4.141628849383877,1.0,0.9319787290416474,-2.345473857325484,2.747916046639374,0.8523853102267045,0.0789004337758,0.01905058049504786,0.04023504332754734,0.009714787295228747,4.022493372280527,0.9712346322097228,4.141628849383877
9,1.0,per_column_all,bern,0.766324865404421,0.016245298606394627,1.122763140186509,-3.1358605160925572,3.9157273399358576,1.3305652706099542,0.672019984588136,0.014246132171814039,0.07170230763184889,0.001520015140879224,0.022602573184435978,0.0004791512937013619,47.172100924188186
9,1.0,per_column_all,gauss,42.079867888310304,0.892049899493309,1.029103204331368,-2.7901165104709786,2.3462990264329275,1.0889729814078568,0.5792641077439624,0.01227980302753351,41.41719168138296,0.8780018457932555,0.08341209918335063,0.0017682506725194395,47.172100924188186
9,1.0,per_column_all,pois,4.325908170473462,0.09170480190029631,0.9391355084047124,-1.9993112939645064,2.650782077498227,0.925084631673946,0.07866826789426368,0.0016676863305430047,0.06993855662478005,0.0014826254344104913,4.177301345954418,0.0885544901353428,47.172100924188186
9,1.0,all_gaussian,bern,0.5742263924058644,0.013338050895415314,0.2817731121159149,-0.6836930156654484,0.9270701878769242,0.07300263784572496,0.5325640494459709,0.012370323779123973,0.02125514471510624,0.0004937115495714187,0.020407198244787074,0.0004740155667199184,43.05174698375481
9,1.0,all_gaussian,gauss,40.843999600360924,0.9487187503859725,1.018942737287402,-2.5123785737060738,2.050724909965405,1.054197639279954,0.776997872475214,0.01804799867397732,39.92042829283118,0.9272661643183678,0.1465734350545344,0.0034045873936275474,43.05174698375481
9,1.0,all_gaussian,pois,1.6335209909880173,0.037943198718612084,1.625624325582077,-3.7027190032818815,5.228533908936304,2.558687334512679,0.07425556628697359,0.0017247979812524974,0.0362348319812007,0.0008416576450399002,1.5230305927198433,0.035376743092319696,43.05174698375481
9,0.1,y_only,bern,0.0,,0.0,,,,0.0,,0.0,,0.0,,0.0
9,0.1,y_only,gauss,0.0,,0.0,,,,0.0,,0.0,,0.0,,0.0
9,0.1,y_only,pois,0.0,,0.0,,,,0.0,,0.0,,0.0,,0.0
9,0.1,single_bernoulli,bern,0.9882665285628203,1.0,1.320233668014296,-4.679599625015275,4.315690711147069,1.8550118733029612,0.8596609421516008,0.8698675077074165,0.07254309270981174,0.07340438091666125,0.056062493701408096,0.05672811137592264,0.9882665285628203
9,0.1,single_bernoulli,gauss,,,,,,,,,,,,,0.9882665285628203
9,0.1,single_bernoulli,pois,,,,,,,,,,,,,0.9882665285628203
9,0.1,single_gaussian,bern,,,,,,,,,,,,,51.65253621500483
9,0.1,single_gaussian,gauss,51.65253621500483,1.0,1.1030459018306618,-2.8948173572633786,2.126295744980921,1.1168300526707136,0.29891396403270065,0.005787014267575645,50.433836617657875,0.9764058130219572,0.9197856333142082,0.017807172710466338,51.65253621500483
9,0.1,single_gaussian,pois,,,,,,,,,,,,,51.65253621500483
9,0.1,single_poisson,bern,,,,,,,,,,,,,4.132932121486409
9,0.1,single_poisson,gauss,,,,,,,,,,,,,4.132932121486409
9,0.1,single_poisson,pois,4.132932121486409,1.0,0.9081715497329469,-2.881814117443763,2.815067454896381,0.9746506286205393,0.19407167221880584,0.04695738195405154,0.3070199468189499,0.07428623016158567,3.631840502448654,0.878756387884363,4.132932121486409
9,0.1,per_column_all,bern,0.7047159780938692,0.013545243027550067,1.0245477292984153,-2.9006037219975163,3.434709271634297,0.9700869255942125,0.5956300167701828,0.011448517675841862,0.10087740767242699,0.001938949939248092,0.008208553651259293,0.00015777541246011074,52.02682422607898
9,0.1,per_column_all,gauss,47.176962802295634,0.9067815209571777,1.0829501213622874,-2.8870844573859227,2.2068798090538952,1.102969227747815,0.974505019538353,0.018730818842674475,45.79234810115417,0.8801680437415644,0.4101096816031289,0.007882658372939035,52.02682422607898
9,0.1,per_column_all,pois,4.145145445689482,0.07967323601527239,0.9052997517073794,-2.1306577945534686,3.0621165403451873,0.8907104528679495,0.27029029489187034,0.005195210334525561,0.13017818094301684,0.002502135828574439,3.744676969854594,0.07197588985217238,52.02682422607898
9,0.1,all_gaussian,bern,6.63972566039414,0.1275256992091548,0.6377117151637165,-0.4961276216365823,1.7926058506854927,0.13445553053000944,5.700329133032733,0.10948320692652877,0.11831683870109672,0.002272448946735321,0.8210796886603122,0.015770043335890757,52.06578518345805
9,0.1,all_gaussian,gauss,34.180898435717225,0.6564944390116857,0.9628516397247436,-2.9089009420703458,2.2281312750838427,1.091991431272492,1.0875824237515024,0.02088862042355295,32.90799238368727,0.632046405671849,0.18532362827842533,0.0035594129162831675,52.06578518345805
9,0.1,all_gaussian,pois,11.245161087346682,0.21597986177915954,2.6319005796068042,-1.8316577216370376,14.250159252579376,3.0940317662134493,2.6717970032938956,0.051315792009658565,0.2623718765735417,0.005039237872799824,8.310992207479245,0.15962483189670118,52.06578518345805
