trial,col,block,family,intended_dominant_dim,f_1,f_2,f_3,f_norm,dominant_loading_abs,off_dim_norm,dominant_share_of_sq_norm,eta_min,eta_max,eta_mean,eta_var,x_mean,x_var,true_c_mean,true_t_col,true_t_dim1,true_t_dim2,true_t_dim3,z_corr_12,z_corr_13,z_corr_23,bernoulli_event_rate,poisson_mean,poisson_var,gaussian_var
0,0,bern,bernoulli,1,0.9739446557032372,0.21838773499447262,0.06114413161609891,1.0,0.9739446557032372,0.22678581884038243,0.9485681923728972,-2.1487324182024974,3.0656024588670396,-5.551115123125783e-17,1.039319286396063,0.475,0.24937500000000004,0.20602610867534876,0.20602610867534876,0.19542981348779767,0.00982604498232744,0.0007702502052236784,0.09015456878353459,-0.013511049855580933,0.09650040227918254,0.475,,,
0,1,bern,bernoulli,1,0.9983511684037065,-0.03678287657943715,0.04406772671123317,1.0,0.9983511684037065,0.05740160752935412,0.996705055453046,-2.3151030795851506,2.9824197443898846,-6.661338147750939e-17,0.9918769654111174,0.4875,0.24984375,0.20769669671289964,0.20769669671289964,0.20701234761464513,0.00028100947868303633,0.0004033396195714993,0.09015456878353459,-0.013511049855580933,0.09650040227918254,0.4875,,,
0,2,bern,bernoulli,1,0.9958675092786341,-0.058538254839632084,-0.06943469365886076,0.9999999999999999,0.9958675092786341,0.09081797158695819,0.9917520960368305,-2.4368197686264654,2.9838808963201546,-4.4408920985006264e-17,0.9921416219915249,0.5,0.25,0.20798091418912362,0.2079809141891236,0.2062655075827195,0.0007126938723025148,0.0010027127341015836,0.09015456878353459,-0.013511049855580933,0.09650040227918254,0.5,,,
0,3,gauss,gaussian,2,-0.07344592739653506,0.978337876962868,-0.1935476536893469,1.0,0.978337876962868,0.20701448862286995,0.9571450015002116,-3.1002360067113184,1.856326931702711,1.6653345369377347e-17,0.9501141046945578,0.02442180021734571,0.9927042691150504,11.111111111111112,11.111111111111114,0.05993671390152334,10.634944461113466,0.41622993609612624,0.09015456878353459,-0.013511049855580933,0.09650040227918254,,,,0.9927042691150504
0,4,gauss,gaussian,2,-0.0557824766906607,0.9923889565934068,0.10978376075588327,0.9999999999999998,0.9923889565934068,0.12314283913995593,0.9848358411685509,-3.0630568355810466,2.03588018394207,4.4408920985006264e-17,1.0112110345791767,-0.010287785505951896,0.9481382500021056,11.111111111111112,11.111111111111109,0.034574274508267826,10.942620457428342,0.13391637917450017,0.09015456878353459,-0.013511049855580933,0.09650040227918254,,,,0.9481382500021056
0,5,gauss,gaussian,2,0.026968651797089495,0.9707865694636321,0.23842426128496258,1.0,0.9707865694636321,0.2399446530953184,0.9424265634509673,-2.933107728951591,2.2635433266800415,3.3306690738754695e-17,1.0492186736442577,-0.010475897740564432,1.1037743646894438,11.111111111111112,11.111111111111112,0.008081201997251762,10.471406260566305,0.6316236485475568,0.09015456878353459,-0.013511049855580933,0.09650040227918254,,,,1.1037743646894438
0,6,pois,poisson,3,0.14849150345021883,-0.07320612335107027,0.9862003533293838,1.0,0.9862003533293838,0.1655562233593123,0.9725911369070015,-2.1778062721693425,2.374182030787049,5.551115123125783e-17,0.9801489037012594,1.75,7.4375,1.635643145688905,1.635643145688905,0.03606548417254421,0.008765634876644324,1.5908120266397163,0.09015456878353459,-0.013511049855580933,0.09650040227918254,,1.75,7.4375,
0,7,pois,poisson,3,-0.04353265208648053,0.01558813128753814,0.9989303871468121,1.0,0.9989303871468121,0.04623939483514224,0.9978619183652798,-2.055398940226309,2.5607352623382975,4.4408920985006264e-17,1.0040580328956734,1.6625,7.023593750000001,1.688988918342726,1.6889889183427265,0.0032007890455280352,0.00041040714202628543,1.685377722155172,0.09015456878353459,-0.013511049855580933,0.09650040227918254,,1.6625,7.023593750000001,
0,8,pois,poisson,3,-0.11898591372356218,0.16937704134909334,0.9783423583793132,0.9999999999999999,0.9783423583793132,0.20699330858944073,0.9571537701991966,-1.981789662708029,2.7105116261457014,6.106226635438361e-17,1.0314936765473401,1.9125,8.254843750000001,1.7384661669244728,1.7384661669244725,0.024612591468198237,0.049874129420769665,1.6639794460355046,0.09015456878353459,-0.013511049855580933,0.09650040227918254,,1.9125,8.254843750000001,
1,0,bern,bernoulli,1,0.990004597080692,0.05928683144796784,0.12796862652993005,0.9999999999999999,0.990004597080692,0.1410350940691588,0.9801091022409035,-2.112752134114931,2.2678987728851565,-4.4408920985006264e-17,0.9936255244676493,0.5625,0.24609375,0.20569814884325774,0.20569814884325768,0.20160662799538104,0.0007230142617284713,0.0033685065861481754,0.07615529970037753,-0.07797738505180854,0.292849072850444,0.5625,,,
1,1,bern,bernoulli,1,0.9937106238880402,-0.11003334512592665,0.02078121585568475,1.0,0.9937106238880402,0.11197855139285333,0.9874608040279581,-1.8456022345332919,2.2981706280050513,-3.3306690738754695e-17,0.9787863411122519,0.4125,0.24234375,0.20586899567052996,0.20586899567052996,0.20328756398924974,0.002492525316587324,8.890636469288602e-05,0.07615529970037753,-0.07797738505180854,0.292849072850444,0.4125,,,
1,2,bern,bernoulli,1,0.9484801314410208,-0.0015278014692119907,0.316832930870979,1.0,0.9484801314410208,0.31683661445865735,0.8996145597383761,-2.4271890806575613,2.2064343889572773,-4.9960036108132046e-17,0.9526298491655926,0.525,0.24937499999999999,0.20804627892013627,0.20804627892013627,0.1871614616159458,4.856169077060819e-07,0.02088433168728278,0.07615529970037753,-0.07797738505180854,0.292849072850444,0.525,,,
1,3,gauss,gaussian,2,-0.275987217835538,0.9489930292378215,-0.15245748931889958,0.9999999999999999,0.9489930292378215,0.31529705114070294,0.900587769541977,-2.369415240538192,2.1446801564816718,6.661338147750939e-17,0.8688068877674475,-0.059780018788073944,0.8737000224561673,11.111111111111112,11.11111111111111,0.8463216045400078,10.006530772688631,0.2582587338824709,0.07615529970037753,-0.07797738505180854,0.292849072850444,,,,0.8737000224561673
1,4,gauss,gaussian,2,0.05041452439724028,0.9662655671633249,-0.2525652973873058,1.0,0.9662655671633249,0.2575477697720135,0.9336691462854619,-2.4081876583740165,1.7887151052348738,5.551115123125783e-17,0.8664686047071448,-0.05330292318853773,1.0477172420884784,11.111111111111112,11.111111111111112,0.028240269668888172,10.374101625394022,0.7087692160482025,0.07615529970037753,-0.07797738505180854,0.292849072850444,,,,1.0477172420884784
1,5,gauss,gaussian,2,-0.04460597703292541,0.9981633600929148,0.0409904059623713,0.9999999999999999,0.9981633600929148,0.06057975377980591,0.9963300934319781,-2.6967307309147763,2.405452300753922,2.2204460492503132e-17,1.0174675760386265,0.0667477414494906,1.1791708754266252,11.111111111111112,11.11111111111111,0.022107702078465217,11.070334371466423,0.018669037566222277,0.07615529970037753,-0.07797738505180854,0.292849072850444,,,,1.1791708754266252
1,6,pois,poisson,3,-0.10369891553262914,0.20904156419977682,0.972393006635829,1.0,0.972393006635829,0.2333491817978643,0.9455481593542673,-3.0209860241860382,2.759757697701578,-4.9960036108132046e-17,1.1314793627702415,1.5875,7.34234375,1.786504965122503,1.786504965122503,0.019211118762413815,0.07806736491124708,1.689226481448842,0.07615529970037753,-0.07797738505180854,0.292849072850444,,1.5875,7.34234375,
1,7,pois,poisson,3,0.054800511913420315,-0.07264345976224851,0.9958513100095806,1.0,0.9958513100095806,0.09099543039187383,0.9917198316477976,-2.7661219397414776,2.374926664869052,-8.326672684688674e-18,0.9485120972650531,1.3125,3.01484375,1.5590941032882313,1.5590941032882317,0.004682109430430232,0.008227452221722267,1.546184541636079,0.07615529970037753,-0.07797738505180854,0.292849072850444,,1.3125,3.01484375,
1,8,pois,poisson,3,0.11615828616181033,-0.3034335369029526,0.9457459179074026,1.0,0.9457459179074026,0.3249071540632563,0.8944353412385154,-2.6848454658385164,1.7911563201489464,-4.9960036108132046e-17,0.8094206101378274,1.4875,3.3498437500000002,1.4157909873962011,1.4157909873962011,0.019102910226497728,0.13035458223556748,1.2663334949341358,0.07615529970037753,-0.07797738505180854,0.292849072850444,,1.4875,3.3498437500000002,
2,0,bern,bernoulli,1,0.9724457579952936,0.10623896341013331,0.20751513296745122,0.9999999999999999,0.9724457579952936,0.23312925118259764,0.9456507522430413,-2.3593436217444097,2.159282907209088,-3.3306690738754695e-17,0.9995260227140139,0.6,0.24000000000000005,0.20553719918876143,0.2055371991887614,0.19436640702678004,0.0023198402714265246,0.008850951890554822,0.0346597967419591,-0.01151019853891946,-0.06781319482011594,0.6,,,
2,1,bern,bernoulli,1,0.9501748682794551,0.023613778818309946,0.3108216677454132,1.0,0.9501748682794551,0.31171737149238277,0.9028322803098798,-2.156215956378797,2.113208308502799,-4.4408920985006264e-17,0.9937611578856231,0.525,0.24937499999999999,0.20544730470586114,0.20544730470586114,0.18548445859111132,0.00011455958458950164,0.019848286530160304,0.0346597967419591,-0.01151019853891946,-0.06781319482011594,0.525,,,
2,2,bern,bernoulli,1,0.9730469810392451,-0.09243765056560277,0.21126962263496984,1.0,0.9730469810392451,0.23060696583236803,0.946820427309589,-2.154839771757994,2.0574179285322884,-2.7755575615628914e-17,0.991681227328,0.525,0.24937499999999996,0.2056017287869872,0.2056017287869872,0.19466791670568545,0.001756809048172827,0.009177003033128937,0.0346597967419591,-0.01151019853891946,-0.06781319482011594,0.525,,,
2,3,gauss,gaussian,2,0.11508787407325254,0.9933142060949334,0.009037101929892636,0.9999999999999999,0.9933142060949334,0.11544214122231167,0.9866731120300078,-3.3096658147880453,2.3869506391177637,-2.2204460492503132e-17,1.0066830888730125,0.03674419641871253,1.1184019848735063,11.111111111111112,11.11111111111111,0.14716909731889816,10.963034578111198,0.0009074356810141023,0.0346597967419591,-0.01151019853891946,-0.06781319482011594,,,,1.1184019848735063
2,4,gauss,gaussian,2,0.03199374331811869,0.96946050431067,-0.2431516624870077,1.0,0.96946050431067,0.24524748843097532,0.9398536694182986,-3.0618188808511797,2.6138498044627756,-1.1102230246251566e-17,1.0342998035846016,0.03476966590462967,1.0303917507741502,11.111111111111112,11.111111111111112,0.011373329016729605,10.442818549092209,0.6569192330021746,0.0346597967419591,-0.01151019853891946,-0.06781319482011594,,,,1.0303917507741502
2,5,gauss,gaussian,2,0.022321645206774682,0.96139183444571,-0.2742762928442331,1.0,0.96139183444571,0.2751831038801485,0.9242742593388874,-3.014620827461196,2.6288045963152467,-1.1102230246251566e-17,1.0373914398548132,0.07086116917783926,1.0932866695503458,11.111111111111112,11.111111111111112,0.005536176052634747,10.269713992654307,0.8358609424041725,0.0346597967419591,-0.01151019853891946,-0.06781319482011594,,,,1.0932866695503458
2,6,pois,poisson,3,-0.07877479183385035,0.022808512548237236,0.9966314784948701,1.0,0.9966314784948701,0.08201034125724298,0.9932743039268705,-1.911265662783415,2.348496541537448,-3.3306690738754695e-17,0.9985997535191536,1.7375,5.6185937500000005,1.640275324185262,1.6402753241852623,0.010178675754059029,0.0008533175526650887,1.6292433308785383,0.0346597967419591,-0.01151019853891946,-0.06781319482011594,,1.7375,5.6185937500000005,
2,7,pois,poisson,3,0.06234206550393355,0.18508044762645565,0.9807439496500063,1.0,0.9807439496500063,0.19529799083683858,0.9618586947750941,-1.9065609935450922,2.3048586764460843,-5.551115123125783e-18,0.9747738945762684,1.725,3.9993750000000006,1.6157396546024654,1.6157396546024654,0.006279625699162435,0.05534679363101429,1.5541132352722888,0.0346597967419591,-0.01151019853891946,-0.06781319482011594,,1.725,3.9993750000000006,
2,8,pois,poisson,3,0.12308096044056793,0.18731745058561766,0.9745579766658995,0.9999999999999999,0.9745579766658995,0.22413556191927245,0.949763249883132,-1.970412893296968,2.340783003112282,-2.2204460492503132e-17,0.9740780619393036,1.5625,3.52109375,1.6219448990715182,1.621944899071518,0.02457071809914859,0.056910522498835894,1.5404636584735334,0.0346597967419591,-0.01151019853891946,-0.06781319482011594,,1.5625,3.52109375,
3,0,bern,bernoulli,1,0.9873656540020962,0.08098937510151574,0.13619760063113737,1.0,0.9873656540020962,0.15845840241846706,0.9748909347029872,-2.5306087867830533,2.423333255653728,-2.2204460492503132e-17,1.0294383100430389,0.525,0.24937499999999996,0.20572610958084026,0.20572610958084026,0.20056051926207452,0.0013494149255011613,0.0038161753932645687,0.1532474571139217,0.022940361248000283,-0.05624355012943968,0.525,,,
3,1,bern,bernoulli,1,0.9770520551661311,-0.20467065087137334,-0.05898479607091884,1.0,0.9770520551661311,0.21300066078686108,0.9546307185043605,-2.4198663069384736,2.4077517108362114,2.2204460492503132e-17,0.9347068653063207,0.55,0.2475,0.20849686148821228,0.20849686148821228,0.19903750868839623,0.008733949233416062,0.0007254035663999948,0.1532474571139217,0.022940361248000283,-0.05624355012943968,0.55,,,
3,2,bern,bernoulli,1,0.9934841191650478,0.10876466316808919,0.034052210101276244,1.0,0.9934841191650478,0.11397063203671921,0.9870106950331508,-2.53548557360456,2.581021880770591,1.1102230246251566e-17,1.0342541479799539,0.475,0.24937499999999996,0.20602801431625237,0.20602801431625237,0.20335185360658417,0.0024372603049504153,0.0002389004047177922,0.1532474571139217,0.022940361248000283,-0.05624355012943968,0.475,,,
3,3,gauss,gaussian,2,-0.009225358879211679,0.9865009707211084,-0.16349534403113974,1.0,0.9865009707211084,0.16375541141077138,0.973184165233689,-3.0037869745034516,3.275216255685648,1.1102230246251566e-17,1.0154227002407459,0.038133910129219,1.0849419560649671,11.111111111111112,11.111111111111114,0.0009456360716694419,10.813157391485436,0.2970080835540083,0.1532474571139217,0.022940361248000283,-0.05624355012943968,,,,1.0849419560649671
3,4,gauss,gaussian,2,0.21969883540060375,0.9742873839236794,0.049965140355765866,1.0,0.9742873839236794,0.22530888470531504,0.9492359064728471,-2.7858102340333857,3.123503277460011,-1.1102230246251566e-17,1.0606329041773208,-0.00335661390389973,1.110277573838363,11.111111111111112,11.111111111111112,0.5363064252931288,10.54706562747608,0.027739058341904255,0.1532474571139217,0.022940361248000283,-0.05624355012943968,,,,1.110277573838363
3,5,gauss,gaussian,2,0.05264747537734724,0.9984874193403392,-0.01584666385903048,1.0,0.9984874193403392,0.05498066404718556,0.9969771265809305,-2.922890189226603,3.284649247093406,0.0,1.017853347510637,-0.025245486343337297,1.1663132171147252,11.111111111111112,11.111111111111112,0.030797296262315383,11.077523628677007,0.002790186171790031,0.1532474571139217,0.022940361248000283,-0.05624355012943968,,,,1.1663132171147252
3,6,pois,poisson,3,0.20623791325229243,-0.003973221841839897,0.9784938102234144,0.9999999999999999,0.9784938102234144,0.20627618222777086,0.9574501366455355,-2.434210562254301,2.2691547393825173,-3.3306690738754695e-17,1.0094450189837076,1.65,5.577499999999999,1.592465022418993,1.5924650224189927,0.06773402966466718,2.513943602532834e-05,1.5247058533183002,0.1532474571139217,0.022940361248000283,-0.05624355012943968,,1.65,5.577499999999999,
3,7,pois,poisson,3,0.05836184334371289,-0.11422186227165178,0.9917395128866853,1.0,0.9917395128866853,0.1282682290330704,0.9835472614207198,-2.5874689528781234,2.033488229342429,-1.6653345369377347e-17,1.0133547599711759,1.7125,4.729843749999999,1.6004625604834573,1.6004625604834573,0.005451343143025522,0.020880648970534342,1.5741305683698974,0.1532474571139217,0.022940361248000283,-0.05624355012943968,,1.7125,4.729843749999999,
3,8,pois,poisson,3,-0.04817976887797414,0.08463011977048507,0.9952469305144821,1.0,0.9952469305144821,0.09738350631139595,0.9905164526984983,-2.5860060072365942,1.9521916061770468,-4.4408920985006264e-17,0.9870757150160779,1.4125,4.292343750000001,1.55237970632672,1.55237970632672,0.0036035236889657143,0.01111854268587498,1.537657639951879,0.1532474571139217,0.022940361248000283,-0.05624355012943968,,1.4125,4.292343750000001,
4,0,bern,bernoulli,1,0.9835055769592688,0.1473878783935724,-0.10485033806649113,1.0,0.9835055769592688,0.18087780430449693,0.9672832199099841,-3.0473506435848337,2.268645792399229,-5.551115123125783e-18,1.0111512231943816,0.55,0.24749999999999997,0.20655471507525475,0.20655471507525475,0.19979690988558174,0.004487026638799446,0.0022707785508735688,0.033674523115245235,0.018561699436697134,-0.16878577510352957,0.55,,,
4,1,bern,bernoulli,1,0.9914690842856106,-0.12258209906213625,0.04430218838131277,1.0,0.9914690842856106,0.13034206882604202,0.9830109450941473,-2.968281870306441,2.016537468940478,5.551115123125783e-18,0.9952784941382141,0.4875,0.24984374999999998,0.20650327104313354,0.20650327104313354,0.20299497563314356,0.0031029947655717093,0.00040530064441827074,0.033674523115245235,0.018561699436697134,-0.16878577510352957,0.4875,,,
4,2,bern,bernoulli,1,0.9381165695359802,-0.34616009923037583,0.010511311186572838,1.0,0.9381165695359802,0.34631965286718086,0.8800626980379553,-2.8673899152540647,2.2063603022271794,-5.551115123125783e-18,0.9797235244674305,0.475,0.24937499999999999,0.20697551103102088,0.20697551103102094,0.18215142666574488,0.024801216124792774,2.2868240483272675e-05,0.033674523115245235,0.018561699436697134,-0.16878577510352957,0.475,,,
4,3,gauss,gaussian,2,-0.07214071565058189,0.9896849749340983,0.12377143262932283,0.9999999999999999,0.9896849749340983,0.1432607775690648,0.9794763496103069,-2.419562964876759,2.3040077419876366,-1.1102230246251566e-17,0.9535092999875818,-0.0047924742823272195,1.1830446723235675,11.111111111111112,11.11111111111111,0.057825365050867904,10.883070551225632,0.17021519483461112,0.033674523115245235,0.018561699436697134,-0.16878577510352957,,,,1.1830446723235675
4,4,gauss,gaussian,2,0.1747585421680913,0.9836499149740392,-0.04350053690299531,1.0,0.9836499149740392,0.1800912123663048,0.9675671552284345,-2.322244517998058,2.344874167404502,-1.6653345369377347e-17,1.0257396182641758,0.02933000955430773,1.2381258965301676,11.111111111111112,11.111111111111112,0.33933942289685054,10.75074616920483,0.021025519009431743,0.033674523115245235,0.018561699436697134,-0.16878577510352957,,,,1.2381258965301676
4,5,gauss,gaussian,2,-0.2634710057418544,0.9622610626399634,0.06809314547283152,1.0,0.9622610626399634,0.27212799805791477,0.9259463526729915,-2.602605823235396,2.2635191368034455,5.551115123125783e-18,0.9601402936875049,0.0019176562976987942,0.9959147702187334,11.111111111111112,11.111111111111112,0.7712996762958253,10.288292807477685,0.05151862733760218,0.033674523115245235,0.018561699436697134,-0.16878577510352957,,,,0.9959147702187334
4,6,pois,poisson,3,-0.30114583039084086,0.015582015576887846,0.9534507798668858,1.0,0.9534507798668858,0.3015486865685665,0.9090683896287725,-2.4107901970623384,2.148161031666099,5.551115123125783e-18,0.9840096160755643,1.5125,3.2748437499999996,1.5769336084617,1.5769336084617005,0.14301023423246176,0.0003828782334713055,1.4335404959957672,0.033674523115245235,0.018561699436697134,-0.16878577510352957,,1.5125,3.2748437499999996,
4,7,pois,poisson,3,-0.1972043753128088,-0.10749284776075725,0.974451498042754,0.9999999999999999,0.974451498042754,0.22459803641668932,0.9495557220377675,-2.2974953783482923,2.0486440671831394,-2.2204460492503132e-17,1.0296532712168798,1.8375,4.43609375,1.5955172932036248,1.5955172932036246,0.06204897450781046,0.01843574332410198,1.5150325753717122,0.033674523115245235,0.018561699436697134,-0.16878577510352957,,1.8375,4.43609375,
4,8,pois,poisson,3,-0.1005752532135966,-0.03489229032229316,0.9943174274431108,1.0,0.9943174274431108,0.10645587575570618,0.9886671465170856,-2.23404851427832,2.223525631130105,-2.2204460492503132e-17,1.0082355813553245,1.6375,3.5810937499999995,1.5906367479142902,1.5906367479142907,0.016089897626886656,0.0019365555817652288,1.5726102947056386,0.033674523115245235,0.018561699436697134,-0.16878577510352957,,1.6375,3.5810937499999995,
5,0,bern,bernoulli,1,0.9724232628520842,-0.11721947280343031,-0.20162488204532697,0.9999999999999999,0.9724232628520842,0.23322306460576775,0.9456070021358939,-2.643199580848213,2.2391105880086,4.4408920985006264e-17,1.014691037808054,0.45,0.24750000000000005,0.2043835936604223,0.20438359366042227,0.1932665572869926,0.0028083133122546555,0.008308723061175034,-0.13744116493949377,0.02451327349054488,-0.14871528680661036,0.45,,,
5,1,bern,bernoulli,1,0.9976603479560565,-0.06695038740032243,-0.013837476039627511,1.0,0.9976603479560565,0.06836541608299099,0.9953261698837995,-2.438990238167137,2.0784820482255273,3.3306690738754695e-17,1.0174080573630497,0.475,0.24937499999999999,0.203582438384533,0.20358243838453305,0.20263092865288188,0.0009125286329697557,3.898109868141084e-05,-0.13744116493949377,0.02451327349054488,-0.14871528680661036,0.475,,,
5,2,bern,bernoulli,1,0.905440214878029,0.33416364262290027,0.261749264049822,1.0,0.905440214878029,0.42447381224479414,0.8198219827183713,-2.1699531086153145,2.072792313955151,8.881784197001253e-17,0.9024339955370777,0.4,0.24000000000000005,0.20817626006762727,0.20817626006762727,0.17066747428353748,0.023246072870998138,0.014262712913091672,-0.13744116493949377,0.02451327349054488,-0.14871528680661036,0.4,,,
5,3,gauss,gaussian,2,-0.016959366539351494,0.996834376584792,0.07767628689241689,1.0,0.996834376584792,0.079506135982131,0.9936787743411909,-2.10031349380446,2.4323320235471413,-8.326672684688674e-18,0.9815523217159887,-0.0007218403910997761,1.0394540748641758,11.111111111111112,11.111111111111112,0.00319577903795639,11.040875270457677,0.0670400616154784,-0.13744116493949377,0.02451327349054488,-0.14871528680661036,,,,1.0394540748641758
5,4,gauss,gaussian,2,-0.5094407884585977,0.8577348776893453,0.06899972934676174,1.0,0.8577348776893453,0.5140922870411927,0.735709120404756,-2.1628064591815224,2.7804831175478184,-1.9428902930940238e-17,1.1007876732115012,-0.07827402817191645,1.2408852844283635,11.111111111111112,11.111111111111114,2.8836657438368642,8.17454578227507,0.05289958499918194,-0.13744116493949377,0.02451327349054488,-0.14871528680661036,,,,1.2408852844283635
5,5,gauss,gaussian,2,0.328905662877325,0.906173535511672,-0.26583940352307445,1.0,0.906173535511672,0.42290604575753765,0.8211504764617235,-2.0503395685031083,2.4955654679764594,2.2204460492503132e-17,0.9854358631802291,0.07584935810138697,1.0440857865651108,11.111111111111112,11.111111111111112,1.2019881674752508,9.123894182908039,0.7852287607278223,-0.13744116493949377,0.02451327349054488,-0.14871528680661036,,,,1.0440857865651108
5,6,pois,poisson,3,-0.005091014884940306,-0.08105351488619658,0.9966967489121425,1.0,0.9966967489121425,0.08121324219587389,0.9934044092920343,-2.1463241923952423,2.433822138049562,-1.1102230246251566e-17,1.0236659602022178,1.5875,7.917343750000001,1.676488722234255,1.6764887222342555,4.345195988262245e-05,0.01101398147849471,1.665431288795878,-0.13744116493949377,0.02451327349054488,-0.14871528680661036,,1.5875,7.917343750000001,
5,7,pois,poisson,3,-0.0872447645252055,0.024103284862511037,0.9958952669441592,1.0,0.9958952669441592,0.09051307794027252,0.9918073827217782,-2.0319373091755097,2.3648282362395037,3.3306690738754695e-17,0.9891786669182554,1.875,5.584375,1.6520956356783814,1.6520956356783814,0.012575171989230433,0.0009598152609032856,1.6385606484282478,-0.13744116493949377,0.02451327349054488,-0.14871528680661036,,1.875,5.584375,
5,8,pois,poisson,3,-0.17111517083690425,-0.18083489909190276,0.9685134679393357,1.0,0.9685134679393357,0.2489611664901207,0.9380183375798784,-2.2424007206630505,2.541912469305498,2.7755575615628914e-17,1.0354614115937695,1.6125,6.36234375,1.7031003859940987,1.7031003859940992,0.049867463421225916,0.055693529771039064,1.5975393928018342,-0.13744116493949377,0.02451327349054488,-0.14871528680661036,,1.6125,6.36234375,
6,0,bern,bernoulli,1,0.9767655644089175,-0.21249139784930035,-0.02786463753540066,1.0,0.9767655644089175,0.21431059746295522,0.9540709678150712,-2.2210173119099244,2.4112239552644987,1.6653345369377347e-17,0.8851606358852926,0.4875,0.24984374999999998,0.2099609760465458,0.2099609760465458,0.20031767162012493,0.009480282740856591,0.0001630216855642976,0.24641128534743073,0.25676812667815196,0.12034277765227248,0.4875,,,
6,1,bern,bernoulli,1,0.9997585874444762,-0.018911812270455967,0.011185266544547788,0.9999999999999999,0.9997585874444762,0.021971955557609103,0.9995172331689745,-2.205937911766834,2.5339493923878518,0.0,0.9963738221599854,0.5,0.25,0.20568439894800025,0.20568439894800022,0.20558510134252872,7.35643917178147e-05,2.573321375370613e-05,0.24641128534743073,0.25676812667815196,0.12034277765227248,0.5,,,
6,2,bern,bernoulli,1,0.9897068719426502,0.14102010453684838,-0.024364682347838645,1.0,0.9897068719426502,0.14310942536917234,0.9795196923705053,-2.0830868618746856,2.500611101800307,-2.7755575615628915e-18,1.0555722072840399,0.45,0.24750000000000005,0.2038469144678296,0.2038469144678296,0.19967206695020515,0.004053836294808838,0.0001210112228156111,0.24641128534743073,0.25676812667815196,0.12034277765227248,0.45,,,
6,3,gauss,gaussian,2,-0.24891976849702493,0.9663150744257019,0.06537679855298698,1.0,0.9663150744257019,0.25736195705202863,0.9337648230623498,-2.7898761899646156,2.162258254651175,6.106226635438361e-17,0.888307098359733,0.016680342118216035,0.9204039781747081,11.111111111111112,11.111111111111112,0.6884561238734721,10.375164700692777,0.04749028654486489,0.24641128534743073,0.25676812667815196,0.12034277765227248,,,,0.9204039781747081
6,4,gauss,gaussian,2,0.2465467053658624,0.9691306280580518,-0.0007401574458228858,1.0,0.9691306280580518,0.24654781637606518,0.939214174240194,-2.8809601544606793,2.850206621924953,3.3306690738754695e-17,1.117486677916189,0.04425171681488517,1.245008188659225,11.111111111111112,11.111111111111112,0.6753919769640152,10.435713047113268,6.087033828967314e-06,0.24641128534743073,0.25676812667815196,0.12034277765227248,,,,1.245008188659225
6,5,gauss,gaussian,2,-0.09906994772993355,0.9830267522793109,-0.1544135672794931,0.9999999999999999,0.9830267522793109,0.1834622694266868,0.9663415956968098,-2.8302269449650113,2.2486011337034424,3.8857805861880476e-17,0.9233264376158707,-0.028430592938249382,1.0633141067709122,11.111111111111112,11.11111111111111,0.10905393936901962,10.737128841075664,0.26492833066642824,0.24641128534743073,0.25676812667815196,0.12034277765227248,,,,1.0633141067709122
6,6,pois,poisson,3,-0.16086470942081074,-0.08071291489854819,0.9836706616706316,1.0,0.9836706616706316,0.1799778579949825,0.9676079706315379,-2.266331802639316,2.20264648070379,-5.551115123125783e-17,0.9060286312995103,1.3,4.834999999999999,1.593279270505611,1.5932792705056114,0.041230012205976045,0.010379536716403667,1.5416697215832316,0.24641128534743073,0.25676812667815196,0.12034277765227248,,1.3,4.834999999999999,
6,7,pois,poisson,3,0.18188251572080902,0.08942927361423471,0.9792451968204389,1.0,0.9792451968204389,0.20267916642837253,0.9589211554959001,-2.310488674412744,3.1389539902053105,-2.2204460492503132e-17,1.1205583656208693,2.0875,12.729843750000002,1.8138536716990745,1.8138536716990745,0.06000454591518817,0.014506467017728966,1.7393426587661576,0.24641128534743073,0.25676812667815196,0.12034277765227248,,2.0875,12.729843750000002,
6,8,pois,poisson,3,-0.28092428568402483,-0.07774499819718814,0.9565757999072731,0.9999999999999999,0.9565757999072731,0.29148368570429517,0.9150372609682397,-2.3582317646730564,2.0742293627424733,-4.4408920985006264e-17,0.8548637091434175,1.4625,3.8235937499999992,1.5456314547485117,1.5456314547485113,0.12197884530624276,0.0093422366228352,1.4143103728194335,0.24641128534743073,0.25676812667815196,0.12034277765227248,,1.4625,3.8235937499999992,
7,0,bern,bernoulli,1,0.9999404731468893,0.00662241321721619,-0.00867143621067536,1.0,0.9999404731468893,0.010911011079431146,0.9998809498372245,-2.556047092240089,2.1846063093910537,-1.6653345369377347e-17,0.9981223762200985,0.4625,0.24859375000000003,0.20600357881349698,0.20600357881349704,0.20597905405390696,9.03456645855101e-06,1.5490193131504884e-05,0.0013299270059478833,0.10824700028965861,0.15703053058143426,0.4625,,,
7,1,bern,bernoulli,1,0.9955218649329134,-0.08539801653263214,-0.04053881119108699,1.0,0.9955218649329134,0.09453156319713728,0.9910637835595056,-2.632820068775919,2.0808096725305214,-2.4980018054066023e-17,0.9921240221551748,0.4125,0.24234375000000002,0.2062920262249442,0.20629202622494425,0.20444855602865,0.0015044508679601092,0.00033901932833412093,0.0013299270059478833,0.10824700028965861,0.15703053058143426,0.4125,,,
7,2,bern,bernoulli,1,0.9731099841302066,0.22595598447403217,-0.04473088269283543,1.0,0.9731099841302066,0.23034096202392915,0.9469430412138908,-2.2348167001428125,2.2401709313592324,5.551115123125783e-18,0.987987001770399,0.5125,0.24984375000000006,0.20641591504889062,0.20641591504889062,0.19546411435134461,0.010538793028649232,0.000413007668896792,0.0013299270059478833,0.10824700028965861,0.15703053058143426,0.5125,,,
7,3,gauss,gaussian,2,0.049240308054981474,0.9792775532539021,0.19644557962881623,1.0,0.9792775532539021,0.20252277327019527,0.9589845263069491,-2.8779112282396127,2.803435022300838,0.0,1.0626398303304794,-0.029333498865396546,1.0718708277607063,11.111111111111112,11.111111111111112,0.026940088192771928,10.65538362563277,0.42878739728557314,0.0013299270059478833,0.10824700028965861,0.15703053058143426,,,,1.0718708277607063
7,4,gauss,gaussian,2,0.028062044741357428,0.9775290884118842,-0.20892439530501128,1.0,0.9775290884118842,0.21080057236314767,0.9555631186913693,-2.7256633363284983,2.1140643151994265,2.7755575615628914e-17,0.9346631047258314,0.06115119875565243,1.010497110857168,11.111111111111112,11.111111111111112,0.008749759500732734,10.61736798545966,0.4849933661507181,0.0013299270059478833,0.10824700028965861,0.15703053058143426,,,,1.010497110857168
7,5,gauss,gaussian,2,-0.03709025660658391,0.998486844739758,-0.040599676679747634,1.0,0.998486844739758,0.054991098203639566,0.9969759791183577,-2.7592696083508765,2.29986984117183,5.551115123125783e-18,0.9874960189932185,0.0033765595189526624,1.058483393667011,11.111111111111112,11.111111111111112,0.015285412612691573,11.077510879092864,0.018314819405556047,0.0013299270059478833,0.10824700028965861,0.15703053058143426,,,,1.058483393667011
7,6,pois,poisson,3,-0.15931434024991456,-0.06955426500986935,0.984774667225793,1.0,0.984774667225793,0.17383571206840298,0.9697811452096713,-1.949436947419851,2.6287067822019643,-2.4980018054066023e-17,0.9445523060460157,1.6375,4.956093750000001,1.6959742835082374,1.6959742835082374,0.04304562336791943,0.008204777233547724,1.6447238829067703,0.0013299270059478833,0.10824700028965861,0.15703053058143426,,1.6375,4.956093750000001,
7,7,pois,poisson,3,0.15450665371797087,-0.10819965940365885,0.9820491472741103,0.9999999999999999,0.9820491472741103,0.18862521660210943,0.9644205276618073,-2.2249248758911473,2.6186153779940615,-3.3306690738754695e-17,0.9994335389705853,1.8,8.21,1.7500344010389373,1.750034401038937,0.04177735680759839,0.02048794375505218,1.6877691004762865,0.0013299270059478833,0.10824700028965861,0.15703053058143426,,1.8,8.21,
7,8,pois,poisson,3,-0.044202399563500215,0.037399044455758104,0.998322322372201,0.9999999999999999,0.998322322372201,0.057901128256495064,0.9966474593466249,-2.0594713842364993,2.8591892287052616,-1.6653345369377347e-17,1.0021679815180888,1.65,7.8774999999999995,1.762204521674652,1.7622045216746518,0.0034430870531849444,0.00246477524529074,1.7562966593761762,0.0013299270059478833,0.10824700028965861,0.15703053058143426,,1.65,7.8774999999999995,
8,0,bern,bernoulli,1,0.9956857493639825,-0.00591925111058938,-0.0926004912501809,1.0000000000000002,0.9956857493639825,0.09278948492951719,0.9913901114865149,-2.139414462144102,2.146996887137134,-1.6653345369377347e-17,0.9953547980360298,0.525,0.24937499999999999,0.20512841410549312,0.2051284141054932,0.20336228132909692,7.187193724143872e-06,0.0017589455826721445,-0.07708877220284403,0.031686734233729044,0.2638229362031517,0.525,,,
8,1,bern,bernoulli,1,0.9255078672247599,-0.21678474336651316,-0.3105471989063679,1.0,0.9255078672247599,0.37872838249209184,0.8565648122949238,-2.2744940397895475,1.9899829681631884,-1.1102230246251566e-17,1.0482412692932275,0.3375,0.22359375000000004,0.2030364945949871,0.2030364945949871,0.17391391688177443,0.009541826952465401,0.01958075076074726,-0.07708877220284403,0.031686734233729044,0.2638229362031517,0.3375,,,
8,2,bern,bernoulli,1,0.8809946928798287,-0.47219978620333414,0.029592448818944538,0.9999999999999999,0.8809946928798287,0.47312614715060536,0.7761516488824237,-2.0286959890222573,2.1567256295702544,1.9428902930940238e-17,1.0584178187991067,0.475,0.24937499999999999,0.20293696106513756,0.20293696106513753,0.15750985694989472,0.045249389574757624,0.0001777145404852023,-0.07708877220284403,0.031686734233729044,0.2638229362031517,0.475,,,
8,3,gauss,gaussian,2,0.052161464628565246,0.9968927894228041,-0.05902497780282194,1.0,0.9968927894228041,0.07877033957537989,0.9937952336031793,-2.116762261097665,2.120084382536419,-5.551115123125783e-17,0.9607402319085889,0.03494243350428002,1.1072159147973035,11.111111111111112,11.111111111111112,0.03023131546885626,11.04216926225755,0.038710533384706924,-0.07708877220284403,0.031686734233729044,0.2638229362031517,,,,1.1072159147973035
8,4,gauss,gaussian,2,0.19807960613003983,0.973390219224042,-0.11522131206655938,0.9999999999999999,0.973390219224042,0.2291538372337919,0.9474885188810288,-1.9076126227300447,1.9613414229193669,-8.326672684688674e-17,0.9096485678538354,0.02308833771455382,1.0336749074586042,11.111111111111112,11.11111111111111,0.4359503373847968,10.527650209789208,0.14751056393710513,-0.07708877220284403,0.031686734233729044,0.2638229362031517,,,,1.0336749074586042
8,5,gauss,gaussian,2,0.11196456261257447,0.9816302448489702,-0.15448624248367712,0.9999999999999999,0.9816302448489702,0.19079324515755416,0.9635979376022494,-2.041695481871148,2.0913064517218385,-6.106226635438361e-17,0.9019418797719402,-0.04247819822334084,1.0710597427609607,11.111111111111112,11.11111111111111,0.1392895920113901,10.706643751136104,0.26517776796361653,-0.07708877220284403,0.031686734233729044,0.2638229362031517,,,,1.0710597427609607
8,6,pois,poisson,3,0.13695423584650157,-0.13255343392285276,0.9816685410254119,1.0,0.9816685410254119,0.19059610583912567,0.9636731244389608,-2.614115950759502,2.1852318385143246,1.6653345369377347e-17,0.9426599158906821,1.475,4.149375,1.5149565427093894,1.5149565427093894,0.02841522591014216,0.0266184118972441,1.4599229049020033,-0.07708877220284403,0.031686734233729044,0.2638229362031517,,1.475,4.149375,
8,7,pois,poisson,3,-0.13966681076325227,0.1401850379714872,0.9802251461272327,1.0,0.9802251461272327,0.19788547925465721,0.9608413371001546,-2.2669705383168752,2.6029385137021426,1.6653345369377347e-17,1.0668478820582368,1.55,4.897499999999999,1.696407195285842,1.696407195285842,0.03309150646115079,0.03333753103991975,1.6299781577847714,-0.07708877220284403,0.031686734233729044,0.2638229362031517,,1.55,4.897499999999999,
8,8,pois,poisson,3,0.01919285253878129,-0.2605657087805826,0.9652653240529764,1.0,0.9652653240529764,0.2612716099787781,0.9317371458190973,-2.5069359066382306,2.2028226123928625,2.7755575615628914e-17,0.8692342365588216,1.35,2.8275000000000006,1.4804402030406145,1.4804402030406147,0.0005453432267437457,0.10051373047696384,1.3793811293369074,-0.07708877220284403,0.031686734233729044,0.2638229362031517,,1.35,2.8275000000000006,
9,0,bern,bernoulli,1,0.9854640583420273,-0.1328941412962206,0.10582880952369024,1.0,0.9854640583420273,0.16988404785635794,0.9711394102839387,-1.7125940349016175,2.4451626911031767,-4.4408920985006264e-17,0.9306266146301635,0.5125,0.24984375000000006,0.20835110948087948,0.20835110948087948,0.20233797359326564,0.0036796582733541355,0.0023334776142597082,0.13611439341541884,-0.17059320218362858,-0.06615623924682959,0.5125,,,
9,1,bern,bernoulli,1,0.9913874908345583,0.036825176450668684,-0.1256771633835498,0.9999999999999999,0.9913874908345583,0.13096122715047492,0.9828491569832417,-2.120959360858109,2.659895796986193,0.0,1.0530609278073615,0.4,0.24000000000000005,0.20305967690679125,0.2030596769067912,0.19957703226512916,0.00027536793245904346,0.003207276709203005,0.13611439341541884,-0.17059320218362858,-0.06615623924682959,0.4,,,
9,2,bern,bernoulli,1,0.9436391699628478,-0.29371052634537453,0.15257537031169455,1.0,0.9436391699628478,0.3309760065500635,0.8904548830881723,-1.8663193491412882,2.578035947567177,-2.2204460492503132e-17,0.8813565838437343,0.6,0.24000000000000005,0.21045876346336997,0.21045876346336997,0.18740403361465643,0.018155409020875514,0.004899320827838034,0.13611439341541884,-0.17059320218362858,-0.06615623924682959,0.6,,,
9,3,gauss,gaussian,2,0.12377000030728708,0.9922987309492024,0.004920932892928225,1.0,0.9922987309492024,0.12386778659765678,0.9846567714433974,-2.63696678440023,1.9832274682064952,4.9960036108132046e-17,1.0325803815062176,0.02533239256982974,1.1204272625558513,11.111111111111112,11.111111111111114,0.1702112552896205,10.94063079381553,0.0002690620059633661,0.13611439341541884,-0.17059320218362858,-0.06615623924682959,,,,1.1204272625558513
9,4,gauss,gaussian,2,0.09823568158513603,0.9939851795017964,-0.04840675360200752,1.0,0.9939851795017964,0.10951466993413138,0.9880065370692183,-2.6761133468135037,2.032236720040928,2.7755575615628914e-17,1.0345704559385571,0.01404352763036298,1.1933371999643287,11.111111111111112,11.111111111111114,0.10722499040551373,10.977850411880206,0.02603570882539409,0.13611439341541884,-0.17059320218362858,-0.06615623924682959,,,,1.1933371999643287
9,5,gauss,gaussian,2,0.13226569055169196,0.9888315667202339,-0.0686871149524546,1.0,0.9888315667202339,0.14903735322934208,0.9777878673423923,-2.6777904447506167,2.077097392927974,3.3306690738754695e-17,1.0476907148294086,-0.020913866761299044,1.1851750784981945,11.111111111111112,11.111111111111112,0.1943801433012882,10.864309637137694,0.05242133067213013,0.13611439341541884,-0.17059320218362858,-0.06615623924682959,,,,1.1851750784981945
9,6,pois,poisson,3,0.17386614766360475,-0.13775415236755983,0.9750868454666551,0.9999999999999999,0.9750868454666551,0.2218234518663148,0.9507943562021127,-2.3468522921626698,2.781153145435853,3.8857805861880476e-17,0.9534095202117763,1.6875,4.43984375,1.6315391932118442,1.631539193211844,0.04932051174920857,0.030960424634265866,1.5512582568283695,0.13611439341541884,-0.17059320218362858,-0.06615623924682959,,1.6875,4.43984375,
9,7,pois,poisson,3,-0.06683994911635222,0.16663790230338876,0.9837500854983697,1.0,0.9837500854983697,0.17954322399341688,0.9677642307180497,-2.1754069148728377,2.7939613536823207,5.551115123125783e-17,0.9977122102391245,1.4125,3.5673437500000005,1.6379001057044824,1.6379001057044824,0.007317447785285111,0.04548152212908658,1.5851011357901108,0.13611439341541884,-0.17059320218362858,-0.06615623924682959,,1.4125,3.5673437500000005,
9,8,pois,poisson,3,0.1175614495531639,-0.1589756146024843,0.98025815963996,1.0,0.98025815963996,0.19772187653185652,0.9609060595407213,-2.293133236810895,2.8676243404982658,4.4408920985006264e-17,0.9762128892113431,1.6375,7.356093750000001,1.6567781366254253,1.6567781366254253,0.022897824349761887,0.04187216147770724,1.5920081507979562,0.13611439341541884,-0.17059320218362858,-0.06615623924682959,,1.6375,7.356093750000001,
