trial,y_obs_rate,regime,condition,block,t_block,t_block_share,fnorm_mean,trace,lambda_min,lambda_max,eig1,eig2,eig3,coverage_index,effective_rank,t_total,to_dim1,to_dim2,to_dim3
0,1.0,complementary,single_bernoulli,bern,0.8725850250250782,1.0,1.2046018915042067,0.8725850250250781,0.0007949646382622265,0.7617515764190774,0.7617515764190774,0.11003848396773844,0.0007949646382622265,0.0009110454746107742,1.2853432136393008,0.8725850250250782,0.7173939329706043,0.09098404894993993,0.06420704310453393
0,1.0,complementary,single_bernoulli,gauss,,,,,,,,,,,,0.8725850250250782,,,
0,1.0,complementary,single_bernoulli,pois,,,,,,,,,,,,0.8725850250250782,,,
0,1.0,complementary,single_gaussian,bern,,,,,,,,,,,,39.98779244139898,,,
0,1.0,complementary,single_gaussian,gauss,39.98779244139898,1.0,1.0110036489484056,39.98779244139899,0.010362065229776223,37.9420520445599,37.9420520445599,2.0353783316093055,0.010362065229776223,0.0002591307145789942,1.1075547699579682,39.98779244139898,1.4278344474629394,37.5707658323899,0.9891921615461148
0,1.0,complementary,single_gaussian,pois,,,,,,,,,,,,39.98779244139898,,,
0,1.0,complementary,single_poisson,bern,,,,,,,,,,,,6.344678596100271,,,
0,1.0,complementary,single_poisson,gauss,,,,,,,,,,,,6.344678596100271,,,
0,1.0,complementary,single_poisson,pois,6.344678596100271,1.0,1.0616258938254683,6.344678596100275,0.0360655090931524,5.936224355384397,5.936224355384397,0.37238873162272607,0.0360655090931524,0.005684371327386053,1.137828924157321,6.344678596100271,0.09879253424425598,0.4728140403085967,5.773072021547424
0,1.0,complementary,per_column_all,bern,0.7721985050795909,0.016800010039834203,1.1266733073221895,0.7721985050795913,5.7463957476509626e-05,0.665124750493618,0.665124750493618,0.10701629062849682,5.7463957476509626e-05,7.44160434117737e-05,1.3138683968874862,45.964169262318585,0.6557259363614494,0.1038455550022328,0.012627013715909283
0,1.0,complementary,per_column_all,gauss,39.06235313604777,0.8498435577747094,1.0187969924288602,39.062353136047776,0.01037623657892702,37.10254096954519,37.10254096954519,1.9494359299236592,0.01037623657892702,0.00026563265512418794,1.1053814750745108,45.964169262318585,1.6142182569048509,36.80414346625456,0.6439914128883932
0,1.0,complementary,per_column_all,pois,6.129617621191223,0.13335643218545631,1.0578778684238168,6.12961762119122,0.032604798588402664,5.747271185109042,5.747271185109042,0.34974163749377485,0.032604798588402664,0.005319222275086436,1.133245945704697,45.964169262318585,0.03756048797962424,0.48768931576281965,5.604367817448786
0,1.0,full_coverage,single_bernoulli,bern,0.46464644826376655,1.0,0.8419192570594108,0.46464644826376655,0.07349946117689234,0.24029103198557344,0.24029103198557344,0.15085595510130076,0.07349946117689234,0.15818362854496368,2.5133603477982,0.46464644826376655,0.12328372910854768,0.17323450722829375,0.16812821192692523
0,1.0,full_coverage,single_bernoulli,gauss,,,,,,,,,,,,0.46464644826376655,,,
0,1.0,full_coverage,single_bernoulli,pois,,,,,,,,,,,,0.46464644826376655,,,
0,1.0,full_coverage,single_gaussian,bern,,,,,,,,,,,,40.13914195522095,,,
0,1.0,full_coverage,single_gaussian,gauss,40.13914195522095,1.0,1.0012374877949468,40.13914195522096,7.849425425629778,22.625197613057537,22.625197613057537,9.664518916533645,7.849425425629778,0.1955553866693653,2.415822657582796,40.13914195522095,11.417937758842243,15.293115491174927,13.42808870520376
0,1.0,full_coverage,single_gaussian,pois,,,,,,,,,,,,40.13914195522095,,,
0,1.0,full_coverage,single_poisson,bern,,,,,,,,,,,,5.821659647581393,,,
0,1.0,full_coverage,single_poisson,gauss,,,,,,,,,,,,5.821659647581393,,,
0,1.0,full_coverage,single_poisson,pois,5.821659647581393,1.0,1.0471506945845157,5.821659647581393,0.8507385411680949,2.748061377346996,2.748061377346996,2.2228597290663017,0.8507385411680949,0.1461333352803498,2.5643098457534523,5.821659647581393,2.4903619201505407,0.959176012439082,2.3721217149917666
0,1.0,full_coverage,per_column_all,bern,0.5427416150056807,0.01039221693082649,0.9171326604343202,0.5427416150056809,0.09635596167385972,0.29296304349435937,0.29296304349435937,0.15342260983746175,0.09635596167385972,0.1775356062808104,2.4826606199838572,52.225778062402,0.1604873180031497,0.20987959834298942,0.17237469865954183
0,1.0,full_coverage,per_column_all,gauss,45.84647141637684,0.8778513813924833,1.0102106453573114,45.84647141637685,8.931403835373276,26.019169537476742,26.019169537476742,10.895898043526836,8.931403835373276,0.19481115033387025,2.400831920691017,52.225778062402,13.291726428793638,16.30316302552096,16.25158196206226
0,1.0,full_coverage,per_column_all,pois,5.836565031019473,0.11175640167669021,1.0439675105556232,5.836565031019473,1.0147532571252946,2.8307816036912548,2.8307816036912548,1.9910301702029236,1.0147532571252946,0.17386138109182475,2.618961877948147,52.225778062402,2.6396304456240713,1.142113781968118,2.054820803427286
0,1.0,shared,y_only,bern,0.0,,0.0,0.0,,,,,,,,0.0,0.0,0.0,0.0
0,1.0,shared,y_only,gauss,0.0,,0.0,0.0,,,,,,,,0.0,0.0,0.0,0.0
0,1.0,shared,y_only,pois,0.0,,0.0,0.0,,,,,,,,0.0,0.0,0.0,0.0
0,0.1,complementary,single_bernoulli,bern,1.0105873733230144,1.0,1.2854900595499907,1.0105873733230144,0.0010310111467749727,0.900063187589009,0.900063187589009,0.10949317458723026,0.0010310111467749727,0.0010202098047047638,1.242284900483462,1.0105873733230144,0.8310182960015806,0.15675752984322594,0.02281154747820702
0,0.1,complementary,single_bernoulli,gauss,,,,,,,,,,,,1.0105873733230144,,,
0,0.1,complementary,single_bernoulli,pois,,,,,,,,,,,,1.0105873733230144,,,
0,0.1,complementary,single_gaussian,bern,,,,,,,,,,,,32.113420123710625,,,
0,0.1,complementary,single_gaussian,gauss,32.113420123710625,1.0,0.9838566596957051,32.113420123710625,0.001345244475059432,31.256135417720294,31.256135417720294,0.8559394615152699,0.001345244475059432,4.1890414346311995e-05,1.0548167001690296,32.113420123710625,1.7912192292596771,29.82118500852198,0.5010158859289858
0,0.1,complementary,single_gaussian,pois,,,,,,,,,,,,32.113420123710625,,,
0,0.1,complementary,single_poisson,bern,,,,,,,,,,,,5.602341716433871,,,
0,0.1,complementary,single_poisson,gauss,,,,,,,,,,,,5.602341716433871,,,
0,0.1,complementary,single_poisson,pois,5.602341716433871,1.0,1.0219596677603062,5.602341716433871,0.03894100540257289,5.187704594374102,5.187704594374102,0.3756961166571962,0.03894100540257289,0.006950844374298628,1.1600923641215621,5.602341716433871,0.8227629909677471,0.3407575886620216,4.438821136804101
0,0.1,complementary,per_column_all,bern,1.0123695766410055,0.021504612131471177,1.326464264980613,1.0123695766410057,0.009157359596180742,0.8941093079927894,0.8941093079927894,0.1091029090520356,0.009157359596180742,0.009045470950010596,1.2630866014918374,47.0768582317019,0.8836103908977991,0.11061631245641107,0.01814287328679557
0,0.1,complementary,per_column_all,gauss,39.596565170010166,0.8411046670770725,1.0121950689936507,39.59656517001017,0.03791047067340583,37.64504346357911,37.64504346357911,1.9136112357576665,0.03791047067340583,0.0009574181626773688,1.1035149366771912,47.0768582317019,2.216782653557598,36.886553414146775,0.49322910230581624
0,0.1,complementary,per_column_all,pois,6.467923485050729,0.13739072079145637,1.0363565340336836,6.467923485050728,0.029390882662292037,6.040290288377936,6.040290288377936,0.3982423140105005,0.029390882662292037,0.0045440986941516865,1.1416162619831651,47.0768582317019,0.07138717533537943,0.4799257953593809,5.91661051435597
0,0.1,full_coverage,single_bernoulli,bern,0.2696710894221158,1.0,0.6205440282051387,0.2696710894221159,0.05138050295266243,0.1253687670849443,0.1253687670849443,0.09292181938450914,0.05138050295266243,0.1905302606325611,2.6942492014724344,0.2696710894221158,0.10591728364556594,0.06806647005263927,0.09568733572391058
0,0.1,full_coverage,single_bernoulli,gauss,,,,,,,,,,,,0.2696710894221158,,,
0,0.1,full_coverage,single_bernoulli,pois,,,,,,,,,,,,0.2696710894221158,,,
0,0.1,full_coverage,single_gaussian,bern,,,,,,,,,,,,15.660364589003844,,,
0,0.1,full_coverage,single_gaussian,gauss,15.660364589003844,1.0,0.9272122138871173,15.660364589003843,3.689939426776622,8.082299701912456,8.082299701912456,3.888125460314765,3.689939426776622,0.23562283022245648,2.6074369189160547,15.660364589003844,5.55709432314501,4.881006699810152,5.222263566048689
0,0.1,full_coverage,single_gaussian,pois,,,,,,,,,,,,15.660364589003844,,,
0,0.1,full_coverage,single_poisson,bern,,,,,,,,,,,,6.432064824656549,,,
0,0.1,full_coverage,single_poisson,gauss,,,,,,,,,,,,6.432064824656549,,,
0,0.1,full_coverage,single_poisson,pois,6.432064824656549,1.0,1.0804752340187906,6.432064824656548,0.6616873455904332,3.053211636977082,3.053211636977082,2.7171658420890332,0.6616873455904332,0.10287323956281258,2.4133259625512453,6.432064824656549,3.0051888844532932,0.7202670700615597,2.7066088701417006
0,0.1,full_coverage,per_column_all,bern,0.5488680698126702,0.017460308762235362,0.9264125527037708,0.5488680698126702,0.10486516261855278,0.27884346396866166,0.27884346396866166,0.16515944322545575,0.10486516261855278,0.1910571381103358,2.5964086466735297,31.435186930932666,0.1865069717410748,0.24131675110764617,0.1210443469639492
0,0.1,full_coverage,per_column_all,gauss,24.721756136643492,0.786435792189196,0.9562262626556649,24.721756136643492,5.691937319347986,12.908107421127523,12.908107421127523,6.121711396167981,5.691937319347986,0.2302400075418262,2.584287498598519,31.435186930932666,9.840122028322398,7.15339696889955,7.7282371394215446
0,0.1,full_coverage,per_column_all,pois,6.1645627244765056,0.1961038990485687,1.0540601134637126,6.1645627244765056,0.9208101604766568,2.900116344887087,2.900116344887087,2.343636219112762,0.9208101604766568,0.14937152911439505,2.5761864518190833,31.435186930932666,2.774972701493354,1.0574269072003684,2.332163115782781
0,0.1,shared,y_only,bern,0.0,,0.0,0.0,,,,,,,,0.0,0.0,0.0,0.0
0,0.1,shared,y_only,gauss,0.0,,0.0,0.0,,,,,,,,0.0,0.0,0.0,0.0
0,0.1,shared,y_only,pois,0.0,,0.0,0.0,,,,,,,,0.0,0.0,0.0,0.0
1,1.0,complementary,single_bernoulli,bern,0.7835275045898091,1.0,1.146455481560177,0.783527504589809,0.001499831082951733,0.7241702043994083,0.7241702043994083,0.057857469107449044,0.001499831082951733,0.001914203488921454,1.1632202791839947,0.7835275045898091,0.7102910053065533,0.02709474608721698,0.046141753196038894
1,1.0,complementary,single_bernoulli,gauss,,,,,,,,,,,,0.7835275045898091,,,
1,1.0,complementary,single_bernoulli,pois,,,,,,,,,,,,0.7835275045898091,,,
1,1.0,complementary,single_gaussian,bern,,,,,,,,,,,,33.38058469952881,,,
1,1.0,complementary,single_gaussian,gauss,33.38058469952881,1.0,0.9953316543267577,33.38058469952881,0.0007361747479814646,33.322597719061385,33.322597719061385,0.057250805719439225,0.0007361747479814646,2.2053980018865763e-05,1.0034804053732338,33.38058469952881,0.27931545562675963,32.31336170908338,0.7879075348187026
1,1.0,complementary,single_gaussian,pois,,,,,,,,,,,,33.38058469952881,,,
1,1.0,complementary,single_poisson,bern,,,,,,,,,,,,4.130911558082731,,,
1,1.0,complementary,single_poisson,gauss,,,,,,,,,,,,4.130911558082731,,,
1,1.0,complementary,single_poisson,pois,4.130911558082731,1.0,0.9412635091617481,4.13091155808273,0.00404828346630321,4.063670831570279,4.063670831570279,0.06319244304614699,0.00404828346630321,0.0009799976129680518,1.033116531441476,4.130911558082731,0.03950632838506609,0.07892683373377908,4.0124783959638854
1,1.0,complementary,per_column_all,bern,0.7645087445385443,0.0204748493510322,1.126790397938314,0.7645087445385439,0.001346410129692357,0.7179067601536606,0.7179067601536606,0.04525557425519088,0.001346410129692357,0.0017611441848255742,1.1295485947857977,37.33891915058233,0.7118106605209642,0.009387356981721362,0.043310727035859066
1,1.0,complementary,per_column_all,gauss,32.76970182774171,0.877628559508816,0.9865858389011475,32.76970182774171,0.0008680199257626673,32.71355757279065,32.71355757279065,0.05527623502530371,0.0008680199257626673,2.6488490201269734e-05,1.0034325561310353,37.33891915058233,0.36803333858732395,31.48878416004176,0.9128843291126538
1,1.0,complementary,per_column_all,pois,3.80470857830207,0.10189659114015176,0.9216300668477594,3.8047085783020695,0.0038313946515847507,3.748872792415857,3.748872792415857,0.05200439123462777,0.0038313946515847507,0.0010070139598693233,1.0298106268086737,37.33891915058233,0.030693122833464637,0.08775692311213638,3.686258532356473
1,1.0,full_coverage,single_bernoulli,bern,0.5234241116297315,1.0,0.8961963134579269,0.5234241116297315,0.07251469845310876,0.2826457084242506,0.2826457084242506,0.16826370475237212,0.07251469845310876,0.13853908683596416,2.4147156723532794,0.5234241116297315,0.19734494813684414,0.1830851455046025,0.14299401798828446
1,1.0,full_coverage,single_bernoulli,gauss,,,,,,,,,,,,0.5234241116297315,,,
1,1.0,full_coverage,single_bernoulli,pois,,,,,,,,,,,,0.5234241116297315,,,
1,1.0,full_coverage,single_gaussian,bern,,,,,,,,,,,,32.126899047868676,,,
1,1.0,full_coverage,single_gaussian,gauss,32.126899047868676,1.0,0.9856840862828635,32.126899047868676,8.54215161973128,12.64704413821994,12.64704413821994,10.937703289917454,8.54215161973128,0.26588783458383525,2.9276394906880934,32.126899047868676,11.785797381277197,11.425921578738562,8.915180087852933
1,1.0,full_coverage,single_gaussian,pois,,,,,,,,,,,,32.126899047868676,,,
1,1.0,full_coverage,single_poisson,bern,,,,,,,,,,,,4.641303176749981,,,
1,1.0,full_coverage,single_poisson,gauss,,,,,,,,,,,,4.641303176749981,,,
1,1.0,full_coverage,single_poisson,pois,4.641303176749981,1.0,0.9802894353888186,4.6413031767499815,0.8881510789879773,2.4523558588614502,2.4523558588614502,1.3007962389005538,0.8881510789879773,0.19135812619116485,2.5358288954455257,4.641303176749981,1.3328764669474082,2.1825920455417642,1.125834664260804
1,1.0,full_coverage,per_column_all,bern,0.5125728881062519,0.012857147110397314,0.8821772514513552,0.5125728881062519,0.06319073022373362,0.2932380759960549,0.2932380759960549,0.15614408188646342,0.06319073022373362,0.12328145262851813,2.2973501674863934,39.86676699776925,0.19145760815196375,0.17869431042671918,0.14242096952756902
1,1.0,full_coverage,per_column_all,gauss,34.57763535675819,0.8673298077743047,0.9870665132455284,34.5776353567582,8.435942190186543,14.124390669217037,14.124390669217037,12.017302497354619,8.435942190186543,0.24397105536997737,2.8804458974167453,39.86676699776925,9.83199671358431,14.109125986838196,10.636512656335686
1,1.0,full_coverage,per_column_all,pois,4.776558752904805,0.11981304511529811,0.9870828061809279,4.776558752904806,0.8383775725376692,2.6542054946970945,2.6542054946970945,1.2839756856700417,0.8383775725376692,0.17551915843761373,2.428143905739364,39.86676699776925,1.4326429825144014,2.2511014484479075,1.0928143219424962
1,1.0,shared,y_only,bern,0.0,,0.0,0.0,,,,,,,,0.0,0.0,0.0,0.0
1,1.0,shared,y_only,gauss,0.0,,0.0,0.0,,,,,,,,0.0,0.0,0.0,0.0
1,1.0,shared,y_only,pois,0.0,,0.0,0.0,,,,,,,,0.0,0.0,0.0,0.0
1,0.1,complementary,single_bernoulli,bern,1.358025563495835,1.0,1.6483763988411633,1.358025563495835,1.384167805867888e-05,1.3345741660968438,1.3345741660968438,0.023437555720932538,1.384167805867888e-05,1.0192501842931126e-05,1.0351339182304558,1.358025563495835,0.6450377077864302,0.6176786973947002,0.09530915831470563
1,0.1,complementary,single_bernoulli,gauss,,,,,,,,,,,,1.358025563495835,,,
1,0.1,complementary,single_bernoulli,pois,,,,,,,,,,,,1.358025563495835,,,
1,0.1,complementary,single_gaussian,bern,,,,,,,,,,,,35.508540057435575,,,
1,0.1,complementary,single_gaussian,gauss,35.508540057435575,1.0,1.0512702031863121,35.50854005743558,0.019730072399078095,35.439962377929575,35.439962377929575,0.0488476071069294,0.019730072399078095,0.0005556430190361084,1.0038716024317889,35.508540057435575,1.0566638257326766,34.42013388601899,0.03174234568388892
1,0.1,complementary,single_gaussian,pois,,,,,,,,,,,,35.508540057435575,,,
1,0.1,complementary,single_poisson,bern,,,,,,,,,,,,3.128791237601651,,,
1,0.1,complementary,single_poisson,gauss,,,,,,,,,,,,3.128791237601651,,,
1,0.1,complementary,single_poisson,pois,3.128791237601651,1.0,0.8225306139985107,3.1287912376016505,0.02544300768890032,2.9920919953179057,2.9920919953179057,0.11125623459484427,0.02544300768890032,0.008131896875421912,1.0918723952336222,3.128791237601651,0.2770124523951381,0.12051433607280587,2.7312644491337053
1,0.1,complementary,per_column_all,bern,1.527523635940803,0.038593526550414085,1.693780889166019,1.527523635940803,0.0007409043771860375,1.5005516304717876,1.5005516304717876,0.026231101091829478,0.0007409043771860375,0.0004850362768558497,1.0359557197670317,39.579788956197724,1.4432546168779536,0.007493438993091814,0.07677558006975772
1,0.1,complementary,per_column_all,gauss,35.8064060933399,0.9046638963377556,1.0644842531553669,35.8064060933399,0.0016127588758538063,35.792189814525806,35.792189814525806,0.01260351993824636,0.0016127588758538063,4.504107090920203e-05,1.000794410456448,39.579788956197724,3.011537853175477,32.59088866366285,0.20397957650157023
1,0.1,complementary,per_column_all,pois,2.2458592269170223,0.056742577111830395,0.7318830155025003,2.2458592269170223,0.03208637089866792,2.1191945485561927,2.1191945485561927,0.09457830746216167,0.03208637089866792,0.014286902097026856,1.120623939304306,39.579788956197724,0.10242146755224377,0.13843809000292,2.0049996693618573
1,0.1,full_coverage,single_bernoulli,bern,0.860791005372806,1.0,1.1918929183715214,0.860791005372806,0.0709010075584887,0.47872997600086553,0.47872997600086553,0.31116002181345165,0.0709010075584887,0.08236727279437787,2.2383511293758986,0.860791005372806,0.3351683230123184,0.3329305844800903,0.19269209788039754
1,0.1,full_coverage,single_bernoulli,gauss,,,,,,,,,,,,0.860791005372806,,,
1,0.1,full_coverage,single_bernoulli,pois,,,,,,,,,,,,0.860791005372806,,,
1,0.1,full_coverage,single_gaussian,bern,,,,,,,,,,,,9.204996916748048,,,
1,0.1,full_coverage,single_gaussian,gauss,9.204996916748048,1.0,0.8777050573723929,9.204996916748046,1.7661427712996507,5.006402083995309,5.006402083995309,2.4324520614530867,1.7661427712996507,0.19186782866664948,2.4847978761757017,9.204996916748048,1.8574556340857589,4.997198458635025,2.350342824027267
1,0.1,full_coverage,single_gaussian,pois,,,,,,,,,,,,9.204996916748048,,,
1,0.1,full_coverage,single_poisson,bern,,,,,,,,,,,,4.416363052995546,,,
1,0.1,full_coverage,single_poisson,gauss,,,,,,,,,,,,4.416363052995546,,,
1,0.1,full_coverage,single_poisson,pois,4.416363052995546,1.0,0.9381714048053261,4.416363052995547,0.8297903633360925,2.4983212027771797,2.4983212027771797,1.0882514868822746,0.8297903633360925,0.1878899794647225,2.403645025928573,4.416363052995546,1.0567052521865061,2.4776100783741857,0.8820477224348593
1,0.1,full_coverage,per_column_all,bern,0.6132155625058764,0.028931440152189482,0.9634976970394562,0.6132155625058763,0.050706008879022435,0.3845275328467065,0.3845275328467065,0.17798202078014738,0.050706008879022435,0.08268871825727113,2.0648677886939573,21.195473135113506,0.303744735648252,0.17766401902274373,0.1318068078348804
1,0.1,full_coverage,per_column_all,gauss,15.96622357846917,0.7532846035891837,0.9379708996873438,15.966223578469172,3.7724619936333497,6.497512719990767,6.497512719990767,5.696248864845055,3.7724619936333497,0.23627766297351638,2.867611262219602,21.195473135113506,4.3094491263819545,6.013445685081319,5.643328767005893
1,0.1,full_coverage,per_column_all,pois,4.616033994138457,0.21778395625862668,0.9824339442534379,4.616033994138458,0.6865914533413341,2.616593070206052,2.616593070206052,1.3128494705910714,0.6865914533413341,0.14874055395024888,2.356652498231909,21.195473135113506,1.154974775641513,2.3228712131010933,1.1381880053958493
1,0.1,shared,y_only,bern,0.0,,0.0,0.0,,,,,,,,0.0,0.0,0.0,0.0
1,0.1,shared,y_only,gauss,0.0,,0.0,0.0,,,,,,,,0.0,0.0,0.0,0.0
1,0.1,shared,y_only,pois,0.0,,0.0,0.0,,,,,,,,0.0,0.0,0.0,0.0
2,1.0,complementary,single_bernoulli,bern,0.9077813706223797,1.0,1.2633601544064461,0.9077813706223795,0.008921410663406145,0.7539593015390953,0.7539593015390953,0.14490065841987806,0.008921410663406145,0.009827708468273128,1.3978362911148812,0.9077813706223797,0.7517771605504924,0.049647536338163954,0.10635667373372233
2,1.0,complementary,single_bernoulli,gauss,,,,,,,,,,,,0.9077813706223797,,,
2,1.0,complementary,single_bernoulli,pois,,,,,,,,,,,,0.9077813706223797,,,
2,1.0,complementary,single_gaussian,bern,,,,,,,,,,,,38.28207039304634,,,
2,1.0,complementary,single_gaussian,gauss,38.28207039304634,1.0,0.9979115975229466,38.28207039304633,0.013856114504902345,38.13059983207951,38.13059983207951,0.13761444646192017,0.013856114504902345,0.0003619478874219721,1.0079473480723675,38.28207039304634,0.30201123930123575,37.96315212791538,0.016907025829753432
2,1.0,complementary,single_gaussian,pois,,,,,,,,,,,,38.28207039304634,,,
2,1.0,complementary,single_poisson,bern,,,,,,,,,,,,8.1363546194899,,,
2,1.0,complementary,single_poisson,gauss,,,,,,,,,,,,8.1363546194899,,,
2,1.0,complementary,single_poisson,pois,8.1363546194899,1.0,1.208948142041572,8.1363546194899,0.035780425783630755,7.980184072209822,7.980184072209822,0.12039012149644726,0.035780425783630755,0.004397599103893774,1.0392651416167997,8.1363546194899,0.45261302262308184,0.44552510665642053,7.238216490210399
2,1.0,complementary,per_column_all,bern,0.9049299288739812,0.01931792012017554,1.259794108643221,0.9049299288739809,0.006324343775703214,0.7584578817322235,0.7584578817322235,0.14014770336605425,0.006324343775703214,0.006988766283343837,1.3764388706298105,46.844066195763844,0.7579465517315762,0.026837188955862453,0.12014618818654191
2,1.0,complementary,per_column_all,gauss,38.69590408308562,0.826057753427582,0.9951852206079238,38.69590408308563,0.00855596883497769,38.531662587772274,38.531662587772274,0.15568552647838257,0.00855596883497769,0.00022110786755639056,1.0085266694658075,46.844066195763844,0.28530776869445307,38.371172602924226,0.039423711466944934
2,1.0,complementary,per_column_all,pois,7.243232183804236,0.15462432645224228,1.144757583343975,7.243232183804236,0.04713145833869888,7.026460164923336,7.026460164923336,0.16964056054220142,0.04713145833869888,0.006506965004391845,1.0619865984961243,46.844066195763844,0.6866800579408328,0.517475078628752,6.039077047234647
2,1.0,full_coverage,single_bernoulli,bern,1.0342236542296142,1.0,1.3139122906233387,1.0342236542296142,0.045783220074945896,0.690220974974497,0.690220974974497,0.2982194591801712,0.045783220074945896,0.04426820048807479,1.8850031963391114,1.0342236542296142,0.37070345381832964,0.2359430412041743,0.4275771592071099
2,1.0,full_coverage,single_bernoulli,gauss,,,,,,,,,,,,1.0342236542296142,,,
2,1.0,full_coverage,single_bernoulli,pois,,,,,,,,,,,,1.0342236542296142,,,
2,1.0,full_coverage,single_gaussian,bern,,,,,,,,,,,,45.02929638354694,,,
2,1.0,full_coverage,single_gaussian,gauss,45.02929638354694,1.0,1.0003001147657764,45.02929638354693,10.59318010232463,20.123564317828986,20.123564317828986,14.312551963393314,10.59318010232463,0.2352508467397512,2.808274915737916,45.02929638354694,18.521099343757314,14.310312735599137,12.197884304190524
2,1.0,full_coverage,single_gaussian,pois,,,,,,,,,,,,45.02929638354694,,,
2,1.0,full_coverage,single_poisson,bern,,,,,,,,,,,,6.628157027506354,,,
2,1.0,full_coverage,single_poisson,gauss,,,,,,,,,,,,6.628157027506354,,,
2,1.0,full_coverage,single_poisson,pois,6.628157027506354,1.0,1.0997008682951355,6.628157027506355,0.7289200417341838,3.919592811994788,3.919592811994788,1.9796441737773838,0.7289200417341838,0.10997326084901432,2.2172969910359166,6.628157027506354,1.9228106758994823,2.221421344950978,2.4839250066558898
2,1.0,full_coverage,per_column_all,bern,0.9669335014024931,0.01828139019649309,1.2645489727460169,0.9669335014024931,0.03801871054189145,0.67903011738828,0.67903011738828,0.24988467347232163,0.03801871054189145,0.03931884714589684,1.7809798255804579,52.891683346268685,0.30869364867852395,0.27939999675735844,0.3788398559666104
2,1.0,full_coverage,per_column_all,gauss,45.36742731974654,0.8577421713492702,0.9994526826543959,45.36742731974654,10.702464291979114,18.761310588959432,18.761310588959432,15.903652438807995,10.702464291979114,0.23590635229432064,2.8607786762039606,52.891683346268685,15.198890777417457,17.662884787725925,12.50565175460315
2,1.0,full_coverage,per_column_all,pois,6.557322525119645,0.12397643845423649,1.1166150602910427,6.557322525119647,0.7184076931621534,3.941175620244116,3.941175620244116,1.8977392117133778,0.7184076931621534,0.10955808417385189,2.1881744275343222,52.891683346268685,1.8435720991163835,2.352288798270974,2.3614616277322846
2,1.0,shared,y_only,bern,0.0,,0.0,0.0,,,,,,,,0.0,0.0,0.0,0.0
2,1.0,shared,y_only,gauss,0.0,,0.0,0.0,,,,,,,,0.0,0.0,0.0,0.0
2,1.0,shared,y_only,pois,0.0,,0.0,0.0,,,,,,,,0.0,0.0,0.0,0.0
2,0.1,complementary,single_bernoulli,bern,0.2218848745708843,1.0,0.5366696105812279,0.2218848745708842,0.008100607458300331,0.18612448111340427,0.18612448111340427,0.02765978599917962,0.008100607458300331,0.03650815529434603,1.3878975315141548,0.2218848745708843,0.1371403808250408,0.03877459701140397,0.04596989673443926
2,0.1,complementary,single_bernoulli,gauss,,,,,,,,,,,,0.2218848745708843,,,
2,0.1,complementary,single_bernoulli,pois,,,,,,,,,,,,0.2218848745708843,,,
2,0.1,complementary,single_gaussian,bern,,,,,,,,,,,,35.49340354262786,,,
2,0.1,complementary,single_gaussian,gauss,35.49340354262786,1.0,0.9829019135682415,35.49340354262787,0.005655391737309201,35.281052413532414,35.281052413532414,0.2066957373581477,0.005655391737309201,0.00015933641670957334,1.0120391514519802,35.49340354262786,4.6094682937593205,30.539027169013856,0.3449080798546662
2,0.1,complementary,single_gaussian,pois,,,,,,,,,,,,35.49340354262786,,,
2,0.1,complementary,single_poisson,bern,,,,,,,,,,,,5.301387418706011,,,
2,0.1,complementary,single_poisson,gauss,,,,,,,,,,,,5.301387418706011,,,
2,0.1,complementary,single_poisson,pois,5.301387418706011,1.0,0.9566405830202284,5.301387418706009,0.0029544195995561922,5.181300070696781,5.181300070696781,0.11713292840967184,0.0029544195995561922,0.0005572917740611613,1.046356212406296,5.301387418706011,1.9398595606506848,0.036763015017367125,3.32476484303796
2,0.1,complementary,per_column_all,bern,0.9604962270386268,0.01870330300601716,1.2586550921073691,0.9604962270386269,0.020646125962049847,0.7458288063813991,0.7458288063813991,0.19402129469517793,0.020646125962049847,0.02149527023724535,1.552254206083507,51.35436381101346,0.7416114637258622,0.04295355044185513,0.17593121287090915
2,0.1,complementary,per_column_all,gauss,46.50084153467106,0.9054895842113128,1.081319549364517,46.500841534671075,1.1079274206439208e-05,46.2114804158425,46.2114804158425,0.28935003955436234,1.1079274206439208e-05,2.3825964952007353e-07,1.0125228554239305,51.35436381101346,0.539557717349282,45.888357156592136,0.07292666072962116
2,0.1,complementary,per_column_all,pois,3.8930260493037663,0.07580711278267005,0.8885163028784038,3.893026049303765,0.04225369616746949,3.6887340724472653,3.6887340724472653,0.16203828068903028,0.04225369616746949,0.01085368955469132,1.1115418554561185,51.35436381101346,0.5784387426099639,0.15434370732449107,3.1602435993693088
2,0.1,full_coverage,single_bernoulli,bern,1.0328580739544744,1.0,1.38131949305453,1.0328580739544742,0.007156676920274765,0.7835686399592532,0.7835686399592532,0.24213275707494636,0.007156676920274765,0.006929003220039904,1.5859377774487349,1.0328580739544744,0.17071717409379822,0.17978983420316708,0.6823510656575087
2,0.1,full_coverage,single_bernoulli,gauss,,,,,,,,,,,,1.0328580739544744,,,
2,0.1,full_coverage,single_bernoulli,pois,,,,,,,,,,,,1.0328580739544744,,,
2,0.1,full_coverage,single_gaussian,bern,,,,,,,,,,,,7.367049733622553,,,
2,0.1,full_coverage,single_gaussian,gauss,7.367049733622553,1.0,0.8722510593212537,7.367049733622552,1.602672144922071,3.8561587640162163,3.8561587640162163,1.9082188246842644,1.602672144922071,0.21754599234041,2.574662791882695,7.367049733622553,2.601397952295244,1.9559768902784267,2.8096748910488816
2,0.1,full_coverage,single_gaussian,pois,,,,,,,,,,,,7.367049733622553,,,
2,0.1,full_coverage,single_poisson,bern,,,,,,,,,,,,5.193525188959206,,,
2,0.1,full_coverage,single_poisson,gauss,,,,,,,,,,,,5.193525188959206,,,
2,0.1,full_coverage,single_poisson,pois,5.193525188959206,1.0,0.9933641151066276,5.193525188959206,0.6736398690908423,2.6625016924401606,2.6625016924401606,1.8573836274282027,0.6736398690908423,0.12970763490719514,2.4537191628607813,5.193525188959206,1.9341682497067039,1.8032920531736996,1.456064886078802
2,0.1,full_coverage,per_column_all,bern,1.0070343870993301,0.039594027266413076,1.2991042106747883,1.0070343870993301,0.04226838294669512,0.7107014730707774,0.7107014730707774,0.2540645310818576,0.04226838294669512,0.041973127718553195,1.7746963447782356,25.433997413887216,0.3242920422170568,0.24121272627225376,0.4415296186100202
2,0.1,full_coverage,per_column_all,gauss,17.94095100997525,0.7053924995753642,0.9631393360920616,17.940951009975237,3.3589661547246012,8.96872489618853,8.96872489618853,5.613259959062107,3.3589661547246012,0.18722341713418666,2.612021227561169,25.433997413887216,7.462374264038069,5.6419085891207965,4.836668156816392
2,0.1,full_coverage,per_column_all,pois,6.4860120168126345,0.25501347315822276,1.084694580924293,6.486012016812637,0.6332392736284276,3.746713309809811,3.746713309809811,2.1060594333743983,0.6332392736284276,0.09763152951104379,2.228864916271094,25.433997413887216,2.1649216794479944,2.007681064773759,2.3134092725908846
2,0.1,shared,y_only,bern,0.0,,0.0,0.0,,,,,,,,0.0,0.0,0.0,0.0
2,0.1,shared,y_only,gauss,0.0,,0.0,0.0,,,,,,,,0.0,0.0,0.0,0.0
2,0.1,shared,y_only,pois,0.0,,0.0,0.0,,,,,,,,0.0,0.0,0.0,0.0
3,1.0,complementary,single_bernoulli,bern,1.1862515764879293,1.0,1.493539874609361,1.1862515764879293,0.03460302014350955,1.0668921991188358,1.0668921991188358,0.08475635722558407,0.03460302014350955,0.029170051976627785,1.2272315941162844,1.1862515764879293,1.037044079724446,0.08487997878882331,0.06432751797466077
3,1.0,complementary,single_bernoulli,gauss,,,,,,,,,,,,1.1862515764879293,,,
3,1.0,complementary,single_bernoulli,pois,,,,,,,,,,,,1.1862515764879293,,,
3,1.0,complementary,single_gaussian,bern,,,,,,,,,,,,35.856749929396045,,,
3,1.0,complementary,single_gaussian,gauss,35.856749929396045,1.0,1.0316459396746438,35.856749929396024,0.07574354248511674,34.03718080761808,34.03718080761808,1.7438255792928297,0.07574354248511674,0.0021123928586461423,1.1068635516566943,35.856749929396045,0.9115731236139057,33.142051695200514,1.8031251105815944
3,1.0,complementary,single_gaussian,pois,,,,,,,,,,,,35.856749929396045,,,
3,1.0,complementary,single_poisson,bern,,,,,,,,,,,,4.627463635809005,,,
3,1.0,complementary,single_poisson,gauss,,,,,,,,,,,,4.627463635809005,,,
3,1.0,complementary,single_poisson,pois,4.627463635809005,1.0,0.9510227069307108,4.627463635809003,0.0053748731471271105,4.271376699203785,4.271376699203785,0.35071206345809147,0.0053748731471271105,0.0011615160204684007,1.1658201707941633,4.627463635809005,0.16611238402243933,0.40686013012857536,4.054491121657996
3,1.0,complementary,per_column_all,bern,1.1101854412501146,0.02759995342866907,1.4171385658055737,1.1101854412501142,0.029299333953654503,1.0009565318948128,1.0009565318948128,0.0799295754016468,0.029299333953654503,0.026391387298920307,1.2213229705905169,40.22417806317473,0.9823170813561664,0.06252138177166298,0.06534697812228533
3,1.0,complementary,per_column_all,gauss,34.2685957731206,0.8519402365239013,1.0320764123202195,34.268595773120595,0.06406716084716753,32.67186849761879,32.67186849761879,1.5326601146546408,0.06406716084716753,0.0018695589767182745,1.0977118234358376,40.22417806317473,0.8633576024314465,31.946570370673623,1.45866780001554
3,1.0,complementary,per_column_all,pois,4.845396848804009,0.1204598100474295,0.9686005688833205,4.845396848804011,0.005517096040585962,4.48956567340957,4.48956567340957,0.35031407935385495,0.005517096040585962,0.0011386262493541155,1.157745851841262,40.22417806317473,0.2737260431732087,0.4427307170558731,4.12894008857493
3,1.0,full_coverage,single_bernoulli,bern,1.0693445264405874,1.0,1.4010919909497535,1.0693445264405874,0.12691602578330416,0.549268032702824,0.549268032702824,0.39316046795445925,0.12691602578330416,0.11868581420223465,2.4207249809140743,1.0693445264405874,0.2724204079595164,0.3715666917188355,0.4253574267622356
3,1.0,full_coverage,single_bernoulli,gauss,,,,,,,,,,,,1.0693445264405874,,,
3,1.0,full_coverage,single_bernoulli,pois,,,,,,,,,,,,1.0693445264405874,,,
3,1.0,full_coverage,single_gaussian,bern,,,,,,,,,,,,27.503169279756374,,,
3,1.0,full_coverage,single_gaussian,gauss,27.503169279756374,1.0,1.0012364669010803,27.503169279756374,4.677655396932888,12.174533867601657,12.174533867601657,10.650980015221828,4.677655396932888,0.17007695910797677,2.667757717416424,27.503169279756374,6.918418999078657,9.230870782788783,11.353879497888927
3,1.0,full_coverage,single_gaussian,pois,,,,,,,,,,,,27.503169279756374,,,
3,1.0,full_coverage,single_poisson,bern,,,,,,,,,,,,4.264235733860774,,,
3,1.0,full_coverage,single_poisson,gauss,,,,,,,,,,,,4.264235733860774,,,
3,1.0,full_coverage,single_poisson,pois,4.264235733860774,1.0,0.9593602811818784,4.264235733860774,1.015962757892941,2.0650873213870495,2.0650873213870495,1.1831856545807835,1.015962757892941,0.23825201543750113,2.715325753008386,4.264235733860774,1.2225808388077675,1.3143282122628552,1.7273266827901521
3,1.0,full_coverage,per_column_all,bern,1.0575683222886827,0.03314713940516879,1.3845024925648899,1.0575683222886827,0.14031407565921228,0.5320058961683859,0.5320058961683859,0.3852483504610846,0.14031407565921228,0.13267613325970157,2.4791952204803294,31.905266676610136,0.3017075343673042,0.35623873653495464,0.39962205138642454
3,1.0,full_coverage,per_column_all,gauss,26.50876410764591,0.8308585656511556,1.0011202248489084,26.50876410764591,4.527212676806976,11.207938995656333,11.207938995656333,10.7736124351826,4.527212676806976,0.17078173310619166,2.680231572573888,31.905266676610136,7.319708637626514,8.830517602594027,10.358537867425387
3,1.0,full_coverage,per_column_all,pois,4.338934246675543,0.1359942949436756,0.9614305655430431,4.338934246675542,0.9579099093774532,2.047556276092765,2.047556276092765,1.3334680612053245,0.9579099093774532,0.22077078262050095,2.733124610138981,31.905266676610136,1.297683215584671,1.4324701095314087,1.6087809215594673
3,1.0,shared,y_only,bern,0.0,,0.0,0.0,,,,,,,,0.0,0.0,0.0,0.0
3,1.0,shared,y_only,gauss,0.0,,0.0,0.0,,,,,,,,0.0,0.0,0.0,0.0
3,1.0,shared,y_only,pois,0.0,,0.0,0.0,,,,,,,,0.0,0.0,0.0,0.0
3,0.1,complementary,single_bernoulli,bern,1.1669889392969546,1.0,1.496657879197017,1.166988939296954,0.008258076575140895,1.096344787973161,1.096344787973161,0.06238607474865199,0.008258076575140895,0.007076396611021804,1.1293033584461856,1.1669889392969546,0.9547461147048832,0.13466522141756634,0.07757760317450531
3,0.1,complementary,single_bernoulli,gauss,,,,,,,,,,,,1.1669889392969546,,,
3,0.1,complementary,single_bernoulli,pois,,,,,,,,,,,,1.1669889392969546,,,
3,0.1,complementary,single_gaussian,bern,,,,,,,,,,,,28.645511621082278,,,
3,0.1,complementary,single_gaussian,gauss,28.645511621082278,1.0,1.020521080308823,28.645511621082296,0.036068080228521024,27.590827896807987,27.590827896807987,1.0186156440457876,0.036068080228521024,0.0012591180323683214,1.076443964518799,28.645511621082278,2.283227496404768,25.127465006239284,1.234819118438192
3,0.1,complementary,single_gaussian,pois,,,,,,,,,,,,28.645511621082278,,,
3,0.1,complementary,single_poisson,bern,,,,,,,,,,,,4.47225375745016,,,
3,0.1,complementary,single_poisson,gauss,,,,,,,,,,,,4.47225375745016,,,
3,0.1,complementary,single_poisson,pois,4.47225375745016,1.0,0.9377400643018992,4.4722537574501615,0.040726414724646554,4.151657180465559,4.151657180465559,0.27987016225995537,0.040726414724646554,0.009106463303161618,1.155045775977827,4.47225375745016,0.7062407856394288,0.27818145611560263,3.4878315156951274
3,0.1,complementary,per_column_all,bern,1.3416253183813314,0.031293826370042625,1.5729977866109832,1.3416253183813307,0.038133293803787154,1.2392245340809551,1.2392245340809551,0.06426749049658857,0.038133293803787154,0.02842320674880743,1.1678472619747367,42.87188477742883,1.1735417449058578,0.05522694544842134,0.1128566280270512
3,0.1,complementary,per_column_all,gauss,36.156426549721274,0.8433598554723886,1.0839611803701674,36.15642654972127,0.01911189084315194,34.61791151131926,34.61791151131926,1.51940314755886,0.01911189084315194,0.0005285890412004577,1.088762934704534,42.87188477742883,1.190462910884155,33.52911381631545,1.4368498225216682
3,0.1,complementary,per_column_all,pois,5.373832909326223,0.12534631815756875,1.006752934706256,5.373832909326222,0.0020579267192352385,4.885930505121903,4.885930505121903,0.4858444774850841,0.0020579267192352385,0.00038295323914216457,1.1978447708420272,42.87188477742883,0.27079394845318855,0.5123064171510734,4.590732543721961
3,0.1,full_coverage,single_bernoulli,bern,0.9277274847081953,1.0,1.2824804156046292,0.9277274847081953,0.03517940250428303,0.49440330884661926,0.49440330884661926,0.3981447733572929,0.03517940250428303,0.037919974436618376,2.129382539460554,0.9277274847081953,0.18854243534477944,0.43246652973806665,0.3067185196253497
3,0.1,full_coverage,single_bernoulli,gauss,,,,,,,,,,,,0.9277274847081953,,,
3,0.1,full_coverage,single_bernoulli,pois,,,,,,,,,,,,0.9277274847081953,,,
3,0.1,full_coverage,single_gaussian,bern,,,,,,,,,,,,9.199851918395591,,,
3,0.1,full_coverage,single_gaussian,gauss,9.199851918395591,1.0,0.8810484383204328,9.199851918395591,1.240803083663765,5.118781973640269,5.118781973640269,2.8402668610915573,1.240803083663765,0.1348720712757032,2.3635994649418235,9.199851918395591,2.847882214294187,4.604294033662607,1.7476756704387941
3,0.1,full_coverage,single_gaussian,pois,,,,,,,,,,,,9.199851918395591,,,
3,0.1,full_coverage,single_poisson,bern,,,,,,,,,,,,3.4779914243979233,,,
3,0.1,full_coverage,single_poisson,gauss,,,,,,,,,,,,3.4779914243979233,,,
3,0.1,full_coverage,single_poisson,pois,3.4779914243979233,1.0,0.8601553626849161,3.4779914243979237,0.4705081889554652,2.0505864403040173,2.0505864403040173,0.9568967951384413,0.4705081889554652,0.13528158397829143,2.2644278152842765,3.4779914243979233,0.9933679674345514,0.8458072281488584,1.6388162288145145
3,0.1,full_coverage,per_column_all,bern,1.071773894278301,0.04132885616374893,1.4029719520311021,1.071773894278301,0.07209553202101049,0.6464586093841453,0.6464586093841453,0.3532197528731453,0.07209553202101049,0.06726748282067213,2.0966613011159354,25.93282257877714,0.25712349618688607,0.44753255479768583,0.3671178432937294
3,0.1,full_coverage,per_column_all,gauss,20.544810279764743,0.7922319376286547,0.9759985956137308,20.54481027976474,3.2847157781724734,10.892531920827986,10.892531920827986,6.367562580764281,3.2847157781724734,0.1598805602701378,2.4831339830685293,25.93282257877714,4.426881898866526,10.279880915295566,5.83804746560266
3,0.1,full_coverage,per_column_all,pois,4.316238404734095,0.1664392062075962,0.9768832532976104,4.316238404734094,0.9039812692609418,2.2414556006005824,2.2414556006005824,1.17080153487257,0.9039812692609418,0.2094372887905001,2.5831535269272408,25.93282257877714,1.2019919842898883,1.5004008230608492,1.6138455973833588
3,0.1,shared,y_only,bern,0.0,,0.0,0.0,,,,,,,,0.0,0.0,0.0,0.0
3,0.1,shared,y_only,gauss,0.0,,0.0,0.0,,,,,,,,0.0,0.0,0.0,0.0
3,0.1,shared,y_only,pois,0.0,,0.0,0.0,,,,,,,,0.0,0.0,0.0,0.0
4,1.0,complementary,single_bernoulli,bern,0.6829360772562167,1.0,1.0294398613832583,0.6829360772562169,0.0004032057408374028,0.6678039581677635,0.6678039581677635,0.014728913347616,0.0004032057408374028,0.000590400411202954,1.0453236149292575,0.6829360772562167,0.6604722399704841,0.011367308331626564,0.011096528954106446
4,1.0,complementary,single_bernoulli,gauss,,,,,,,,,,,,0.6829360772562167,,,
4,1.0,complementary,single_bernoulli,pois,,,,,,,,,,,,0.6829360772562167,,,
4,1.0,complementary,single_gaussian,bern,,,,,,,,,,,,38.63127943952055,,,
4,1.0,complementary,single_gaussian,gauss,38.63127943952055,1.0,1.028092942603159,38.63127943952054,0.7031706168542109,36.39056684204304,36.39056684204304,1.5375419806232848,0.7031706168542109,0.018202105316109562,1.1245120544106904,38.63127943952055,2.313183565535577,35.51871744677164,0.7993784272133134
4,1.0,complementary,single_gaussian,pois,,,,,,,,,,,,38.63127943952055,,,
4,1.0,complementary,single_poisson,bern,,,,,,,,,,,,3.6080361782923225,,,
4,1.0,complementary,single_poisson,gauss,,,,,,,,,,,,3.6080361782923225,,,
4,1.0,complementary,single_poisson,pois,3.6080361782923225,1.0,0.8711252771302175,3.608036178292322,0.005865587902652611,3.5310653052154857,3.5310653052154857,0.07110528517418356,0.005865587902652611,0.0016257009666207905,1.043645485183671,3.6080361782923225,0.12680490236235875,0.20651342232508624,3.274717853604879
4,1.0,complementary,per_column_all,bern,0.6516211495704162,0.014614231783629923,1.0097882436137446,0.6516211495704164,0.0017749912416244664,0.6356460197861558,0.6356460197861558,0.014200138542636166,0.0017749912416244664,0.002723961987413447,1.0503634693388408,44.58812199080674,0.6303223287917672,0.010178393529092023,0.011120427249557151
4,1.0,complementary,per_column_all,gauss,40.180010486798245,0.901137089718258,1.0301545863586472,40.180010486798245,0.7739139291143353,37.952494302964865,37.952494302964865,1.4536022547190435,0.7739139291143353,0.01926116792250755,1.118722939674554,44.58812199080674,1.9106253558459885,37.37244142792676,0.8969437030255081
4,1.0,complementary,per_column_all,pois,3.756490354438082,0.08424867849811216,0.8859679964350802,3.756490354438082,0.004045101164983438,3.676356592159915,3.676356592159915,0.0760886611131832,0.004045101164983438,0.001076829908588579,1.0436209256659044,44.58812199080674,0.10446790004075765,0.18844309547763216,3.463579358919692
4,1.0,full_coverage,single_bernoulli,bern,0.4848923465113609,1.0,0.8144693319377329,0.4848923465113609,0.024214292583328134,0.3501820510644393,0.3501820510644393,0.11049600286359353,0.024214292583328134,0.049937460876711935,1.7361917612959346,0.4848923465113609,0.31802360516514655,0.10489650336589411,0.06197223798032041
4,1.0,full_coverage,single_bernoulli,gauss,,,,,,,,,,,,0.4848923465113609,,,
4,1.0,full_coverage,single_bernoulli,pois,,,,,,,,,,,,0.4848923465113609,,,
4,1.0,full_coverage,single_gaussian,bern,,,,,,,,,,,,44.43825231323922,,,
4,1.0,full_coverage,single_gaussian,gauss,44.43825231323922,1.0,1.0142446755579444,44.438252313239225,9.635545398433145,22.014305217333465,22.014305217333465,12.788401697472619,9.635545398433145,0.21682998085778643,2.664931261312461,44.43825231323922,19.368672277600556,10.511376637986038,14.55820339765263
4,1.0,full_coverage,single_gaussian,pois,,,,,,,,,,,,44.43825231323922,,,
4,1.0,full_coverage,single_poisson,bern,,,,,,,,,,,,4.601652655804156,,,
4,1.0,full_coverage,single_poisson,gauss,,,,,,,,,,,,4.601652655804156,,,
4,1.0,full_coverage,single_poisson,pois,4.601652655804156,1.0,0.9617406174006913,4.6016526558041555,0.6803976124756165,2.13579612008175,2.13579612008175,1.7854589232467892,0.6803976124756165,0.14785940255995147,2.5784339519322708,4.601652655804156,1.7052029470506602,1.9246343268665445,0.9718153818869562
4,1.0,full_coverage,per_column_all,bern,0.4635540162194401,0.009346814501711714,0.8096250401881239,0.46355401621944015,0.035023079545073055,0.3292259241614352,0.3292259241614352,0.0993050125129319,0.035023079545073055,0.07555339468463068,1.7985124150045335,49.59486637233978,0.3007003211513943,0.09646777414961943,0.06638592091842624
4,1.0,full_coverage,per_column_all,gauss,44.64611078430138,0.9002163741931476,1.0148335942850144,44.646110784301385,10.05015350160191,21.89640292755893,21.89640292755893,12.699554355140538,10.05015350160191,0.2251070322823232,2.6873082248137514,49.59486637233978,19.140864596079886,11.330157853764238,14.175088334457246
4,1.0,full_coverage,per_column_all,pois,4.485201571818964,0.09043681130514077,0.9540164725581212,4.485201571818966,0.7072168269822617,2.1787881781666307,2.1787881781666307,1.5991965666700734,0.7072168269822617,0.15767782465470132,2.577552606562591,49.59486637233978,1.555852345884788,1.915949157002014,1.0134000689321632
4,1.0,shared,y_only,bern,0.0,,0.0,0.0,,,,,,,,0.0,0.0,0.0,0.0
4,1.0,shared,y_only,gauss,0.0,,0.0,0.0,,,,,,,,0.0,0.0,0.0,0.0
4,1.0,shared,y_only,pois,0.0,,0.0,0.0,,,,,,,,0.0,0.0,0.0,0.0
4,0.1,complementary,single_bernoulli,bern,1.608784606217669,1.0,1.7429021861574812,1.6087846062176685,0.039256141758505655,1.0721783994832497,1.0721783994832497,0.49735006497591333,0.039256141758505655,0.024401117220283933,1.8507353083878129,1.608784606217669,1.0300216571887981,0.36165188716810076,0.21711106186077073
4,0.1,complementary,single_bernoulli,gauss,,,,,,,,,,,,1.608784606217669,,,
4,0.1,complementary,single_bernoulli,pois,,,,,,,,,,,,1.608784606217669,,,
4,0.1,complementary,single_gaussian,bern,,,,,,,,,,,,39.67315391950996,,,
4,0.1,complementary,single_gaussian,gauss,39.67315391950996,1.0,1.1137909325580828,39.67315391950998,0.3383199587768696,38.02063472724325,38.02063472724325,1.3141992334898587,0.3383199587768696,0.008527679938511133,1.087431256804231,39.67315391950996,1.2416008861253895,37.993281975534025,0.4382710578505391
4,0.1,complementary,single_gaussian,pois,,,,,,,,,,,,39.67315391950996,,,
4,0.1,complementary,single_poisson,bern,,,,,,,,,,,,3.260592903501278,,,
4,0.1,complementary,single_poisson,gauss,,,,,,,,,,,,3.260592903501278,,,
4,0.1,complementary,single_poisson,pois,3.260592903501278,1.0,0.8274691839960481,3.260592903501278,0.021945938497722136,3.126518409609188,3.126518409609188,0.112128555394368,0.021945938497722136,0.0067306588547611165,1.0861544215383658,3.260592903501278,0.12810758985693302,0.07392781143869764,3.0585575022056495
4,0.1,complementary,per_column_all,bern,0.7267572616677228,0.012836363407115376,1.0843998419803365,0.726757261667723,0.0017395917717336578,0.6764573677887222,0.6764573677887222,0.04856030210726718,0.0017395917717336578,0.002393635211489648,1.148319540113763,56.61706813822917,0.6739184421969195,0.008321236033231573,0.04451758343757226
4,0.1,complementary,per_column_all,gauss,52.83263662012553,0.9331574091956855,1.1053793863646557,52.83263662012555,0.8957724043619628,50.27929990478283,50.27929990478283,1.6575643109807516,0.8957724043619628,0.016954906316765876,1.1025967302381894,56.61706813822917,3.6854991777738846,48.20311573109134,0.944021711260333
4,0.1,complementary,per_column_all,pois,3.057674256435922,0.054006227397199125,0.8080346358304752,3.057674256435921,0.0016132811987213229,2.982024560969485,2.982024560969485,0.07403641426771433,0.0016132811987213229,0.0005276170917571161,1.0507327143752905,56.61706813822917,0.21850410370771128,0.368712192177008,2.4704579605512027
4,0.1,full_coverage,single_bernoulli,bern,0.7417963539070371,1.0,1.0253154808852412,0.7417963539070369,0.033942000241737255,0.5491361326300088,0.5491361326300088,0.15871822103529085,0.033942000241737255,0.045756493764043116,1.678169738792001,0.7417963539070371,0.4672451771654039,0.1867148284915468,0.08783634825008603
4,0.1,full_coverage,single_bernoulli,gauss,,,,,,,,,,,,0.7417963539070371,,,
4,0.1,full_coverage,single_bernoulli,pois,,,,,,,,,,,,0.7417963539070371,,,
4,0.1,full_coverage,single_gaussian,bern,,,,,,,,,,,,18.066103198276778,,,
4,0.1,full_coverage,single_gaussian,gauss,18.066103198276778,1.0,0.9913117942534635,18.066103198276778,3.255772756139718,10.18729753113134,10.18729753113134,4.623032911005722,3.255772756139718,0.1802144447204457,2.4042402989755693,18.066103198276778,7.9761764705649965,3.8133124428952483,6.276614284816543
4,0.1,full_coverage,single_gaussian,pois,,,,,,,,,,,,18.066103198276778,,,
4,0.1,full_coverage,single_poisson,bern,,,,,,,,,,,,3.830954523885974,,,
4,0.1,full_coverage,single_poisson,gauss,,,,,,,,,,,,3.830954523885974,,,
4,0.1,full_coverage,single_poisson,pois,3.830954523885974,1.0,0.899389963289538,3.8309545238859743,0.5382651779141301,1.7618325523951226,1.7618325523951226,1.5308567935767214,0.5382651779141301,0.14050419407436202,2.558032098100203,3.830954523885974,1.4749950396032165,1.5551945898088053,0.8007648944739489
4,0.1,full_coverage,per_column_all,bern,0.5202120952977403,0.015652873686053382,0.8617213452097543,0.5202120952977402,0.04342098662701914,0.3911273878144762,0.3911273878144762,0.08566372085624482,0.04342098662701914,0.08346785286137456,1.6683937665752941,33.23428692593656,0.36702786963424566,0.08574624889590553,0.06743797676758907
4,0.1,full_coverage,per_column_all,gauss,28.130775811036166,0.8464383747340902,1.020287435945203,28.13077581103616,5.1579426440469796,14.126372414428788,14.126372414428788,8.846460752560391,5.1579426440469796,0.1833558618750726,2.599514121610542,33.23428692593656,10.353006038502016,8.36401838837741,9.413751384156743
4,0.1,full_coverage,per_column_all,pois,4.583299019602651,0.1379087515798563,0.9578813370813674,4.5832990196026495,0.6258199337099573,2.2619015542603518,2.2619015542603518,1.6955775316323407,0.6258199337099573,0.13654355324261888,2.5059107602086477,33.23428692593656,1.7938848490344712,1.864851635748867,0.9245625348193132
4,0.1,shared,y_only,bern,0.0,,0.0,0.0,,,,,,,,0.0,0.0,0.0,0.0
4,0.1,shared,y_only,gauss,0.0,,0.0,0.0,,,,,,,,0.0,0.0,0.0,0.0
4,0.1,shared,y_only,pois,0.0,,0.0,0.0,,,,,,,,0.0,0.0,0.0,0.0
5,1.0,complementary,single_bernoulli,bern,0.8852595321163321,1.0,1.2266824876502331,0.8852595321163322,0.00024079880157265514,0.8708620869652295,0.8708620869652295,0.014156646349530014,0.00024079880157265514,0.00027200927280273746,1.0330650605921226,0.8852595321163321,0.8535556758576303,0.002406166241615983,0.02929769001708559
5,1.0,complementary,single_bernoulli,gauss,,,,,,,,,,,,0.8852595321163321,,,
5,1.0,complementary,single_bernoulli,pois,,,,,,,,,,,,0.8852595321163321,,,
5,1.0,complementary,single_gaussian,bern,,,,,,,,,,,,38.59568477584364,,,
5,1.0,complementary,single_gaussian,gauss,38.59568477584364,1.0,0.9635716978988519,38.59568477584364,0.0044441780202490195,33.75746491006957,33.75746491006957,4.833775687753817,0.0044441780202490195,0.00011514701827574653,1.2809236333250165,38.59568477584364,0.7258169004653074,33.22567169281048,4.6441961825678515
5,1.0,complementary,single_gaussian,pois,,,,,,,,,,,,38.59568477584364,,,
5,1.0,complementary,single_poisson,bern,,,,,,,,,,,,3.6176186711737013,,,
5,1.0,complementary,single_poisson,gauss,,,,,,,,,,,,3.6176186711737013,,,
5,1.0,complementary,single_poisson,pois,3.6176186711737013,1.0,0.9048318350612886,3.6176186711737,0.018031639464660822,3.3397721545034225,3.3397721545034225,0.25981487720561663,0.018031639464660822,0.004984394736886583,1.1662157691346495,3.6176186711737013,0.03195508638623873,0.2573775098938727,3.3282860748935885
5,1.0,complementary,per_column_all,bern,0.9741945548503844,0.021831545010401205,1.3140562646153573,0.9741945548503846,0.00015738811724369525,0.9572655423234457,0.9572655423234457,0.01677162440969522,0.00015738811724369525,0.0001615571719838515,1.035364427091696,44.62325292993459,0.9560383736644729,0.004950096397762475,0.013206084788149705
5,1.0,complementary,per_column_all,gauss,39.58832138799609,0.8871679850448349,0.965420228211953,39.58832138799612,0.00920577641317131,35.097564518561896,35.097564518561896,4.481551093021055,0.00920577641317131,0.00023253768006346098,1.2518618672528354,44.62325292993459,0.6441082245333709,34.76199855563299,4.182214607829733
5,1.0,complementary,per_column_all,pois,4.060736987088108,0.09100046994476385,0.9356228876744815,4.060736987088106,0.0061741749115902895,3.8031705362210584,3.8031705362210584,0.25139227595545705,0.0061741749115902895,0.0015204567375878483,1.1350723697465468,44.62325292993459,0.029266438166736693,0.24370657874093832,3.787763970180431
5,1.0,full_coverage,single_bernoulli,bern,0.8868993620611412,1.0,1.2376587843977833,0.8868993620611414,0.16804739103433408,0.5032816883651208,0.5032816883651208,0.21557028266168649,0.16804739103433408,0.1894774065952583,2.3981202784971476,0.8868993620611412,0.2448975237449972,0.4108796934049201,0.23112214491122476
5,1.0,full_coverage,single_bernoulli,gauss,,,,,,,,,,,,0.8868993620611412,,,
5,1.0,full_coverage,single_bernoulli,pois,,,,,,,,,,,,0.8868993620611412,,,
5,1.0,full_coverage,single_gaussian,bern,,,,,,,,,,,,40.67021804862517,,,
5,1.0,full_coverage,single_gaussian,gauss,40.67021804862517,1.0,0.98983677591605,40.670218048625166,4.641170331752096,25.22652344693639,25.22652344693639,10.802524269936683,4.641170331752096,0.114117173559363,2.1353472650886864,40.67021804862517,10.340398670281367,18.48303063653101,11.846788741812762
5,1.0,full_coverage,single_gaussian,pois,,,,,,,,,,,,40.67021804862517,,,
5,1.0,full_coverage,single_poisson,bern,,,,,,,,,,,,5.477999805105369,,,
5,1.0,full_coverage,single_poisson,gauss,,,,,,,,,,,,5.477999805105369,,,
5,1.0,full_coverage,single_poisson,pois,5.477999805105369,1.0,1.0097714087830798,5.477999805105369,1.2564528026669495,2.7577200236131816,2.7577200236131816,1.4638269788252378,1.2564528026669495,0.22936342595265605,2.6494086823042156,5.477999805105369,2.0528388481648645,2.080997710667934,1.3441632462725697
5,1.0,full_coverage,per_column_all,bern,0.8202948215340838,0.017312706185493305,1.1823055037322767,0.8202948215340837,0.17633546841328798,0.4163979329385011,0.4163979329385011,0.2275614201822947,0.17633546841328798,0.21496596563112783,2.625726979702538,47.381086050049575,0.23704263624312008,0.36580694792129165,0.21744523736967167
5,1.0,full_coverage,per_column_all,gauss,41.10549550620157,0.8675507239910252,0.9917127722981022,41.105495506201564,4.437910849522165,26.149072571724474,26.149072571724474,10.518512084954928,4.437910849522165,0.10796393024510846,2.0754758075376425,47.381086050049575,10.289527729898868,20.983475287322072,9.832492488980613
5,1.0,full_coverage,per_column_all,pois,5.455295722313921,0.11513656982348157,1.0147944404928444,5.455295722313922,1.3530010321905825,2.7210289896873707,2.7210289896873707,1.3812657004359685,1.3530010321905825,0.24801607484931956,2.670876082749768,47.381086050049575,2.0586210054926286,2.011785179340118,1.384889537481173
5,1.0,shared,y_only,bern,0.0,,0.0,0.0,,,,,,,,0.0,0.0,0.0,0.0
5,1.0,shared,y_only,gauss,0.0,,0.0,0.0,,,,,,,,0.0,0.0,0.0,0.0
5,1.0,shared,y_only,pois,0.0,,0.0,0.0,,,,,,,,0.0,0.0,0.0,0.0
5,0.1,complementary,single_bernoulli,bern,1.333820589379602,1.0,1.5888585860591042,1.3338205893796022,0.001449959586765102,1.2983056713843455,1.2983056713843455,0.03406495840849162,0.001449959586765102,0.0010870724281138286,1.0547304992180393,1.333820589379602,1.2882600162005637,0.043670436520270715,0.0018901366587688816
5,0.1,complementary,single_bernoulli,gauss,,,,,,,,,,,,1.333820589379602,,,
5,0.1,complementary,single_bernoulli,pois,,,,,,,,,,,,1.333820589379602,,,
5,0.1,complementary,single_gaussian,bern,,,,,,,,,,,,33.306519235979096,,,
5,0.1,complementary,single_gaussian,gauss,33.306519235979096,1.0,0.9782057115422895,33.306519235979096,0.007440175690602291,30.121472654350534,30.121472654350534,3.1776064059379547,0.007440175690602291,0.00022338496670541009,1.2092040518177023,33.306519235979096,1.0193205454787093,29.306486357407408,2.9807123330929413
5,0.1,complementary,single_gaussian,pois,,,,,,,,,,,,33.306519235979096,,,
5,0.1,complementary,single_poisson,bern,,,,,,,,,,,,3.474419647694293,,,
5,0.1,complementary,single_poisson,gauss,,,,,,,,,,,,3.474419647694293,,,
5,0.1,complementary,single_poisson,pois,3.474419647694293,1.0,0.8727281525552405,3.474419647694294,0.0062460799940119325,3.3173165440118915,3.3173165440118915,0.1508570236883905,0.0062460799940119325,0.0017977333273938216,1.0946920683362567,3.474419647694293,0.11765103275004682,0.06887219909846995,3.2878964158457746
5,0.1,complementary,per_column_all,bern,0.4606546964075089,0.010816482495363334,0.8192795396501058,0.4606546964075089,0.0002550896068118786,0.42111377583536863,0.42111377583536863,0.039285830965328394,0.0002550896068118786,0.0005537544907307723,1.1862838118450398,42.58821632679351,0.36245236386170865,0.04342292413034356,0.054779408415456525
5,0.1,complementary,per_column_all,gauss,38.253409519979144,0.8982158169397856,0.9771148886973963,38.253409519979144,4.788320286827778e-05,33.76340028407792,33.76340028407792,4.489961352698356,4.788320286827778e-05,1.251736863958993e-06,1.2613475945599284,42.58821632679351,3.5195587616239186,30.613915338404638,4.119935419950551
5,0.1,complementary,per_column_all,pois,3.874152110406847,0.09096770056485091,0.8838129018316682,3.8741521104068473,9.837006988653531e-06,3.628636483013247,3.628636483013247,0.2455057903866117,9.837006988653531e-06,2.5391380380313695e-06,1.1347048916101703,42.58821632679351,0.38612888399286815,0.1713588678032143,3.31666435861076
5,0.1,full_coverage,single_bernoulli,bern,0.32842020775340847,1.0,0.6886039200357139,0.3284202077534083,0.002364478916400303,0.2728017572056445,0.2728017572056445,0.05325397163136353,0.002364478916400303,0.0071995536832972626,1.3960201569701123,0.32842020775340847,0.17900224184153746,0.09043611804810628,0.05898184786376458
5,0.1,full_coverage,single_bernoulli,gauss,,,,,,,,,,,,0.32842020775340847,,,
5,0.1,full_coverage,single_bernoulli,pois,,,,,,,,,,,,0.32842020775340847,,,
5,0.1,full_coverage,single_gaussian,bern,,,,,,,,,,,,16.899443155105843,,,
5,0.1,full_coverage,single_gaussian,gauss,16.899443155105843,1.0,0.9632278888512241,16.899443155105832,1.6256464272406987,12.007127672758433,12.007127672758433,3.2666690551067017,1.6256464272406987,0.09619526586291939,1.8134504050163498,16.899443155105843,5.2097941799905305,7.968009169656997,3.721639805458328
5,0.1,full_coverage,single_gaussian,pois,,,,,,,,,,,,16.899443155105843,,,
5,0.1,full_coverage,single_poisson,bern,,,,,,,,,,,,5.100039224037099,,,
5,0.1,full_coverage,single_poisson,gauss,,,,,,,,,,,,5.100039224037099,,,
5,0.1,full_coverage,single_poisson,pois,5.100039224037099,1.0,0.9864225290005706,5.100039224037099,0.44339643432996745,3.2549907698703393,3.2549907698703393,1.4016520198367919,0.44339643432996745,0.08693980866660528,2.0390408541433636,5.100039224037099,2.335376388923341,1.7351486845904553,1.0295141505233016
5,0.1,full_coverage,per_column_all,bern,0.75941471533688,0.019907673490904877,1.1351290611938147,0.7594147153368797,0.1604538938056016,0.38893730865987974,0.38893730865987974,0.2100235128713983,0.1604538938056016,0.21128625843709595,2.6080453966021215,38.14683396750656,0.2064377631353142,0.3383189796633384,0.21465797253822655
5,0.1,full_coverage,per_column_all,gauss,31.6005423599236,0.8283922693778707,0.9795726958473877,31.6005423599236,3.693936657235462,20.09622628650238,20.09622628650238,7.810379416185759,3.693936657235462,0.11689472336146298,2.0869023777829665,38.14683396750656,8.801193093423525,13.932831172634836,8.866518093865201
5,0.1,full_coverage,per_column_all,pois,5.786876892246079,0.15170005713122447,1.025151215878723,5.786876892246081,1.2980286521574433,3.119066233714079,3.119066233714079,1.3697820063745587,1.2980286521574433,0.22430555830497975,2.519831510615384,38.14683396750656,2.2900928391587354,2.047091835761215,1.4496922173261249
5,0.1,shared,y_only,bern,0.0,,0.0,0.0,,,,,,,,0.0,0.0,0.0,0.0
5,0.1,shared,y_only,gauss,0.0,,0.0,0.0,,,,,,,,0.0,0.0,0.0,0.0
5,0.1,shared,y_only,pois,0.0,,0.0,0.0,,,,,,,,0.0,0.0,0.0,0.0
6,1.0,complementary,single_bernoulli,bern,0.7807739115855752,1.0,1.156403384990243,0.7807739115855753,0.004757770852238331,0.722556360591069,0.722556360591069,0.053459780142267974,0.004757770852238331,0.006093660125728809,1.1612280698448338,0.7807739115855752,0.6846889108685434,0.03364765355314739,0.06243734716388369
6,1.0,complementary,single_bernoulli,gauss,,,,,,,,,,,,0.7807739115855752,,,
6,1.0,complementary,single_bernoulli,pois,,,,,,,,,,,,0.7807739115855752,,,
6,1.0,complementary,single_gaussian,bern,,,,,,,,,,,,51.861157805216806,,,
6,1.0,complementary,single_gaussian,gauss,51.861157805216806,1.0,1.0467606740388535,51.861157805216784,0.09703880442679459,50.8241869311671,50.8241869311671,0.9399320696228928,0.09703880442679459,0.0018711268420049296,1.040862691987823,51.861157805216806,0.8619124311371984,50.704343661352965,0.29490171272668003
6,1.0,complementary,single_gaussian,pois,,,,,,,,,,,,51.861157805216806,,,
6,1.0,complementary,single_poisson,bern,,,,,,,,,,,,4.062526474054062,,,
6,1.0,complementary,single_poisson,gauss,,,,,,,,,,,,4.062526474054062,,,
6,1.0,complementary,single_poisson,pois,4.062526474054062,1.0,0.9316418847895473,4.062526474054063,0.014248796972200233,3.8335371179381834,3.8335371179381834,0.2147405591436792,0.014248796972200233,0.0035073733213069063,1.1195061278700043,4.062526474054062,0.21722628814088296,0.017106712667600235,3.8281934732455825
6,1.0,complementary,per_column_all,bern,0.7379206059186588,0.013549727618428136,1.1244798057176553,0.7379206059186588,0.004711814853524418,0.6682549698747959,0.6682549698747959,0.06495382119033839,0.004711814853524418,0.006385259898872918,1.2078963801993428,54.46018006406706,0.6444415187346562,0.04882432942989398,0.04465475775410879
6,1.0,complementary,per_column_all,gauss,49.6242887225946,0.9112031701734459,1.0481140670488187,49.6242887225946,0.09417741856517305,48.59331932475098,48.59331932475098,0.9367919792784472,0.09417741856517305,0.0018978089356934764,1.042491330755192,54.46018006406706,0.7869474857686786,48.46098597425666,0.3763552625692852
6,1.0,complementary,per_column_all,pois,4.097970735553814,0.07524710220812626,0.9404148216938193,4.097970735553815,0.016501980224707852,3.859321803195445,3.859321803195445,0.22214695213366287,0.016501980224707852,0.00402686629300141,1.1237539796983815,54.46018006406706,0.22560644791921486,0.027207872822616455,3.845156414811987
6,1.0,full_coverage,single_bernoulli,bern,0.5837938187931431,1.0,0.9591600686613025,0.5837938187931431,0.05124856053762206,0.2948278275610733,0.2948278275610733,0.2377174306944477,0.05124856053762206,0.08778537711064918,2.333400864197462,0.5837938187931431,0.19235575372672234,0.24654230085185974,0.14489576421456085
6,1.0,full_coverage,single_bernoulli,gauss,,,,,,,,,,,,0.5837938187931431,,,
6,1.0,full_coverage,single_bernoulli,pois,,,,,,,,,,,,0.5837938187931431,,,
6,1.0,full_coverage,single_gaussian,bern,,,,,,,,,,,,46.12556637542012,,,
6,1.0,full_coverage,single_gaussian,gauss,46.12556637542012,1.0,1.017786744341959,46.125566375420114,10.620192664836338,18.51150257242879,18.51150257242879,16.993871138154987,10.620192664836338,0.2302452522403224,2.858651093120862,46.12556637542012,14.00576593821938,18.31917364161802,13.800626795582753
6,1.0,full_coverage,single_gaussian,pois,,,,,,,,,,,,46.12556637542012,,,
6,1.0,full_coverage,single_poisson,bern,,,,,,,,,,,,4.628239439164899,,,
6,1.0,full_coverage,single_poisson,gauss,,,,,,,,,,,,4.628239439164899,,,
6,1.0,full_coverage,single_poisson,pois,4.628239439164899,1.0,0.9811270216832834,4.628239439164899,0.879204186400919,2.461168538670705,2.461168538670705,1.287866714093275,0.879204186400919,0.18996514721363664,2.52335060885644,4.628239439164899,1.2205601842281006,1.605116289203567,1.802562965733229
6,1.0,full_coverage,per_column_all,bern,0.578262950922777,0.010673967223178182,0.9534554175796891,0.578262950922777,0.04987428587011226,0.2813059905826109,0.2813059905826109,0.24708267447005394,0.04987428587011226,0.08624845460101527,2.3437808483672415,54.175072757118585,0.19978605924479756,0.23334866868644158,0.14512822299153827
6,1.0,full_coverage,per_column_all,gauss,49.00574794020627,0.9045811190676607,1.0208943787753375,49.005747940206284,12.189970898974112,20.454553128474775,20.454553128474775,16.3612239127574,12.189970898974112,0.2487457372112256,2.877247833350715,54.175072757118585,17.21452465651597,16.005260750185414,15.785962533504904
6,1.0,full_coverage,per_column_all,pois,4.591061865989543,0.08474491370916118,0.9786469535935267,4.591061865989543,0.8135034848840016,2.4507681795178753,2.4507681795178753,1.326790201587666,0.8135034848840016,0.1771928823069043,2.500805249589253,54.175072757118585,1.2593857868013467,1.4422425996465744,1.8894334795416223
6,1.0,shared,y_only,bern,0.0,,0.0,0.0,,,,,,,,0.0,0.0,0.0,0.0
6,1.0,shared,y_only,gauss,0.0,,0.0,0.0,,,,,,,,0.0,0.0,0.0,0.0
6,1.0,shared,y_only,pois,0.0,,0.0,0.0,,,,,,,,0.0,0.0,0.0,0.0
6,0.1,complementary,single_bernoulli,bern,1.5858825904668303,1.0,1.6806118563930201,1.585882590466831,0.008813665192041055,1.4396613272439112,1.4396613272439112,0.1374075980308788,0.008813665192041055,0.005557577367342563,1.202449661845415,1.5858825904668303,0.9386409129373656,0.3990409008082652,0.24820077672119917
6,0.1,complementary,single_bernoulli,gauss,,,,,,,,,,,,1.5858825904668303,,,
6,0.1,complementary,single_bernoulli,pois,,,,,,,,,,,,1.5858825904668303,,,
6,0.1,complementary,single_gaussian,bern,,,,,,,,,,,,44.96030249010759,,,
6,0.1,complementary,single_gaussian,gauss,44.96030249010759,1.0,1.0728174062834626,44.96030249010761,0.11415127895165138,44.58673795965002,44.58673795965002,0.25941325150593453,0.11415127895165138,0.002538934852067944,1.0167858685707578,44.96030249010759,0.9498518131378932,43.74852834234447,0.26192233462525794
6,0.1,complementary,single_gaussian,pois,,,,,,,,,,,,44.96030249010759,,,
6,0.1,complementary,single_poisson,bern,,,,,,,,,,,,3.8151390661947158,,,
6,0.1,complementary,single_poisson,gauss,,,,,,,,,,,,3.8151390661947158,,,
6,0.1,complementary,single_poisson,pois,3.8151390661947158,1.0,0.8756232291354173,3.815139066194717,0.01606432231089942,3.66594448510216,3.66594448510216,0.13313025878165807,0.01606432231089942,0.0042106780466386095,1.0816039780766478,3.8151390661947158,0.2815206398068161,0.05799315998746234,3.475625266400436
6,0.1,complementary,per_column_all,bern,0.9038070006058897,0.0168864301462414,1.2612204018435298,0.9038070006058897,0.0059944314818672255,0.7615705833357291,0.7615705833357291,0.13624198578829338,0.0059944314818672255,0.006632424265190144,1.3646576402421582,53.522680210006385,0.7343471500253472,0.07673042178758109,0.09272942879296182
6,0.1,complementary,per_column_all,gauss,49.25258657944107,0.9202189872814517,1.0996626456492316,49.25258657944107,0.04642049727084876,48.52597443461684,48.52597443461684,0.6801916475533769,0.04642049727084876,0.0009424986684907534,1.0299682511874784,53.522680210006385,0.47081522220923255,48.483752606905995,0.29801875032584974
6,0.1,complementary,per_column_all,pois,3.3662866299594243,0.06289458257230693,0.8387992188921128,3.366286629959424,0.0345619545110512,3.147765249385199,3.147765249385199,0.18395942606317386,0.0345619545110512,0.010267086053651883,1.1396318563427357,53.522680210006385,0.18483919957078124,0.04087198284492338,3.1405754475437213
6,0.1,full_coverage,single_bernoulli,bern,0.7346421523047256,1.0,1.0914544094107597,0.7346421523047256,0.12393899888519744,0.3995153615752318,0.3995153615752318,0.2111877918442963,0.12393899888519744,0.16870662607144846,2.4579406992720156,0.7346421523047256,0.14045220360873506,0.39841621440446306,0.19577373429152767
6,0.1,full_coverage,single_bernoulli,gauss,,,,,,,,,,,,0.7346421523047256,,,
6,0.1,full_coverage,single_bernoulli,pois,,,,,,,,,,,,0.7346421523047256,,,
6,0.1,full_coverage,single_gaussian,bern,,,,,,,,,,,,11.944033295717528,,,
6,0.1,full_coverage,single_gaussian,gauss,11.944033295717528,1.0,0.9306338799473085,11.944033295717531,2.3845749291466367,6.216187429593315,6.216187429593315,3.34327093697758,2.3845749291466367,0.1996457034326598,2.570234133398391,11.944033295717528,3.548902850963275,3.0734420983657578,5.32168834638849
6,0.1,full_coverage,single_gaussian,pois,,,,,,,,,,,,11.944033295717528,,,
6,0.1,full_coverage,single_poisson,bern,,,,,,,,,,,,4.0083165343707545,,,
6,0.1,full_coverage,single_poisson,gauss,,,,,,,,,,,,4.0083165343707545,,,
6,0.1,full_coverage,single_poisson,pois,4.0083165343707545,1.0,0.915257858491584,4.008316534370755,0.4073919282067719,2.213345940618114,2.213345940618114,1.3875786655458695,0.4073919282067719,0.10163666584548474,2.2984324671932463,4.0083165343707545,0.9782985065567462,1.095837290394216,1.9341807374197917
6,0.1,full_coverage,per_column_all,bern,0.6234871132659047,0.023403617044616853,0.9932662306723392,0.6234871132659047,0.03378137875190612,0.31684473826209947,0.31684473826209947,0.2728609962518991,0.03378137875190612,0.054181358416463446,2.2089179008677524,26.640630466533594,0.24380696911159788,0.22456136054859877,0.15511878360570786
6,0.1,full_coverage,per_column_all,gauss,21.657864348007408,0.8129636562173098,0.9795757885352807,21.65786434800741,3.769951031303129,12.019935836907003,12.019935836907003,5.867977479797278,3.769951031303129,0.17406845710758992,2.4288113187147924,26.640630466533594,8.44886431716325,4.473920710266558,8.73507932057759
6,0.1,full_coverage,per_column_all,pois,4.359279005260284,0.16363272673807336,0.960413322421215,4.359279005260284,0.752013762481581,2.1261885381283125,2.1261885381283125,1.4810767046503903,0.752013762481581,0.1725087477938751,2.6104203376503614,26.640630466533594,1.3167147100148722,1.2745426693822566,1.7680216258631543
6,0.1,shared,y_only,bern,0.0,,0.0,0.0,,,,,,,,0.0,0.0,0.0,0.0
6,0.1,shared,y_only,gauss,0.0,,0.0,0.0,,,,,,,,0.0,0.0,0.0,0.0
6,0.1,shared,y_only,pois,0.0,,0.0,0.0,,,,,,,,0.0,0.0,0.0,0.0
7,1.0,complementary,single_bernoulli,bern,0.7520447436153317,1.0,1.0995255235069363,0.7520447436153317,0.04834241857925936,0.6439421365701701,0.6439421365701701,0.059760188465902295,0.04834241857925936,0.06428130638459238,1.34477409128606,0.7520447436153317,0.6363378417617707,0.05419775955162451,0.06150914230193648
7,1.0,complementary,single_bernoulli,gauss,,,,,,,,,,,,0.7520447436153317,,,
7,1.0,complementary,single_bernoulli,pois,,,,,,,,,,,,0.7520447436153317,,,
7,1.0,complementary,single_gaussian,bern,,,,,,,,,,,,39.916055271708764,,,
7,1.0,complementary,single_gaussian,gauss,39.916055271708764,1.0,1.0104628357781165,39.91605527170875,0.12155446924836917,37.03074124649133,37.03074124649133,2.7637595559690546,0.12155446924836917,0.0030452525536641185,1.1554558198436033,39.916055271708764,1.7975922231123926,36.04248783075762,2.0759752178387707
7,1.0,complementary,single_gaussian,pois,,,,,,,,,,,,39.916055271708764,,,
7,1.0,complementary,single_poisson,bern,,,,,,,,,,,,3.078122673853769,,,
7,1.0,complementary,single_poisson,gauss,,,,,,,,,,,,3.078122673853769,,,
7,1.0,complementary,single_poisson,pois,3.078122673853769,1.0,0.8591839221215477,3.0781226738537693,0.00243838141075252,2.6491472592946055,2.6491472592946055,0.42653703314841124,0.00243838141075252,0.0007921651178702694,1.3159643295218075,3.078122673853769,0.43997777611135447,0.005357969653608292,2.632786928088808
7,1.0,complementary,per_column_all,bern,0.7784519440446152,0.017830429424726763,1.1372395559779778,0.7784519440446152,0.05418513808431604,0.648355132629223,0.648355132629223,0.07591167333107618,0.05418513808431604,0.06960627242162883,1.412350736924731,43.658620075918016,0.6442421164117061,0.07867176107242965,0.055538066560480076
7,1.0,complementary,per_column_all,gauss,39.694511546426114,0.9092021570402659,1.0211402035853696,39.69451154642613,0.08178940203734396,36.914278388790294,36.914278388790294,2.6984437555984933,0.08178940203734396,0.0020604713057543046,1.1501526871916612,43.658620075918016,1.9425192264960702,35.48042245181472,2.271569868115414
7,1.0,complementary,per_column_all,pois,3.185656585447287,0.07296741353500742,0.8616668569627693,3.185656585447288,0.0016517285121010869,2.7580071798474384,2.7580071798474384,0.4259976770877483,0.0016517285121010869,0.0005184891929803454,1.3030692314645003,43.658620075918016,0.46503301150571885,0.014767957869884243,2.7058556160716853
7,1.0,full_coverage,single_bernoulli,bern,0.39686207672129775,1.0,0.771689929498201,0.3968620767212977,0.03905850504345141,0.2400566759022626,0.2400566759022626,0.11774689577558367,0.03905850504345141,0.09841833557425247,2.1570220558810043,0.39686207672129775,0.12957951068260298,0.08221437321980707,0.18506819281888753
7,1.0,full_coverage,single_bernoulli,gauss,,,,,,,,,,,,0.39686207672129775,,,
7,1.0,full_coverage,single_bernoulli,pois,,,,,,,,,,,,0.39686207672129775,,,
7,1.0,full_coverage,single_gaussian,bern,,,,,,,,,,,,39.255188239919875,,,
7,1.0,full_coverage,single_gaussian,gauss,39.255188239919875,1.0,0.9911454122579855,39.25518823991987,5.571997316475186,24.673988784342097,24.673988784342097,9.009202139102591,5.571997316475186,0.1419429524174041,2.137212277411697,39.255188239919875,11.352211373128839,17.660918279780653,10.242058587010392
7,1.0,full_coverage,single_gaussian,pois,,,,,,,,,,,,39.255188239919875,,,
7,1.0,full_coverage,single_poisson,bern,,,,,,,,,,,,5.120126405582713,,,
7,1.0,full_coverage,single_poisson,gauss,,,,,,,,,,,,5.120126405582713,,,
7,1.0,full_coverage,single_poisson,pois,5.120126405582713,1.0,1.0163416657798163,5.120126405582712,0.860617065637458,2.9317759343939915,2.9317759343939915,1.3277334055512628,0.860617065637458,0.16808512084761953,2.362019440333308,5.120126405582713,1.5275451806056417,2.262842333425801,1.3297388915512742
7,1.0,full_coverage,per_column_all,bern,0.4144822312756222,0.009295035645217288,0.7862745109996992,0.4144822312756221,0.028338656273262056,0.26019459480291196,0.26019459480291196,0.12594898019944814,0.028338656273262056,0.06837122109202659,2.0362772079536287,44.591785023319616,0.1176152895567191,0.07088394317371857,0.22598299854518455
7,1.0,full_coverage,per_column_all,gauss,38.79598823428581,0.8700254590390841,0.9930290112785496,38.795988234285815,5.174984064741768,25.268702873439317,25.268702873439317,8.352301296104727,5.174984064741768,0.13338966991871581,2.047658362285819,44.591785023319616,13.35345551458691,16.006446025004177,9.4360866946947
7,1.0,full_coverage,per_column_all,pois,5.381314557758184,0.1206795053156985,1.026305958429419,5.381314557758184,0.8835356612793857,3.187945725385462,3.187945725385462,1.309833171093337,0.8835356612793857,0.16418584191581992,2.287532105184666,44.591785023319616,1.618731480294462,2.464349921862153,1.2982331556015665
7,1.0,shared,y_only,bern,0.0,,0.0,0.0,,,,,,,,0.0,0.0,0.0,0.0
7,1.0,shared,y_only,gauss,0.0,,0.0,0.0,,,,,,,,0.0,0.0,0.0,0.0
7,1.0,shared,y_only,pois,0.0,,0.0,0.0,,,,,,,,0.0,0.0,0.0,0.0
7,0.1,complementary,single_bernoulli,bern,0.9899800246723538,1.0,1.3172053549573233,0.9899800246723537,0.07815264204341146,0.5664891688554542,0.5664891688554542,0.345338213773488,0.07815264204341146,0.07894365552403652,2.196084485138862,0.9899800246723538,0.5574266063576206,0.08391386924437161,0.34863954907036204
7,0.1,complementary,single_bernoulli,gauss,,,,,,,,,,,,0.9899800246723538,,,
7,0.1,complementary,single_bernoulli,pois,,,,,,,,,,,,0.9899800246723538,,,
7,0.1,complementary,single_gaussian,bern,,,,,,,,,,,,39.63402905438331,,,
7,0.1,complementary,single_gaussian,gauss,39.63402905438331,1.0,1.0500093627018907,39.6340290543833,0.0002456823005590405,37.891443353033424,37.891443353033424,1.7423400190493132,0.0002456823005590405,6.198771773163178e-06,1.0917843239609273,39.63402905438331,1.1250732777186179,36.554838453667855,1.9541173229968487
7,0.1,complementary,single_gaussian,pois,,,,,,,,,,,,39.63402905438331,,,
7,0.1,complementary,single_poisson,bern,,,,,,,,,,,,3.283181970866285,,,
7,0.1,complementary,single_poisson,gauss,,,,,,,,,,,,3.283181970866285,,,
7,0.1,complementary,single_poisson,pois,3.283181970866285,1.0,0.8435774304378617,3.2831819708662824,0.021348500517578122,2.555275394565846,2.555275394565846,0.7065580757828578,0.021348500517578122,0.006502381137267644,1.5335199122460461,3.283181970866285,0.37914769296343426,0.6182704273013717,2.285763850601482
7,0.1,complementary,per_column_all,bern,0.6151078006498991,0.010732395067656421,0.9787154093273797,0.6151078006498991,0.02939357804722904,0.41509159451867617,0.41509159451867617,0.1706226280839939,0.02939357804722904,0.04778605964055881,1.8704915923061287,57.3131902778731,0.384562221738873,0.16804266185902694,0.06250291705199895
7,0.1,complementary,per_column_all,gauss,54.23323465202681,0.9462609634725679,1.2011936120443787,54.23323465202681,0.008121780083071723,51.67211724913052,51.67211724913052,2.552995622813215,0.008121780083071723,0.00014975651249981632,1.0989036651797828,57.3131902778731,1.6464816961581057,50.3783329486373,2.208420007231378
7,0.1,complementary,per_column_all,pois,2.4648478251963866,0.043006641459775626,0.7530681684831722,2.4648478251963866,0.007656792357629363,1.9495324820016844,1.9495324820016844,0.5076585508370732,0.007656792357629363,0.0031063955670445125,1.4969928706653512,57.3131902778731,0.5174693116585216,0.046930773498239195,1.9004477400396231
7,0.1,full_coverage,single_bernoulli,bern,1.0264646685715868,1.0,1.2623626302617963,1.0264646685715868,0.002271993481167673,0.9522660948655273,0.9522660948655273,0.07192658022489175,0.002271993481167673,0.0022134161561832865,1.1553092825695732,1.0264646685715868,0.3181670784134438,0.2013770838285185,0.5069205063296245
7,0.1,full_coverage,single_bernoulli,gauss,,,,,,,,,,,,1.0264646685715868,,,
7,0.1,full_coverage,single_bernoulli,pois,,,,,,,,,,,,1.0264646685715868,,,
7,0.1,full_coverage,single_gaussian,bern,,,,,,,,,,,,13.356473283307615,,,
7,0.1,full_coverage,single_gaussian,gauss,13.356473283307615,1.0,0.9544182875818791,13.356473283307613,1.86673252846841,9.006015033126134,9.006015033126134,2.483725721713069,1.86673252846841,0.13976238254460313,1.96553176059359,13.356473283307615,3.0670021732094765,5.129277834926447,5.160193275171695
7,0.1,full_coverage,single_gaussian,pois,,,,,,,,,,,,13.356473283307615,,,
7,0.1,full_coverage,single_poisson,bern,,,,,,,,,,,,5.7233843400780104,,,
7,0.1,full_coverage,single_poisson,gauss,,,,,,,,,,,,5.7233843400780104,,,
7,0.1,full_coverage,single_poisson,pois,5.7233843400780104,1.0,1.0352073263360253,5.723384340078012,0.687941278568302,3.7307818833036857,3.7307818833036857,1.304661178206024,0.687941278568302,0.12019833680415128,2.0353453795811585,5.7233843400780104,1.0821038623404815,3.408767294166891,1.2325131835706418
7,0.1,full_coverage,per_column_all,bern,0.5605186713796,0.02122945739428461,0.8952448797242298,0.5605186713795999,0.01756995732604407,0.42523215673492787,0.42523215673492787,0.11771655731862797,0.01756995732604407,0.03134589126674279,1.6112823989278044,26.402873185562562,0.11353423374643659,0.04107059838140506,0.40591383925175784
7,0.1,full_coverage,per_column_all,gauss,20.369728394700253,0.7714966568804599,0.9553957790773917,20.369728394700253,2.592224431888917,12.812206702561319,12.812206702561319,4.9652972602500185,2.592224431888917,0.12725866450744408,2.1220957345308706,26.402873185562562,4.249117875601153,10.468738150003512,5.651872369095571
7,0.1,full_coverage,per_column_all,pois,5.472626119482708,0.20727388572525554,1.041718263105164,5.472626119482708,1.096215265102159,3.01360561732327,3.01360561732327,1.3628052370572796,1.096215265102159,0.200308817223892,2.466869787842409,26.402873185562562,1.7410219597278493,2.3974257148881755,1.334178444866679
7,0.1,shared,y_only,bern,0.0,,0.0,0.0,,,,,,,,0.0,0.0,0.0,0.0
7,0.1,shared,y_only,gauss,0.0,,0.0,0.0,,,,,,,,0.0,0.0,0.0,0.0
7,0.1,shared,y_only,pois,0.0,,0.0,0.0,,,,,,,,0.0,0.0,0.0,0.0
8,1.0,complementary,single_bernoulli,bern,1.0830981618371889,1.0,1.3815845745966995,1.0830981618371889,0.0008715535880862691,1.050269680672526,1.050269680672526,0.03195692757657661,0.0008715535880862691,0.0008046856866675034,1.0625069702515917,1.0830981618371889,1.0089453266287762,0.0700630422218443,0.00408979298656783
8,1.0,complementary,single_bernoulli,gauss,,,,,,,,,,,,1.0830981618371889,,,
8,1.0,complementary,single_bernoulli,pois,,,,,,,,,,,,1.0830981618371889,,,
8,1.0,complementary,single_gaussian,bern,,,,,,,,,,,,35.450205604400026,,,
8,1.0,complementary,single_gaussian,gauss,35.450205604400026,1.0,1.059888140965712,35.45020560440005,0.48647220100408634,33.5882580604392,33.5882580604392,1.3754753429567625,0.48647220100408634,0.013722690537617245,1.1118441541756978,35.450205604400026,1.1581719880919945,33.51250998955473,0.7795236267532918
8,1.0,complementary,single_gaussian,pois,,,,,,,,,,,,35.450205604400026,,,
8,1.0,complementary,single_poisson,bern,,,,,,,,,,,,4.1661309096387775,,,
8,1.0,complementary,single_poisson,gauss,,,,,,,,,,,,4.1661309096387775,,,
8,1.0,complementary,single_poisson,pois,4.1661309096387775,1.0,0.9394155168974229,4.166130909638777,8.121612376263919e-07,4.096363266821333,4.096363266821333,0.06976683065620595,8.121612376263919e-07,1.9494376322822034e-07,1.0340533397809897,4.1661309096387775,0.06409910287703066,0.023061201170751996,4.078970605590992
8,1.0,complementary,per_column_all,bern,1.0388399906387338,0.026318261290521956,1.3661909282451343,1.0388399906387342,0.0007757904485409525,1.0247845957900483,1.0247845957900483,0.013279604400144805,0.0007757904485409525,0.0007467853139384393,1.0274459206166036,39.472212057293206,0.9864387083542583,0.050481288542389605,0.0019199937420861493
8,1.0,complementary,per_column_all,gauss,33.894474100843766,0.8586920350865198,1.0426764613423039,33.89447410084376,0.47639252202713817,32.06389462454247,32.06389462454247,1.354186954274151,0.47639252202713817,0.014055167830890728,1.1152072905514798,39.472212057293206,1.0798153129856196,32.04995923217375,0.7646995556843973
8,1.0,complementary,per_column_all,pois,4.538897965810708,0.11498970362295834,0.9604603082560702,4.538897965810708,0.0007008432724565535,4.446818723747864,4.446818723747864,0.09137839879038785,0.0007008432724565535,0.00015440824573181904,1.0414025286154984,39.472212057293206,0.07101144428336473,0.0337323293179986,4.434154192209346
8,1.0,full_coverage,single_bernoulli,bern,0.9042912973665769,1.0,1.2373120127129347,0.9042912973665767,0.13629984773517714,0.42852154163901024,0.42852154163901024,0.33946990799238935,0.13629984773517714,0.15072559929759521,2.575988163381946,0.9042912973665769,0.27830335760468494,0.40842573626375067,0.21756220349814137
8,1.0,full_coverage,single_bernoulli,gauss,,,,,,,,,,,,0.9042912973665769,,,
8,1.0,full_coverage,single_bernoulli,pois,,,,,,,,,,,,0.9042912973665769,,,
8,1.0,full_coverage,single_gaussian,bern,,,,,,,,,,,,44.401836918505964,,,
8,1.0,full_coverage,single_gaussian,gauss,44.401836918505964,1.0,1.0519366054423231,44.401836918505964,11.620826240292306,18.72956637723364,18.72956637723364,14.05144430098002,11.620826240292306,0.2617194928583897,2.8853668582799723,44.401836918505964,11.688507686141715,18.60110631272036,14.112222919643884
8,1.0,full_coverage,single_gaussian,pois,,,,,,,,,,,,44.401836918505964,,,
8,1.0,full_coverage,single_poisson,bern,,,,,,,,,,,,4.706642001359255,,,
8,1.0,full_coverage,single_poisson,gauss,,,,,,,,,,,,4.706642001359255,,,
8,1.0,full_coverage,single_poisson,pois,4.706642001359255,1.0,0.9788804565937611,4.706642001359257,1.0105095763698877,2.268520013855818,2.268520013855818,1.4276124111335515,1.0105095763698877,0.21469862719069285,2.699747278818208,4.706642001359255,1.3997693139968959,1.5518833633454483,1.7549893240169097
8,1.0,full_coverage,per_column_all,bern,0.9314188468294974,0.020445714735943105,1.2556985865478596,0.9314188468294976,0.11814130930974225,0.4876309479166959,0.4876309479166959,0.3256465896030595,0.11814130930974225,0.12684015329074483,2.4247416478992476,45.555700001628416,0.2896635442791123,0.4496921765064538,0.1920631260439309
8,1.0,full_coverage,per_column_all,gauss,39.75932306096486,0.872762860839448,1.0483247287242865,39.759323060964874,10.53104230916933,16.651442375296252,16.651442375296252,12.576838376499296,10.53104230916933,0.26486975879900115,2.8933889452987103,45.555700001628416,12.57499589997553,16.64506336598483,10.539263795004484
8,1.0,full_coverage,per_column_all,pois,4.864958093834062,0.10679142442460902,0.9967271369722628,4.864958093834063,1.045614429894565,2.242712997791544,2.242712997791544,1.576630666147954,1.045614429894565,0.21492773621622682,2.7492472790234395,45.555700001628416,1.518370765129605,1.5472238580644264,1.799363470640027
8,1.0,shared,y_only,bern,0.0,,0.0,0.0,,,,,,,,0.0,0.0,0.0,0.0
8,1.0,shared,y_only,gauss,0.0,,0.0,0.0,,,,,,,,0.0,0.0,0.0,0.0
8,1.0,shared,y_only,pois,0.0,,0.0,0.0,,,,,,,,0.0,0.0,0.0,0.0
8,0.1,complementary,single_bernoulli,bern,1.3883400725389252,1.0,1.6529503465064719,1.3883400725389248,0.0005382900031925899,1.2031230856941386,1.2031230856941386,0.18467869684159366,0.0005382900031925899,0.00038772200978697745,1.3009401828063312,1.3883400725389252,1.1136919816934627,0.061873579479112664,0.21277451136634942
8,0.1,complementary,single_bernoulli,gauss,,,,,,,,,,,,1.3883400725389252,,,
8,0.1,complementary,single_bernoulli,pois,,,,,,,,,,,,1.3883400725389252,,,
8,0.1,complementary,single_gaussian,bern,,,,,,,,,,,,19.627168352010116,,,
8,0.1,complementary,single_gaussian,gauss,19.627168352010116,1.0,1.036506356371904,19.627168352010113,0.0020533577295485366,19.390887265658403,19.390887265658403,0.23422772862216246,0.0020533577295485366,0.00010461813404368351,1.0243693245661738,19.627168352010116,0.5271062339735542,17.887570189643057,1.212491928393495
8,0.1,complementary,single_gaussian,pois,,,,,,,,,,,,19.627168352010116,,,
8,0.1,complementary,single_poisson,bern,,,,,,,,,,,,4.054925030480089,,,
8,0.1,complementary,single_poisson,gauss,,,,,,,,,,,,4.054925030480089,,,
8,0.1,complementary,single_poisson,pois,4.054925030480089,1.0,0.9061167796578866,4.054925030480088,0.006370979371812133,3.9448583276299782,3.9448583276299782,0.10369572347829688,0.006370979371812133,0.001571170693396971,1.055848783499901,4.054925030480089,0.09557328742315382,0.07868425617339006,3.880667486883545
8,0.1,complementary,per_column_all,bern,1.3684093484080104,0.03903824080507511,1.6059049890675425,1.36840934840801,0.004389912205226903,1.3335411096052188,1.3335411096052188,0.030478326597564342,0.004389912205226903,0.003208040204003335,1.0524167356044403,35.05304850289546,1.2537098763156704,0.06840273504946087,0.04629673704288071
8,0.1,complementary,per_column_all,gauss,29.899590848108367,0.8529811849499651,1.0871703140316133,29.89959084810839,0.34852569928923094,28.79827160446571,28.79827160446571,0.7527935443534487,0.34852569928923094,0.011656537410821479,1.0770538701767622,35.05304850289546,0.9384868908763178,28.332098231602785,0.6290057256292705
8,0.1,complementary,per_column_all,pois,3.7850483063790885,0.10798057424496005,0.8718157166955249,3.7850483063790876,3.454283623911559e-05,3.6990786132989526,3.6990786132989526,0.08593515024389622,3.454283623911559e-05,9.126128240133479e-06,1.0464570402847813,35.05304850289546,0.09853256298189228,0.07993748501083128,3.6065782583863655
8,0.1,full_coverage,single_bernoulli,bern,0.3465241599369622,1.0,0.7083445781301405,0.34652415993696223,0.00020149419151477445,0.2013582729357186,0.2013582729357186,0.14496439280972884,0.00020149419151477445,0.0005814722746934274,1.9506050563248065,0.3465241599369622,0.13056060018576657,0.07152815099509001,0.14443540875610544
8,0.1,full_coverage,single_bernoulli,gauss,,,,,,,,,,,,0.3465241599369622,,,
8,0.1,full_coverage,single_bernoulli,pois,,,,,,,,,,,,0.3465241599369622,,,
8,0.1,full_coverage,single_gaussian,bern,,,,,,,,,,,,8.464043401034719,,,
8,0.1,full_coverage,single_gaussian,gauss,8.464043401034719,1.0,0.929183532451523,8.464043401034715,1.8524894762013324,3.5718149708170275,3.5718149708170275,3.0397389540163555,1.8524894762013324,0.21886578180528574,2.8171914711807875,8.464043401034719,2.9393220595091494,2.6465221681660798,2.878199173359487
8,0.1,full_coverage,single_gaussian,pois,,,,,,,,,,,,8.464043401034719,,,
8,0.1,full_coverage,single_poisson,bern,,,,,,,,,,,,3.893413202797423,,,
8,0.1,full_coverage,single_poisson,gauss,,,,,,,,,,,,3.893413202797423,,,
8,0.1,full_coverage,single_poisson,pois,3.893413202797423,1.0,0.9070796737391299,3.893413202797423,0.5266308294769663,2.2839401942593995,2.2839401942593995,1.0828421790610576,0.5266308294769663,0.13526199302416225,2.2739352453466504,3.893413202797423,1.6817654257645487,0.7939517463293175,1.4176960307035555
8,0.1,full_coverage,per_column_all,bern,1.1289817421830124,0.04824439102271902,1.3622216114285874,1.1289817421830126,0.09447367158078038,0.6753497109362829,0.6753497109362829,0.3591583596659493,0.09447367158078038,0.08368042462591552,2.1457286105930335,23.40130569067309,0.3046025219313807,0.6534151243109593,0.1709640959406733
8,0.1,full_coverage,per_column_all,gauss,17.504981046156434,0.7480343737030573,1.0026430982648893,17.504981046156438,3.5271728993693716,9.071611254090943,9.071611254090943,4.906196892696124,3.5271728993693716,0.20149538523172705,2.5792026928165965,23.40130569067309,4.936143402333999,9.020857273535228,3.5479803702872252
8,0.1,full_coverage,per_column_all,pois,4.767342902333643,0.2037212352742237,0.995236283870315,4.767342902333642,1.081680282430158,2.234987487608781,2.234987487608781,1.450675132294703,1.081680282430158,0.22689374450087682,2.748306379054157,23.40130569067309,1.5456207738146461,1.423009832489917,1.7987122960290836
8,0.1,shared,y_only,bern,0.0,,0.0,0.0,,,,,,,,0.0,0.0,0.0,0.0
8,0.1,shared,y_only,gauss,0.0,,0.0,0.0,,,,,,,,0.0,0.0,0.0,0.0
8,0.1,shared,y_only,pois,0.0,,0.0,0.0,,,,,,,,0.0,0.0,0.0,0.0
9,1.0,complementary,single_bernoulli,bern,0.4541229524515022,1.0,0.8294906605985658,0.45412295245150225,0.009061834378029928,0.3955241343231619,0.3955241343231619,0.049536983750310425,0.009061834378029928,0.019954583508962103,1.2972302274306513,0.4541229524515022,0.3365277220338493,0.046010333421385566,0.07158489699626726
9,1.0,complementary,single_bernoulli,gauss,,,,,,,,,,,,0.4541229524515022,,,
9,1.0,complementary,single_bernoulli,pois,,,,,,,,,,,,0.4541229524515022,,,
9,1.0,complementary,single_gaussian,bern,,,,,,,,,,,,35.90955065045396,,,
9,1.0,complementary,single_gaussian,gauss,35.90955065045396,1.0,1.0011432673077276,35.909550650453944,0.06753592201747767,35.374813931214995,35.374813931214995,0.46720079722146973,0.06753592201747767,0.0018807231166682373,1.0302776610181317,35.90955065045396,1.0553866426093221,34.618091683750755,0.2360723240938479
9,1.0,complementary,single_gaussian,pois,,,,,,,,,,,,35.90955065045396,,,
9,1.0,complementary,single_poisson,bern,,,,,,,,,,,,4.795869186518222,,,
9,1.0,complementary,single_poisson,gauss,,,,,,,,,,,,4.795869186518222,,,
9,1.0,complementary,single_poisson,pois,4.795869186518222,1.0,0.982615066013902,4.79586918651822,0.0428874473009295,4.681489764484219,4.681489764484219,0.07149197473307244,0.0428874473009295,0.008942580715398035,1.0491287606503308,4.795869186518222,0.06511170470232974,0.08502063786698268,4.645736843948911
9,1.0,complementary,per_column_all,bern,0.49134944132943714,0.01161751674921217,0.8691713054424386,0.49134944132943714,0.020852103570552984,0.419539206791296,0.419539206791296,0.050958130967588125,0.020852103570552984,0.04243843956377308,1.3484023292783363,42.2938440233157,0.3351032320479253,0.0637861514888343,0.09246005779267777
9,1.0,complementary,per_column_all,gauss,37.319661904079375,0.8823899261439995,1.0115933208596226,37.31966190407938,0.0674825358619317,36.80394467339616,36.80394467339616,0.44823469482129097,0.0674825358619317,0.0018082300969225887,1.028065511037756,42.2938440233157,1.1142554627376309,35.98379435329805,0.22161208804369126
9,1.0,complementary,per_column_all,pois,4.48283267790689,0.10599255710678838,0.9833333994766585,4.482832677906889,0.04234157242661557,4.395795607396143,4.395795607396143,0.0446954980841303,0.04234157242661557,0.009445271654971868,1.039788217453773,42.2938440233157,0.05395514288492356,0.059779483610940945,4.369098051411026
9,1.0,full_coverage,single_bernoulli,bern,0.6474235540846207,1.0,1.0223486398824047,0.6474235540846207,0.06793015016710197,0.411497979721237,0.411497979721237,0.16799542419628172,0.06793015016710197,0.10492381646995691,2.0733161561792226,0.6474235540846207,0.1562935258044855,0.2964387349150226,0.19469129336511287
9,1.0,full_coverage,single_bernoulli,gauss,,,,,,,,,,,,0.6474235540846207,,,
9,1.0,full_coverage,single_bernoulli,pois,,,,,,,,,,,,0.6474235540846207,,,
9,1.0,full_coverage,single_gaussian,bern,,,,,,,,,,,,35.745062919444486,,,
9,1.0,full_coverage,single_gaussian,gauss,35.745062919444486,1.0,1.0193421521876,35.74506291944449,9.451769724482183,15.50690438061098,15.50690438061098,10.786388814351326,9.451769724482183,0.2644216837940055,2.863880654876235,35.745062919444486,13.340227099732857,11.551521586255065,10.853314233456553
9,1.0,full_coverage,single_gaussian,pois,,,,,,,,,,,,35.745062919444486,,,
9,1.0,full_coverage,single_poisson,bern,,,,,,,,,,,,5.0790445262778885,,,
9,1.0,full_coverage,single_poisson,gauss,,,,,,,,,,,,5.0790445262778885,,,
9,1.0,full_coverage,single_poisson,pois,5.0790445262778885,1.0,1.034798215022143,5.079044526277888,1.3501935469774082,2.2020814970076876,2.2020814970076876,1.5267694822927917,1.3501935469774082,0.2658361311840832,2.8652771202011578,5.0790445262778885,2.095007737835976,1.4072391770820485,1.5767976113598656
9,1.0,full_coverage,per_column_all,bern,0.7444110652678866,0.017299714834807654,1.1022869608018542,0.7444110652678867,0.06841740808869493,0.47177971810351393,0.47177971810351393,0.2042139390756779,0.06841740808869493,0.09190810196255475,2.0603326042239187,43.0302506356986,0.17309166465931436,0.35096499175905427,0.2203544088495173
9,1.0,full_coverage,per_column_all,gauss,37.039491040714495,0.8607779525686966,1.0193407021925112,37.03949104071449,8.923962234323792,16.837965322130117,16.837965322130117,11.277563484260579,8.923962234323792,0.24093101669551584,2.797916886194173,43.0302506356986,13.418406185864473,14.02591645902918,9.595168395820815
9,1.0,full_coverage,per_column_all,pois,5.246348529716222,0.12192233259649586,1.0268380354367894,5.246348529716221,1.4201673861388178,2.302277733482138,2.302277733482138,1.523903410095266,1.4201673861388178,0.270696347773074,2.855311355181623,43.0302506356986,2.1582528552180937,1.4968843196662012,1.5912113548319229
9,1.0,shared,y_only,bern,0.0,,0.0,0.0,,,,,,,,0.0,0.0,0.0,0.0
9,1.0,shared,y_only,gauss,0.0,,0.0,0.0,,,,,,,,0.0,0.0,0.0,0.0
9,1.0,shared,y_only,pois,0.0,,0.0,0.0,,,,,,,,0.0,0.0,0.0,0.0
9,0.1,complementary,single_bernoulli,bern,0.5825032038200828,1.0,0.9713765888677143,0.5825032038200826,0.0005284444417299845,0.4073668559554269,0.4073668559554269,0.1746079034229258,0.0005284444417299845,0.000907195768648862,1.7273313497309026,0.5825032038200828,0.2503127787653299,0.1892739756270711,0.1429164494276821
9,0.1,complementary,single_bernoulli,gauss,,,,,,,,,,,,0.5825032038200828,,,
9,0.1,complementary,single_bernoulli,pois,,,,,,,,,,,,0.5825032038200828,,,
9,0.1,complementary,single_gaussian,bern,,,,,,,,,,,,40.20188140058835,,,
9,0.1,complementary,single_gaussian,gauss,40.20188140058835,1.0,1.022025807496212,40.20188140058837,0.21999331659871266,39.59623950969041,39.59623950969041,0.3856485742992476,0.21999331659871266,0.005472214456995363,1.0306952439851345,40.20188140058835,1.1285220354707084,38.838634033044706,0.23472533207296586
9,0.1,complementary,single_gaussian,pois,,,,,,,,,,,,40.20188140058835,,,
9,0.1,complementary,single_poisson,bern,,,,,,,,,,,,3.6718704569704688,,,
9,0.1,complementary,single_poisson,gauss,,,,,,,,,,,,3.6718704569704688,,,
9,0.1,complementary,single_poisson,pois,3.6718704569704688,1.0,0.840495077415714,3.6718704569704683,7.313113582968405e-06,3.5597149596320494,3.5597149596320494,0.11214818422483568,7.313113582968405e-06,1.991658929330039e-06,1.062951398523804,3.6718704569704688,0.06832169470099862,0.12010697047874044,3.48344179179073
9,0.1,complementary,per_column_all,bern,0.5396542900435731,0.010112298458423603,0.8951243482882343,0.539654290043573,0.008320039103923704,0.4937395029476094,0.4937395029476094,0.03759474799204001,0.008320039103923704,0.015417350065450093,1.1874142830299454,53.366135529162314,0.4293893299671802,0.06568436505923196,0.04458059501716155
9,0.1,complementary,per_column_all,gauss,49.66122508181993,0.9305756279594611,1.1342767278652086,49.661225081819936,0.14650512372481994,48.88020367917949,48.88020367917949,0.6345162789156267,0.14650512372481994,0.002950090809951702,1.0320286822328424,53.366135529162314,1.4214060680970735,47.84795309806141,0.39186591566149687
9,0.1,complementary,per_column_all,pois,3.1652561572988036,0.05931207358211513,0.7991429732356115,3.1652561572988054,0.023581242034746343,3.0601330636307553,3.0601330636307553,0.0815418516333035,0.023581242034746343,0.0074500264316270425,1.0690624522864978,53.366135529162314,0.3053891762654866,0.06595070886136489,2.793916272171952
9,0.1,full_coverage,single_bernoulli,bern,0.47691335995215856,1.0,0.8454028091818735,0.47691335995215856,0.03936236591613395,0.28391943954472254,0.28391943954472254,0.15363155449130206,0.03936236591613395,0.08253567465604775,2.150542830918158,0.47691335995215856,0.048726367119974565,0.20083003773818733,0.2273569550939963
9,0.1,full_coverage,single_bernoulli,gauss,,,,,,,,,,,,0.47691335995215856,,,
9,0.1,full_coverage,single_bernoulli,pois,,,,,,,,,,,,0.47691335995215856,,,
9,0.1,full_coverage,single_gaussian,bern,,,,,,,,,,,,14.238055932133005,,,
9,0.1,full_coverage,single_gaussian,gauss,14.238055932133005,1.0,0.965206884162099,14.238055932133005,3.525641576230691,6.686018575458514,6.686018575458514,4.026395780443799,3.525641576230691,0.24762099496138967,2.7639598476197347,14.238055932133005,6.050511941453994,3.910892543126171,4.276651447552843
9,0.1,full_coverage,single_gaussian,pois,,,,,,,,,,,,14.238055932133005,,,
9,0.1,full_coverage,single_poisson,bern,,,,,,,,,,,,4.435505217452109,,,
9,0.1,full_coverage,single_poisson,gauss,,,,,,,,,,,,4.435505217452109,,,
9,0.1,full_coverage,single_poisson,pois,4.435505217452109,1.0,0.9517989949260576,4.435505217452109,0.939423617326921,1.9289133789660464,1.9289133789660464,1.5671682211591413,0.939423617326921,0.21179630532969027,2.7869440789632596,4.435505217452109,1.3646218469317597,1.8538102476052367,1.2170731229151108
9,0.1,full_coverage,per_column_all,bern,0.9976136657859925,0.04119008558578817,1.2970102918012951,0.9976136657859923,0.06699908893764055,0.6627287137352169,0.6627287137352169,0.2678858631131349,0.06699908893764055,0.06715935360092909,1.930762768201433,24.219752195178724,0.2134777420517348,0.4680053586350107,0.3161305650992471
9,0.1,full_coverage,per_column_all,gauss,18.07327822053086,0.7462206084886613,0.985453249770026,18.073278220530863,4.181137879971722,8.66426165726217,8.66426165726217,5.2278786832969715,4.181137879971722,0.2313436350037503,2.7247061555698244,24.219752195178724,7.17693764618803,6.189727282688551,4.706613291654279
9,0.1,full_coverage,per_column_all,pois,5.148860308861873,0.2125893059255505,1.0122999000698836,5.148860308861872,1.2914020425377857,2.3505416532964682,2.3505416532964682,1.5069166130276186,1.2914020425377857,0.25081318293198035,2.801351091748836,24.219752195178724,2.170110838780839,1.5245926280524216,1.454156842028613
9,0.1,shared,y_only,bern,0.0,,0.0,0.0,,,,,,,,0.0,0.0,0.0,0.0
9,0.1,shared,y_only,gauss,0.0,,0.0,0.0,,,,,,,,0.0,0.0,0.0,0.0
9,0.1,shared,y_only,pois,0.0,,0.0,0.0,,,,,,,,0.0,0.0,0.0,0.0
